step,GRU,LSTM,CNN-Transformer
0,10.0,9.932150526951277,10.0
1,9.988587909753965,9.977849387041301,10.0
2,10.0,9.957056560988802,9.942787365143163
3,10.0,10.0,10.0
4,9.970310319269831,10.0,9.916179304367027
5,9.965821253729683,9.964812492609294,9.991867676548303
6,10.0,10.0,9.893071935755492
7,10.0,9.98040435008743,10.0
8,9.940598184799176,9.982096382057433,10.0
9,9.986718990645432,10.0,10.0
10,9.931941428093518,10.0,10.0
11,9.927349388101758,10.0,10.0
12,9.95825979006372,9.968071572391752,10.0
13,9.84602570149814,10.0,10.0
14,9.850974094773465,10.0,10.0
15,9.904638116910196,10.0,10.0
16,9.877645677516824,10.0,10.0
17,9.939536572396465,10.0,10.0
18,9.873962205179891,10.0,10.0
19,9.84428965691934,10.0,10.0
20,9.983730942188592,10.0,10.0
21,9.894705578086766,10.0,10.0
22,9.904918919212715,10.0,10.0
23,9.825855440920545,10.0,10.0
24,9.865426279531116,10.0,10.0
25,9.893746333930427,10.0,10.0
26,9.826207536311472,10.0,10.0
27,9.898101347776878,10.0,10.0
28,9.844845963869817,10.0,10.0
29,9.855856881101777,10.0,10.0
30,9.835922125816094,10.0,10.0
31,9.954189469991043,10.0,10.0
32,9.856471019260669,10.0,10.0
33,9.799832868068256,10.0,10.0
34,9.889420407319346,10.0,10.0
35,9.782827938487108,10.0,10.0
36,9.849892470974945,10.0,10.0
37,9.737047165132134,10.0,10.0
38,9.764204957740333,10.0,10.0
39,9.836043118491451,10.0,10.0
40,9.858711388760568,10.0,10.0
41,9.825946682330159,10.0,10.0
42,9.807188267005724,10.0,10.0
43,9.793510112442863,10.0,10.0
44,9.73023601594252,10.0,10.0
45,9.763768924320292,10.0,10.0
46,9.772330415411504,10.0,10.0
47,9.843821883330541,10.0,10.0
48,9.803752302299607,10.0,10.0
49,9.69402719249753,10.0,10.0
50,9.793993406724734,10.0,10.0
51,9.754147296670853,10.0,10.0
52,9.735169706463447,10.0,10.0
53,9.795216208961858,10.0,10.0
54,9.811801149843829,10.0,10.0
55,9.802436148936897,10.0,10.0
56,9.709534425050089,10.0,10.0
57,9.731660028522668,10.0,10.0
58,9.759311351769622,10.0,10.0
59,9.787155155126866,10.0,10.0
60,9.710051090044308,10.0,10.0
61,9.720360939771703,10.0,10.0
62,9.669963408983932,10.0,10.0
63,9.661108276879624,10.0,10.0
64,9.757185529832487,10.0,10.0
65,9.780014049910296,10.0,10.0
66,9.704246530222271,10.0,10.0
67,9.753670845977226,10.0,10.0
68,9.717225342989941,10.0,10.0
69,9.662539069448169,10.0,10.0
70,9.708518526593519,10.0,10.0
71,9.763006436393304,10.0,10.0
72,9.67997133939261,10.0,10.0
73,9.755655027857616,10.0,10.0
74,9.542097962936994,10.0,10.0
75,9.709844884706158,10.0,10.0
76,9.668768821432705,10.0,10.0
77,9.645134975135065,10.0,10.0
78,9.660344421144075,10.0,10.0
79,9.55205114018534,10.0,10.0
80,9.636121357979032,10.0,10.0
81,9.660638109178304,10.0,10.0
82,9.712356871767266,10.0,10.0
83,9.608230507159568,10.0,10.0
84,9.589403345007701,10.0,10.0
85,9.600426337509296,10.0,10.0
86,9.66697261648838,10.0,10.0
87,9.633330542301687,10.0,10.0
88,9.586097607069068,10.0,10.0
89,9.633943772498254,10.0,10.0
90,9.608831213965303,10.0,10.0
91,9.648108672674235,10.0,10.0
92,9.560275005022564,10.0,10.0
93,9.574697937799844,10.0,10.0
94,9.567181170656733,10.0,10.0
95,9.509318510787033,10.0,10.0
96,9.59301009755077,10.0,10.0
97,9.586968817361509,10.0,10.0
98,9.569885840118667,10.0,10.0
99,9.553617066559402,10.0,10.0
100,9.490296283403906,10.0,10.0
101,9.535753091912673,10.0,10.0
102,9.535372308965504,10.0,10.0
103,9.508118986198715,10.0,10.0
104,9.535895516002705,10.0,10.0
105,9.559891432342937,10.0,10.0
106,9.62972940740121,10.0,10.0
107,9.53988235967582,10.0,10.0
108,9.539766478052323,10.0,10.0
109,9.518904283932116,10.0,10.0
110,9.422427770816403,10.0,10.0
111,9.512782519261451,10.0,10.0
112,9.512863733510619,10.0,10.0
113,9.628760466080584,10.0,10.0
114,9.491728576059653,10.0,10.0
115,9.512174380594479,10.0,10.0
116,9.491113938445924,10.0,10.0
117,9.430170261716023,10.0,10.0
118,9.541502063139648,10.0,10.0
119,9.51771645395541,10.0,10.0
120,9.515432399610392,10.0,10.0
121,9.426174548425914,10.0,10.0
122,9.537548873530891,10.0,10.0
123,9.393083958515243,9.957451183945627,10.0
124,9.488288835809813,10.0,10.0
125,9.564240346611781,10.0,10.0
126,9.400964446945665,10.0,10.0
127,9.417952187225838,9.807532701125156,10.0
128,9.447027564030947,10.0,10.0
129,9.412651245652638,9.94489330824102,10.0
130,9.356073998843323,10.0,10.0
131,9.432819569576953,9.935897901522102,10.0
132,9.372062592938263,9.943663037901766,10.0
133,9.444645864238735,9.991432871425845,10.0
134,9.3707856003193,9.903054375310617,10.0
135,9.490046205795124,9.95013649544338,10.0
136,9.369181597578109,9.867669507981677,10.0
137,9.388038065121421,9.792925344279354,10.0
138,9.440615981572302,10.0,9.99023349618174
139,9.334197984639305,9.82487730336818,9.99365071278593
140,9.40291737588374,9.925625986317154,10.0
141,9.452706793446325,10.0,9.978630650883655
142,9.302782867420268,9.85982626540181,9.833114495126623
143,9.388198191280372,9.82762637293374,9.929104180063806
144,9.387772202013274,9.921533483697297,10.0
145,9.409682863531373,9.999418046879708,10.0
146,9.30455993468823,9.759360279603913,9.850665177852397
147,9.296202481469459,9.84990020915914,9.839372400422418
148,9.38414232285243,9.680248674450384,9.923573981021647
149,9.368716500192509,9.80272505711551,9.744111838007786
150,9.36221601947427,9.833980472483741,9.863533816362393
151,9.362839985280837,9.733584163339808,9.749191834179774
152,9.307344622955515,9.761809809775778,9.986519611431412
153,9.348788913457451,9.65512839904939,9.80434744067496
154,9.347662306123391,9.792084719853106,9.98700359362208
155,9.293125648668413,9.878359756104961,9.932729182350455
156,9.417968564449092,9.651481100886002,9.78080438976154
157,9.344210185429567,9.687329149803004,9.735610984081985
158,9.256794145145648,9.78825147117889,9.794741758028637
159,9.345029860149149,9.847610119679656,9.790715032092441
160,9.259313033968356,9.565493947065315,9.815647540945259
161,9.343248362440931,9.686358009522971,9.714713020102153
162,9.357673001951843,9.719988785359398,9.825444435866364
163,9.254560272767401,9.669928932991207,9.775875102168369
164,9.339616434729354,9.420937859676679,9.716356882398546
165,9.307941987058065,9.707236153859254,9.675592471923505
166,9.324263332980847,9.797602422688634,9.706763703217389
167,9.373859429173827,9.645912088649615,9.645236670529318
168,9.262611899055978,9.519751854476883,9.704337555396997
169,9.23305809017361,9.560209615015122,9.695614577326285
170,9.22213483813184,9.777220755752143,9.698880317378977
171,9.221687773239157,9.679983918924494,9.808458486183614
172,9.254492995510653,9.64180350563065,9.645833837644822
173,9.271277537803185,9.602314078801953,9.726126364104188
174,9.263928400664872,9.489493694670536,9.653517254790545
175,9.287329007309701,9.524551268089615,9.605548842003316
176,9.242497985103826,9.525887247159911,9.604603921988806
177,9.310404700481843,9.577781972635579,9.599032714009976
178,9.22037732050817,9.662939038354482,9.615799994117479
179,9.365502844448223,9.613184828937522,9.506433925469263
180,9.256664034829303,9.348801342772969,9.45579826196269
181,9.178411127287761,9.502616539475605,9.6153036912063
182,9.163614773190336,9.543462711449118,9.624836283538828
183,9.23717546613026,9.521337346556042,9.602759323022944
184,9.197773206639521,9.386291969983397,9.545727393520941
185,9.24054292338476,9.730492851122591,9.585031328313445
186,9.224403383893941,9.301346020232245,9.5711573699753
187,9.193000711202949,9.310817513283208,9.567632420951925
188,9.150205174263483,9.432690409261784,9.426510492571115
189,9.112707250399975,9.611321693592503,9.398285244323748
190,9.162030662610732,9.306451569458224,9.445842657645601
191,9.223085194599214,9.354040251895654,9.466546645411226
192,9.186880831824867,9.479029996274615,9.439718367373892
193,9.109802139462149,9.360320549458775,9.300200109869088
194,9.176663101492013,9.31958414837519,9.579465657084745
195,9.183186942988659,9.400680210596686,9.411336098440012
196,9.115647261975232,9.362578654657558,9.438743208960753
197,9.163447488825714,9.429721094001692,9.516298277556201
198,9.154594808134236,9.447317708486885,9.22108732373294
199,9.09046103392504,9.3405107365284,9.359846349346354
200,9.16142613034105,9.330772024883867,9.362057941888224
201,9.167505238033346,9.3149495278466,9.35851934026765
202,9.18954985813154,9.334545102051603,9.364095976272415
203,9.184020716681733,9.283399188908447,9.48645290899689
204,9.058382496622036,9.270230277476152,9.417424978623702
205,9.076312095780574,9.382524156550518,9.433218551672386
206,9.144894524694081,9.40720703122982,9.353536463510618
207,9.14077350222231,9.09774000376156,9.231174025961835
208,9.136780061106146,9.242565414706268,9.170273251006245
209,9.299609751194685,9.165932106500106,9.207991789128958
210,9.131465228811049,9.197114967144598,9.352993370126487
211,9.15564853763008,9.262048608059368,9.320795706958789
212,9.142521920857975,9.282501932863253,9.295659289618811
213,9.123344996016371,9.198284650796278,9.27738257118963
214,9.070967594680733,9.012282336219517,9.462382667155788
215,9.120637163081888,9.101412473567656,9.23037045863287
216,9.040007107147035,9.282050887658425,9.365369334270548
217,9.06276912301574,8.913026960919884,9.286422638005059
218,9.046305580092664,9.300667286725645,9.276706553471708
219,9.070633186228296,9.229090242970424,9.371212533509594
220,9.17824014600243,9.303816571208245,9.389772822241987
221,8.965113712075787,9.147764077587269,9.249485611153148
222,9.088761749880005,8.957093992311052,9.328656466538426
223,8.969786729069929,9.202076957067296,9.290094859031507
224,9.022801724213743,9.282505820791247,9.258035479492206
225,9.096823653825009,9.243707121718794,9.270432479437158
226,9.041569941998914,9.081355725105439,9.195898453980941
227,8.9804505288042,9.152887216794333,9.223494586353011
228,8.994556417478675,9.087710747152443,9.19877212307879
229,9.06028733320986,9.05604866805493,9.314771166073895
230,8.985776963575626,9.230693355301252,9.232681266082839
231,9.029108079612802,9.01277918234236,9.134315291499673
232,9.016555601672446,9.040727826092793,9.17829163415505
233,8.977690855409808,9.017483431049014,8.978459108493562
234,9.113463942936967,8.976837486256454,9.193274259007216
235,9.033960556833932,9.13867980040221,9.234478547854293
236,8.897007344198675,9.238564786683186,9.219409328211343
237,9.003589056649712,9.102502904368379,9.387745785258275
238,8.957180883619131,8.969191815198375,9.274559078527995
239,9.028897737111265,9.202736831193755,9.270435668323827
240,8.942657893532783,9.286487870985576,9.096170458530743
241,8.97255696403506,9.052668007810704,9.198292304467422
242,8.999555000284904,9.069010194672773,9.18856116818722
243,9.013607239848312,9.168203432611154,9.164836587983888
244,8.906320496170855,9.27879431109767,9.164159340220953
245,8.945628082699304,9.064790279115313,9.084123857372505
246,8.93462569748934,8.983891956929611,9.127525821512068
247,8.92172830956802,9.180837735700837,9.300537633009077
248,9.038691279958813,9.198356457587323,9.220387903485069
249,8.966693437845542,9.120010464192758,9.19271369711586
250,8.879427925544606,9.064724536702684,9.234390670181927
251,8.984394977196036,9.221308057749022,9.330004296088767
252,9.040641430901376,9.176196712658491,9.238929953873757
253,8.982190608919197,9.048261844510337,9.283992469532313
254,8.850634555076711,9.131915184901919,9.175391610094577
255,8.898429038864679,8.99392190563367,9.196173691347823
256,8.982025969761125,9.199953808309159,9.276711484899032
257,8.879338588484805,9.107597117530858,9.402718485421827
258,8.932956661317561,9.092887088778348,9.368783017920869
259,8.945542998417684,9.13598871177064,9.304302405842375
260,8.856512354706148,9.146303442072947,9.273244515809923
261,8.895932168735557,9.234938875192045,9.376845703199947
262,8.732896602515938,9.207902894889985,9.332139536172502
263,8.839794094173458,9.136673683303448,9.089050220821646
264,8.874440548144701,9.232372944043691,9.192377375529087
265,8.820737247857586,9.199940004257211,9.30806036205954
266,8.960806394175522,9.121232913015774,9.142535471400299
267,8.803740151900518,9.155611855953042,9.218333694253282
268,8.849308357095156,9.157614059159835,9.238965438265796
269,8.873912938753453,9.22747465877303,9.27942668052737
270,8.935506869645616,9.144915494749842,9.282051910992482
271,8.78771935879734,9.147400617092057,9.287197615846589
272,8.913741880006222,9.388293024509489,9.381784752088175
273,8.852168535387579,9.290515947676884,9.30012449026613
274,8.798656602636587,9.125754097147233,9.29630089588119
275,8.866914323687585,9.264323936609024,9.225010354597607
276,8.849841210490858,9.224621620766955,9.420905738931731
277,8.805958417564108,9.257636749460282,9.291390402247044
278,8.835542360373765,9.238046104959992,9.264435260549092
279,8.8088715289965,9.349238928420432,9.374864767004285
280,8.829899985851815,9.270928715528983,9.303011380073194
281,8.85341951812104,9.236376077553528,9.328965871048556
282,8.895704646086278,9.35314539330128,9.39851743526279
283,8.750605805322682,9.278716173407284,9.358640487967559
284,8.91524297710604,9.274113581968422,9.576723045488139
285,8.70708359865417,9.300059488949794,9.39295665952136
286,8.793197365307622,9.266097964467543,9.455628781457373
287,8.82630306200943,9.283289977100834,9.258231754001851
288,8.807039325919597,9.230709599565362,9.352184270745514
289,8.757959235636932,9.221374042165145,9.341651954248482
290,8.774794525478809,9.203841871644878,9.35991996100034
291,8.756658963932638,9.171801645117577,9.477271584732817
292,8.747951090814576,9.230418658194846,9.534721314041208
293,8.816011695863914,9.308439872406137,9.487379873366448
294,8.787496571045128,9.343736646248837,9.449693318118968
295,8.731116465129347,9.313932011270118,9.425450407345032
296,8.806860028250071,9.113202870993243,9.573175485815185
297,8.77336504057832,9.514014456546983,9.658027685674565
298,8.794765140032572,9.473053729253019,9.51143874477525
299,8.78172738427349,9.416895113874915,9.584153888164643
300,8.704922037279417,9.571041318155864,9.544904736027032
301,8.71449051805687,9.290584842536393,9.586361646802013
302,8.775993968189011,9.585164799495521,9.441295688041254
303,8.765279453728017,9.308010070385766,9.503994861363736
304,8.729849446971905,9.43657872715107,9.58331391839701
305,8.732896414772991,9.293535015350532,9.657346594819082
306,8.787050741091965,9.43063840194686,9.503603968947122
307,8.689728308347659,9.47606837804071,9.415130656500518
308,8.74280305816162,9.43029396933327,9.546701848331425
309,8.701481796657175,9.525486595041464,9.676166450637455
310,8.69685253719116,9.472356743539978,9.47745793701851
311,8.758822534959721,9.418586891038942,9.518846201077595
312,8.741303530788567,9.422532725615401,9.634316115708296
313,8.736859141126219,9.56869976226538,9.621416399068607
314,8.757610469716882,9.430633146122734,9.687107524770546
315,8.689541514557956,9.59594724729067,9.55010880940653
316,8.718745686281084,9.635074367996106,9.631262044036562
317,8.665293336288734,9.354320679918928,9.761721184060072
318,8.693175548346606,9.642862225876362,9.579509320226746
319,8.666622553849425,9.743974030660178,9.8019133159491
320,8.674143898945538,9.571474978545439,9.607166957839866
321,8.695218263419406,9.61450255350028,9.769287518303866
322,8.620717605802685,9.666586923208522,9.680249709954555
323,8.762418146972633,9.543599181539339,9.627211895303267
324,8.603669971787113,9.59760127990406,9.68773561949235
325,8.589435381389196,9.456140041081596,9.779725757669654
326,8.704226239406315,9.609567210827086,9.744183959810492
327,8.682081625712401,9.653611701549467,9.842763769186194
328,8.669884187774468,9.663462799781152,9.876648559506153
329,8.66627708796227,9.726380308574692,9.675595382989508
330,8.630430998148897,9.550290463943135,9.678126293021004
331,8.582366050270013,9.582380545435306,9.682572004927273
332,8.627206335614282,9.832996400762504,9.723281407050955
333,8.58574726684335,9.636147417909822,9.891745988380343
334,8.664552488705581,9.678844633491172,9.856355925098992
335,8.60463668652449,9.659723956135778,9.775965611617362
336,8.566909652322304,9.591759615940996,9.826639491321671
337,8.588312078687778,9.843698749664782,9.94774741184602
338,8.621226703188091,9.635905601996782,9.99583089698146
339,8.568594562683064,9.583185318193756,9.871636045811302
340,8.551872329589132,9.65798264783903,9.645742752274085
341,8.601372167232116,9.509930061025422,9.889769343064488
342,8.597642489800016,9.651913623473147,9.948165077477631
343,8.556255253411662,9.627065525534919,9.898648970588638
344,8.554260643235583,9.792348196043104,9.945983669306298
345,8.585627096173843,9.669878458238113,9.923499397865216
346,8.497834316526744,9.83249914089905,9.803118542514044
347,8.496081171738103,9.889947088260422,9.837828185712985
348,8.526749867863261,9.834474048789588,9.889750054476128
349,8.5482193304773,9.740950254051459,10.0
350,8.570658565202768,9.782604749029954,9.867222573893745
351,8.625104385408653,9.621867628827024,9.971295476351985
352,8.590444831193768,9.766726627101695,9.9653142575818
353,8.535792085898487,9.699661841811116,10.0
354,8.539067250311811,9.860599253394609,9.949660804457897
355,8.486122525789895,10.0,9.818389560886551
356,8.531556154599294,9.851638799495282,10.0
357,8.514283579950526,9.607566239133062,10.0
358,8.541089022590224,9.77542970580444,10.0
359,8.479830011310804,9.82852055273527,9.917372818567278
360,8.543399228413506,9.829569674450601,9.898849690161688
361,8.59031107192262,9.752156362808732,9.914028740117587
362,8.504480220839262,9.854009463379281,10.0
363,8.526249793836264,9.709309352502979,9.97331609809606
364,8.536919263327173,9.742981972755983,9.950861373518247
365,8.478600771760682,9.905798074474653,9.995400521641248
366,8.506118025724339,9.743227370861469,9.986755415775281
367,8.491796501680144,9.902018086394772,10.0
368,8.492306039367488,9.714479627310913,9.938496376923785
369,8.445028969901863,10.0,10.0
370,8.481164063382078,9.779927055665407,10.0
371,8.501099434790575,9.837682703828248,10.0
372,8.545019535227146,9.895624546524585,10.0
373,8.516690598866374,9.80835898538765,10.0
374,8.572652750344213,9.881380665530688,10.0
375,8.422894685479202,9.92653566083938,10.0
376,8.501148396930159,9.966833636859425,10.0
377,8.462971631234696,9.951505439800851,9.912141236887315
378,8.559568706913486,9.85656781647994,10.0
379,8.405939537809349,9.860287438947925,10.0
380,8.400646113381223,10.0,9.956626186925943
381,8.408942187289306,9.971764385022436,9.885545041153062
382,8.328998507145254,9.78521421104089,9.865817209467055
383,8.405188874874307,9.887821059408736,10.0
384,8.389805183347455,9.84453735315796,10.0
385,8.431568553156241,9.86455069354619,10.0
386,8.437425566040831,9.754969424011335,10.0
387,8.510437067716792,9.836363238218112,10.0
388,8.460442330326496,10.0,10.0
389,8.380370421525589,9.934139933532682,10.0
390,8.360591188936748,9.626155531872156,10.0
391,8.426406050652966,9.995783689167059,9.927034164604802
392,8.332098451752646,9.981714081564904,9.986372620758878
393,8.48598491995,9.835262414414286,10.0
394,8.449687705849986,9.941157125082709,9.994983311229548
395,8.363562483044287,9.781530749838165,10.0
396,8.297671951785935,9.818285217899902,10.0
397,8.447331555371914,10.0,10.0
398,8.3702220477337,9.833219653527099,10.0
399,8.43415280291499,9.67066192792935,10.0
400,8.288855394762118,9.848348801033557,9.994795304355058
401,8.334924659083901,9.843666448153407,10.0
402,8.361474068970642,9.968011064975276,10.0
403,8.359881227729126,9.846060227716949,9.986970857517749
404,8.331351077906168,9.79872496770819,9.942422729227687
405,8.381320840000372,9.941450519945663,9.931352208716179
406,8.293123151361359,9.844891663746656,10.0
407,8.335712864652999,9.75348514878986,9.93426679271213
408,8.34517612227123,9.939470080879449,10.0
409,8.361214618960515,9.838628707382744,10.0
410,8.367406591607176,9.81465787500783,10.0
411,8.27192874651249,9.82707072504999,9.973272368948164
412,8.247791978009504,9.696940910606722,9.90113482907075
413,8.384720194207576,9.745784955047029,9.8825988170302
414,8.333792550487118,9.793267443756143,9.909526987055758
415,8.27609484913005,9.767619547375679,10.0
416,8.387420929183579,9.908325060112736,10.0
417,8.311993044037537,9.796640445123657,10.0
418,8.361521979993894,9.854031056085123,9.840532563404649
419,8.302282678968336,9.762946072815195,9.953516659628606
420,8.398295609975783,9.860928302418753,9.865214507572748
421,8.379378538502287,9.788174232303618,9.972995876910208
422,8.275518394507532,9.74271670483153,9.972615106446765
423,8.332902077022252,9.732832922734898,9.833758816440113
424,8.312951075577757,9.63133956532658,9.998054367959957
425,8.345474424769689,9.769935128325377,10.0
426,8.22515906191939,9.707523519114828,9.973073708718095
427,8.304072014354988,9.653487980451887,9.885860453305918
428,8.319056689546613,9.806321787740595,9.86600909725975
429,8.17456633126595,9.562490257087964,9.86690102685793
430,8.199710035962653,9.636948959393813,9.814911269766323
431,8.153282823435053,9.773510238550962,9.887958791633745
432,8.23814737513909,9.693686341959964,9.76854275486131
433,8.283869927093843,9.648602510389505,9.700155437369805
434,8.319487576349815,9.669604642011159,9.860472422241227
435,8.244453183299441,9.653426032145976,9.8360404031603
436,8.3185597522776,9.474666098331166,9.77995303735907
437,8.16450624209116,9.582124333721488,9.714206221018882
438,8.144726341414882,9.769294361011898,9.831050289142217
439,8.223504034292445,9.532178082621328,9.719582207299124
440,8.241872454109272,9.556628495035447,9.77848590551951
441,8.217424012349964,9.524527640922615,9.92148746558365
442,8.112078017609765,9.560105603632952,9.82295945038794
443,8.207387297355774,9.500501852373228,9.651797808229407
444,8.143014803986691,9.597388253176295,9.649697405850933
445,8.23811868819356,9.55824176945797,9.754084527077014
446,8.21936355595583,9.605561314176901,9.622066612387194
447,8.150440037491997,9.41271184108754,9.562010776350549
448,8.16814286345745,9.473278115182003,9.75470192437403
449,8.137279514204849,9.47415646419567,9.727660730559696
450,8.183512013970736,9.531623933629737,9.727821394837495
451,8.23081066005608,9.39598521721454,9.702521580052103
452,8.130176612674292,9.556042051366065,9.665880385435011
453,8.201076406592774,9.572212495830925,9.607681567250745
454,8.145774159692634,9.343706621858075,9.691427511051526
455,8.129058151864308,9.382461891685319,9.761939860247088
456,8.159766820521355,9.367247537353332,9.588799510444208
457,8.109774558719392,9.672510801383401,9.536527249813272
458,8.130274336278486,9.355057476128543,9.51660936166786
459,8.094484823111124,9.554532999348574,9.527260607894835
460,8.249038679175825,9.248781757539462,9.601938553293925
461,8.148991092618674,9.265109785853943,9.40364753452895
462,8.108668918917555,9.28400368610847,9.598997773247877
463,8.150783255064828,9.256647720540675,9.604386835366164
464,8.130898707275612,9.302946485094377,9.398004375429084
465,8.121899264144341,9.24734939148138,9.45246420542275
466,8.160090496720997,9.224759015668361,9.526096224758023
467,8.163693747164592,9.410985421204693,9.497146357418723
468,8.095731285679728,9.405945695700101,9.539080188053127
469,8.089905192990171,9.366911149075904,9.475090553517061
470,8.101385061801038,9.31278760828511,9.576426417725818
471,7.996484908842505,9.258063277873019,9.438409705085856
472,8.032266512285297,9.187486205240193,9.374318063940633
473,8.172816654089946,9.130276871031796,9.356745843634936
474,8.183169977833552,9.250302581767732,9.489526206452712
475,8.08492021685187,9.085061400514416,9.421936988268508
476,8.122652067996723,9.091468804919282,9.459158169894835
477,8.105840702041446,9.294607696532044,9.44642331370704
478,8.240677981776953,9.357859740843711,9.22472113416468
479,8.139170205649364,9.195629777414698,9.284065084087603
480,8.073254870024943,9.255482324617974,9.282615177576776
481,8.02833478700303,9.10882298762865,9.288008398579423
482,7.99225232148223,8.988250406327863,9.308732255953366
483,8.079212415894226,9.17188770380835,9.411402509515867
484,8.02768806070225,9.156298801512877,9.416505600233725
485,7.9908610427286195,9.095286542182553,9.286402706092572
486,8.026114979731881,9.052686308906244,9.278992814382203
487,8.000837884109735,9.162007269015549,9.231980084661426
488,8.135745790119392,8.956137267704088,9.284931301111634
489,8.091945883135757,8.966322666625588,9.283445252276225
490,8.04394221211098,8.931949784697993,9.321278479774216
491,8.114816761095092,9.03039073587969,9.310225680551856
492,8.041168439711676,8.90231414270469,9.051848285544377
493,7.990718043766629,8.93196990609678,9.213561956908762
494,8.106422445645872,8.919193567697906,9.326325697820407
495,8.053697489482564,8.953171219878943,9.17046857321366
496,7.971377181785987,8.820049041792213,9.28666868904453
497,8.010211813612013,8.967156461193898,9.161119817989276
498,7.972438847793066,9.072914344944591,9.189835000130623
499,7.943572540915172,8.951583138005633,9.075197031096312
500,8.055515925019225,9.082121559035446,9.068620988521422
501,8.101174152147204,9.051453507519785,9.205121586141704
502,7.932272965339658,8.986003572820179,9.208261244797162
503,8.026849580322436,8.9059904556476,9.130579041022807
504,7.962670514164423,8.891182380792763,9.021130402557148
505,7.967349646365586,8.955844652789885,9.11382618293928
506,7.958591240201697,8.830954958151192,9.202015101669822
507,7.94151816584224,8.672655394424927,9.23210821574724
508,7.9836522998155255,8.901024478092378,9.058716009524579
509,7.936188971996375,8.729767958698302,8.94277110795689
510,7.9877713229387215,8.73784853338419,9.134434601310467
511,7.968250323572228,8.825412855785988,9.03691341327001
512,7.955330316786915,8.807348577069785,9.126361459007157
513,7.918416767933172,8.667269678753907,9.065477303101163
514,7.931475357360625,8.816790854520463,8.96453759821763
515,7.994604198112637,8.888771061204315,9.03224521539953
516,7.978402948343572,8.671391867146808,9.124778807823446
517,7.901003517202736,8.903699350701515,9.000861555642118
518,7.951373822664792,8.612817462855274,8.922850132292636
519,7.980504228114426,8.973111428374038,8.871544623306356
520,7.855994008176028,8.712960722408823,8.930027876222287
521,7.963163417003457,8.761521776435139,8.9523206043822
522,7.89939708858842,8.550797801176,9.04422966072652
523,7.957592812248727,8.726998547322475,8.882629926830191
524,7.887436255541057,8.749443356691383,9.09043814692079
525,7.831893174283909,8.711535909604216,8.85317994314687
526,7.8372999539062835,8.657576926690963,9.14086106465789
527,7.917622849286125,8.613139296984908,9.086751519092333
528,7.924747981996429,8.814938720946733,8.95455078751547
529,7.863091008552936,8.699238402180406,8.806170777327614
530,7.93678317272157,8.844687526845272,8.928464078520719
531,7.818325982857222,8.63260320315966,8.897047019143088
532,7.894648157576807,8.636597171970132,8.82133366346328
533,7.833953223547624,8.756648751529086,8.942027240106409
534,7.858465837798257,8.507993354605679,8.84851368613187
535,7.889982909171252,8.544336155849614,8.853061452672367
536,7.841149361661578,8.771013950684866,8.889999734212333
537,7.861501028077173,8.539847469715413,8.85653387062699
538,7.927603941294513,8.471104667400567,9.06520515544248
539,7.84500692222512,8.836025863641199,8.852715974193927
540,7.912200054634935,8.506150120179333,8.927659508735456
541,7.810495757233098,8.660498745638959,8.901042890897257
542,7.8900386765413515,8.64574716463155,8.914830091951261
543,7.932195982245246,8.354725231206086,8.91834370658534
544,7.733106124802173,8.606203936229333,8.952130271760318
545,7.813416099803323,8.675123198294722,8.90074041653916
546,7.878688695019435,8.663258126913904,8.895418852352922
547,7.836258757900627,8.71592399503452,8.880307234988765
548,7.861545971016504,8.584767217628832,8.862957206646463
549,7.809368778904514,8.69291108259179,8.799688236421147
550,7.840478598398361,8.551071989916641,8.866563997959604
551,7.824948027076837,8.477502404800243,8.889736250748477
552,7.887705479934162,8.487520492267105,8.901809351503909
553,7.838623614350095,8.47002626371746,8.88346009107622
554,7.839370607098336,8.716339463851453,8.850001608843593
555,7.798486233120646,8.463266354992149,8.86387159935662
556,7.791291082425396,8.64166933268599,8.824145158428424
557,7.790636500358174,8.587413219142377,8.893692129258717
558,7.828581736054342,8.603678882280532,8.85133919567818
559,7.784406326295503,8.750439866149026,8.884066868827711
560,7.8165424159463495,8.570568398702813,8.950475378894945
561,7.902423536312267,8.676099119392662,8.814647393323444
562,7.838811254493457,8.619418104104467,8.92031168515348
563,7.7755570644691465,8.601376732955737,8.876606866481266
564,7.848523856905998,8.847685432626033,9.037212579582418
565,7.76466600898281,8.474856200477419,8.859972063057588
566,7.679771863978563,8.749396210944207,8.934839051195404
567,7.727883783714711,8.687805896771197,8.882593516362679
568,7.681360206304474,8.576083201209624,8.772628482864864
569,7.753937524973871,8.789024872358523,8.844552178687115
570,7.769049207833921,8.443524725928809,8.959344854173363
571,7.8485669362188215,8.578585647567413,8.857175327877231
572,7.777709912210183,8.512522917999668,8.717236347525121
573,7.74702868033937,8.677368875568632,8.895591144870384
574,7.796075838592786,8.5278223194456,8.814141825728237
575,7.640672335488442,8.685580307329918,8.915676474120666
576,7.7596350580568,8.626950538763765,9.033000232572046
577,7.7830245060218735,8.601152170327644,8.974415578028912
578,7.6671805363350325,8.691616752715317,9.039913065839757
579,7.794927838358368,8.629723302793108,8.876350217757068
580,7.751296928581808,8.551722218209742,8.914275252967661
581,7.7102413681141755,8.944887799041418,8.846795604333298
582,7.759280195468134,8.620360833728663,8.880411219285513
583,7.837812765316953,8.451803579619657,8.865927986766252
584,7.7300101365131395,8.593999003222544,8.840642463229155
585,7.729968234637952,8.556280539203211,9.05970530949556
586,7.691231221297982,8.770574497127297,8.788488826206846
587,7.668350787303663,8.725226699998487,9.07101540356655
588,7.74900521381681,8.738181303257718,9.0667947370723
589,7.66133132577899,8.666700716713278,9.012943520192465
590,7.704362599054154,8.681302432905747,8.889791161878199
591,7.673551860169786,8.677817541958625,8.858508071975363
592,7.718035843468936,8.712600319826405,8.94747591516744
593,7.707423750641286,8.810194795414022,9.047756802670447
594,7.739273108470353,8.766340617857784,9.00452102474536
595,7.6585524290443034,8.78894272684357,8.927451484273902
596,7.667218310965301,8.795209325282224,9.109566960086966
597,7.6284343508618315,8.840140123382282,9.159360831612918
598,7.6518200219112895,8.78707056672508,9.013499058021313
599,7.689563526340191,8.800814026741651,9.047504743190117
600,7.705213416967728,8.890594165119097,8.925291360595137
601,7.617922871215124,8.712100581731988,9.020197093386436
602,7.704180250725652,8.700026462536371,9.101635918771601
603,7.725152330132002,8.674104583974563,9.096742409971014
604,7.674714329166973,8.818181221686112,9.035390623101597
605,7.744556184958402,8.621803043610788,9.061808215626012
606,7.608702407379165,8.860768106242578,9.055804409141619
607,7.581836267020618,8.811096152133883,9.077223998772181
608,7.551811785610106,8.943024907571653,9.141362578933855
609,7.7122304696858945,8.769993735538463,8.958182499755432
610,7.666828652342352,8.824553530339836,9.117794540554096
611,7.628014909919967,8.96487722797583,9.159969223210835
612,7.641478006420892,8.998809890068147,9.094628979110475
613,7.567892211249322,8.800384638891476,9.110281803378038
614,7.743143007146121,8.894541866840873,9.121017902602636
615,7.624006867028967,8.913826002085505,9.127202963576984
616,7.6197076018118635,8.929822450217573,9.174527811883488
617,7.647219900987466,8.874321324592511,9.192956254022318
618,7.631677391823206,9.036883898152578,9.023218698755796
619,7.615518143800933,8.727982858204827,9.252155064856192
620,7.561498883246337,8.883084888795736,9.185426572956661
621,7.621296337562716,8.978268810993079,9.371998506038983
622,7.688526107647744,8.987505213083264,9.13079370591929
623,7.658399496856073,9.085390835189378,9.165529771427556
624,7.667493085386784,9.078290905006957,9.22749279025731
625,7.558979876698217,8.938284888793676,9.285611373013568
626,7.53176897210701,9.105210125252363,9.10533304328101
627,7.571670065027455,8.912212046587078,9.203916788224104
628,7.57745749904926,9.085103452645358,9.326406041497796
629,7.626094315428606,9.18146672968141,9.212107423267565
630,7.4834766369357695,9.130305934296066,9.406413633720666
631,7.641294155335996,9.027778879348945,9.26934829594575
632,7.553634656579664,8.99240356082624,9.242545867610387
633,7.536911050540689,8.881087193299654,9.372137292120174
634,7.504371577368307,9.073346473733242,9.46073047231635
635,7.468957293375516,8.939094297912881,9.374213435695198
636,7.589583624929454,8.979599419596648,9.45049009503876
637,7.5488175999596425,8.948104566998216,9.49250997432284
638,7.477381898769991,9.029371624412939,9.29331930614154
639,7.473855882780706,9.08080714377635,9.450789677664101
640,7.518552098698712,9.11911637066734,9.262448700377915
641,7.615525556042387,9.039808775913453,9.426880213426331
642,7.5158296913430895,9.214842154895436,9.395694067300447
643,7.450388522591067,9.09509355954578,9.509292958730999
644,7.509996559764829,9.045084259402442,9.51203662376778
645,7.505387207774858,9.15436644629319,9.47217703046874
646,7.380920357164158,9.335907727058386,9.458740961376915
647,7.509792877975549,9.180814465823861,9.483739331879532
648,7.497705454908147,9.118685814968945,9.456141618845
649,7.5408086870894735,9.009821504636227,9.454357695245179
650,7.595193987525917,9.148142286316114,9.582632629336372
651,7.555823873872464,9.201008178481066,9.60014655154651
652,7.482802252357701,9.146101481180745,9.471583977347267
653,7.4376730800004305,9.02557409002888,9.509637751808127
654,7.618421677401957,9.114214236586562,9.504774622090158
655,7.489470543180593,9.351784578274962,9.376823428259781
656,7.483963641943359,9.356689060306671,9.486259828010379
657,7.478820099676884,9.131478118681766,9.648461228828932
658,7.486691388762072,9.294162256794376,9.467704508071886
659,7.4663315460155975,9.115661971167498,9.703939869485763
660,7.441630500543323,9.380468385553106,9.635521147835048
661,7.439736305679291,9.270959439096295,9.580727134921995
662,7.462208857854333,9.347677490833817,9.600209375278851
663,7.43344416739393,9.087356731741604,9.48857524503877
664,7.421743616556131,9.332654639975615,9.547215486748009
665,7.459479531160465,9.270017474729851,9.690096809924041
666,7.438182886530248,9.361737830003861,9.531839718648035
667,7.522906737188814,9.373654891153736,9.671972937614141
668,7.311935549625226,9.294230026124245,9.482859770593233
669,7.495837946047239,9.23290946322975,9.502968325569912
670,7.500347036797921,9.376157563194175,9.756584432508845
671,7.331155048785283,9.297219942630377,9.609031278014522
672,7.414473572640499,9.220853615680168,9.572252120073385
673,7.409820908885573,9.22086027861582,9.72955191077865
674,7.354803974388589,9.169746585853908,9.725243037596512
675,7.383076937978979,9.270863097319504,9.704124007067819
676,7.363228798811249,9.436429852147095,9.58959738541526
677,7.50316253667117,9.348048962951768,9.616798291191923
678,7.459125961460099,9.2812291669501,9.669079100583238
679,7.472714426940714,9.418463889133246,9.703930242687017
680,7.442016508065649,9.258333245255908,9.611759364363907
681,7.3462781504583665,9.354546720339235,9.6699849474699
682,7.373304160543699,9.330305602228695,9.681431372136467
683,7.420799936640119,9.429262867059077,9.766519956438833
684,7.332027451937998,9.196530478407404,9.727296296099878
685,7.42558799597858,9.271957596572765,9.549576096710265
686,7.374727634133971,9.195695675990812,9.656029817221434
687,7.364810289922325,9.335920598463467,9.601634743902864
688,7.415908350855772,9.485198623791161,9.724017152791138
689,7.399384135255812,9.315500819094716,9.7548692366719
690,7.355934872919246,9.316779440902488,9.691400884999442
691,7.4287634764029296,9.456633838959782,9.663896948376854
692,7.313559217578521,9.477739895981662,9.692761380721869
693,7.395226153932655,9.363260149402347,9.705630798007446
694,7.390903017218164,9.441628697037002,9.639206382351803
695,7.3425908034003715,9.266308296609694,9.594221148350226
696,7.371196537041565,9.51245332813519,9.528816199909649
697,7.289157556396089,9.58998337233361,9.795115884907586
698,7.394739523389935,9.427495051696273,9.734168486353912
699,7.336119589956253,9.16700417725381,9.72398107743848
700,7.316056656442469,9.319480651607655,9.79651958888367
701,7.39147296499852,9.436254433606532,9.594991603521352
702,7.30063660017345,9.332293203175427,9.556505318537948
703,7.262263584839803,9.500931909803509,9.725822036271454
704,7.251689639110873,9.431598934133511,9.718073489153971
705,7.356657625863745,9.30100714429738,9.555435863885853
706,7.25917327277036,9.373552806919342,9.721830867956314
707,7.40777364239182,9.279414671381828,9.659980157253772
708,7.21277823580436,9.348811180677183,9.626159766596563
709,7.398539876737702,9.309682078345295,9.662581791440243
710,7.3211118622372835,9.480489506381486,9.492262469256133
711,7.302570841477864,9.572286857333792,9.638404285207908
712,7.277007627776824,9.215039836002685,9.62730081805324
713,7.321059048944192,9.163111121544485,9.72594380306321
714,7.296070744490257,9.327991102335803,9.66624993360007
715,7.349969384585388,9.197544412254437,9.72735263488876
716,7.297369057491833,9.3506874323063,9.46941741007456
717,7.296027720620446,9.417443513168388,9.603193472553542
718,7.2671885515534695,9.488251827932263,9.711545973759868
719,7.279379981937244,9.35506978194136,9.638906869909693
720,7.294477023083882,9.311513365789683,9.727608588055446
721,7.1904397562941975,9.12869583370446,9.511766092610632
722,7.205401715096569,9.32466623003904,9.71059372515276
723,7.306838569380595,9.324498938211267,9.596753360447805
724,7.275084582482337,9.376398728850779,9.58457870925032
725,7.2542096562901435,9.236598717609432,9.71815986294511
726,7.261199598145125,9.258699775293037,9.727042839998859
727,7.274527630213524,9.148976801510345,9.711895859870602
728,7.227032768670727,9.062035753398625,9.78705638809089
729,7.2119792876620545,9.174520952119439,9.719972092731727
730,7.257562120656694,9.122363004644951,9.549474945085954
731,7.195728114933194,9.306912788214216,9.618744037494434
732,7.261937848673526,9.215096994888377,9.57272313930484
733,7.153276048131103,9.206580291111663,9.757816907200782
734,7.286744587265807,9.15528302724003,9.677656785376307
735,7.255799815398443,8.923616872320222,9.56776300463439
736,7.241856121914267,9.390684430432145,9.646543282234772
737,7.275075435580324,9.132639267489383,9.471004728176299
738,7.3061024162759045,9.184072535955313,9.582706910523367
739,7.270436560680618,9.072311109182225,9.480595097731479
740,7.12456526416961,9.307319068031722,9.413324371923181
741,7.149522599858164,9.216636990209361,9.603799852650873
742,7.179154545144318,9.111670478330263,9.606194294471853
743,7.208595604972696,9.146944358357619,9.562401473246124
744,7.230071133741458,9.34569564241138,9.503354572667858
745,7.164799673363254,9.162143731567859,9.408703410939705
746,7.207325433819456,9.142685774100736,9.408979949633517
747,7.157119730049416,9.057997653429652,9.416079117950188
748,7.161216316311218,8.953815431487863,9.466522540339957
749,7.118364029360219,9.118271398784314,9.56276956483064
750,7.139441846813205,9.15769243131102,9.552833399821992
751,7.114927250154961,9.225840967214799,9.327311398527288
752,7.130627334731843,8.881644479260268,9.394806894344308
753,7.229014149011314,8.984472238412252,9.383597560977378
754,7.1257747206225845,9.029274791738487,9.22950796479975
755,7.301777917500509,9.077250349972674,9.468030967728843
756,7.191740401036878,9.053230364147009,9.393640947354369
757,7.173233545680429,9.045589233405394,9.394763841900787
758,7.117992624987444,9.088484496850658,9.501858861378
759,7.192846322695434,8.94715818245185,9.391523643163938
760,7.125970791599314,9.12061348865027,9.340169478658188
761,7.157776566517893,9.060159162998831,9.410465842794993
762,7.276605233492537,8.974351504376003,9.439387335657715
763,7.140724479536621,9.155856131052406,9.368282737147453
764,7.199919145162794,9.140750913250148,9.389501620445966
765,7.1042261975317755,9.067659822084686,9.31243916030016
766,7.134566669049066,8.661696240911137,9.30717472683057
767,7.221788734220591,9.110552400397127,9.312328119377808
768,7.098834491726536,9.021167775771563,9.232527961775471
769,7.217740947238623,9.131298625198486,9.23675568942048
770,7.159443322614063,9.043305637546206,9.381789549718329
771,7.092871124563052,9.066234241417655,9.421493604194055
772,7.149555118075665,8.985049455884875,9.377474089704178
773,7.163504250853065,9.020784336107052,9.133425856272448
774,7.142910352450591,9.07400935132129,9.11483694590962
775,7.030253472268206,8.88488921480672,9.122262700698998
776,7.069354230585693,8.69460615816218,9.21732306506321
777,7.090283065141372,8.809641223730253,8.970889346343155
778,7.095886758670738,8.867906541020876,9.137464998610115
779,7.127592993112205,8.824895923060833,9.286089393470851
780,7.102396920530145,8.68122062953378,9.241043361179463
781,7.023698658174787,8.631218175144157,9.110625937046345
782,7.1064312969039,8.708639212924698,9.105572758780244
783,7.114907741716488,8.851946395771941,9.174494633860936
784,7.109326548042186,8.917613788984728,9.192801312321965
785,7.132336153450992,8.839638353270738,9.06418775333093
786,7.116954836002644,8.84212450801125,9.076946783276565
787,7.095180862153272,8.716702816598387,9.039275024204567
788,7.0656782205910655,8.538985128795947,8.966913990685098
789,6.983104624757003,8.656090719433497,9.044718991965736
790,7.084601264196438,8.664170133698923,9.027515228812316
791,7.070473935185089,8.628793504324326,8.9392472237288
792,7.070639205296247,8.672442777420546,9.080716908751246
793,6.990195061520104,8.699616134553537,9.0566540985686
794,6.996953403673501,8.729306834396661,9.062634320211346
795,7.100639126494945,8.604758722876271,8.934553652304325
796,7.042980491265255,8.430798332932941,8.826373933533944
797,7.0760115601961004,8.561532154640393,9.011549274084015
798,7.040332230987536,8.602882609837131,8.910182552967555
799,7.037385415738454,8.709533879629157,8.881256779613304
800,7.079794604619554,8.519267557449057,8.841198381410278
801,7.004062491687107,8.616155537503058,8.909046800987577
802,7.0316565881884605,8.582824195105825,9.046630160334892
803,7.000724112862263,8.54718488059863,8.869444579863565
804,6.999101899841504,8.624896541133138,8.812201822810183
805,7.002358444162002,8.454880171732738,8.941118963490398
806,7.025915582493728,8.452643140387288,8.892443910590485
807,6.987864810107732,8.498249289601914,8.698809548210566
808,7.0715848976990365,8.424786049421462,8.911159834082522
809,6.9610630787381425,8.52905061386386,9.018355377667099
810,6.993447715518202,8.396469776364155,8.63003184689216
811,6.977804099387567,8.480053530865488,8.729309485312061
812,7.069140401041664,8.437137923992154,8.5904730337787
813,7.003621599370165,8.458481342666122,8.802621535386328
814,7.042389939687123,8.38095303300519,8.878272357154689
815,6.913525043930407,8.383065034903927,8.797985352911741
816,6.9981624226950805,8.41673308973539,8.891520390213271
817,7.026299792204659,8.41761281543553,8.837335102331522
818,6.982942290363722,8.387376529079527,8.897911363641674
819,7.029113442836736,8.548845669335622,8.84552629513288
820,6.946987828721856,8.2698729669519,8.711568356194409
821,7.040333943592652,8.353291121554948,8.740363903263294
822,7.081827290587509,8.193244112106507,8.656884289651156
823,6.945757760928364,8.378844348191356,8.699412278243743
824,6.938643358399062,8.221277353659094,8.71443425534394
825,7.030607994073391,8.296276303227781,8.694457600075468
826,7.033939152737171,8.278348570124269,8.800535284761692
827,6.925840808066269,8.33523692232055,8.65879150751703
828,6.92799922053842,8.243609380856455,8.60283584524067
829,6.931945570171638,8.231249085385645,8.600182200934217
830,6.875840000793131,8.426409607141442,8.714660553891225
831,6.894159140516481,8.303480610584876,8.542658573176016
832,6.886915396021898,8.211276962295539,8.631630011028548
833,6.895764736903745,8.234817358105818,8.746900744923376
834,6.929454035127748,8.417117812582493,8.657247335871828
835,6.939934163259148,8.221912623165018,8.621174965574912
836,7.0027850804641485,8.169515665084326,8.617741923679919
837,6.872380464292673,8.163127505812726,8.531890524875761
838,6.968553877334182,8.170069929581649,8.539497515131558
839,6.905679386114287,8.159061943472615,8.586440039024978
840,6.9109481928528895,8.084251698374324,8.61791832561799
841,6.944206381309165,8.093678748498194,8.666407901994203
842,6.851374811604425,8.117228310259849,8.592479482783988
843,6.923678382851209,8.253560088870199,8.68799634965666
844,6.909928964951629,8.15070461034115,8.703072751713771
845,6.923278852141972,8.16272182472341,8.633345084917105
846,6.910166130201647,8.305242269331153,8.662974836592992
847,7.015525587993449,8.302716915343495,8.481159118638606
848,6.857927937967161,8.140175066812029,8.4641087892079
849,6.8603209180652245,8.100662489478413,8.593300996364253
850,6.852771039847387,8.072858222692869,8.440575897682287
851,6.853212981545971,8.22432351763366,8.520844764570132
852,6.846177722720754,8.13051323909232,8.602165029156643
853,6.934559616735356,8.108466815131543,8.650128995281495
854,6.9431971824505965,8.062077415339978,8.51350662083069
855,6.84069930327778,8.06300085655804,8.478829096691706
856,6.824684954533376,8.168693747654617,8.553639143940504
857,6.886941092806956,8.002062011208537,8.439493790886782
858,6.832828210415244,8.23020868753041,8.509088097716715
859,6.889156466268597,8.074651918777596,8.5200820935827
860,6.864728003552414,8.110586372554023,8.516454104708396
861,6.775868087534509,7.989565128352559,8.523943202072044
862,6.92610545703925,8.119938935705047,8.448471483940656
863,6.935600446498476,8.086455883749517,8.455642824323386
864,6.812244955642108,8.112592324765604,8.452802512340071
865,6.820578600213282,8.263283674299684,8.381933808756461
866,6.85133769578103,8.132594937075902,8.538057272530283
867,6.850849473039977,8.034271385401775,8.581652757094574
868,6.864137513001797,8.041717102505569,8.573353900188508
869,6.928805649936608,8.171673335613457,8.488417611042362
870,6.816534642327609,8.241539638864026,8.444504176321857
871,6.782555178524941,8.139570729840846,8.569095527726185
872,6.75059357201823,8.180156822050977,8.561027960814036
873,6.780103978978868,8.172363338959782,8.527868932306731
874,6.812086534051931,8.253596744608444,8.650778060609412
875,6.900564631026918,7.917227979993317,8.510072955556556
876,6.782051480763842,8.179600703886608,8.492784754099308
877,6.816218203145261,8.212138429039236,8.482693723877198
878,6.8013058718645745,7.980971676357803,8.391345259024323
879,6.8586463419772965,8.02754858686975,8.570851173830345
880,6.922674411041954,8.032499476178124,8.51142463595403
881,6.766886911627615,8.046350839747785,8.562767215836923
882,6.766062387030694,8.072898724410614,8.671620669671467
883,6.839847859526655,8.147358366520194,8.495495086479474
884,6.818841293581096,8.21187884061994,8.342384963874165
885,6.874190434999873,8.23584047088126,8.570765833236699
886,6.808161273056455,8.046506378994989,8.548666007731752
887,6.7581114990691376,8.048579133746713,8.47993883782502
888,6.802721528980494,8.267571460380504,8.573713440371458
889,6.82573809360964,8.203780791062666,8.608394103129152
890,6.808442593350737,8.15068539444411,8.473527260297429
891,6.789899197411259,8.193198525203742,8.52907259445026
892,6.814987683034282,8.14652183519735,8.675413940341835
893,6.817238621189555,8.205767350892256,8.503807678717717
894,6.825003124025084,8.12367603301708,8.571301997386472
895,6.785453440632451,8.18830193761318,8.360611408028603
896,6.741786252271404,8.014668206635266,8.45677517158571
897,6.754603488178758,8.10140601522567,8.59284298735198
898,6.8047203365693365,8.107102801025825,8.683557229185991
899,6.7006766251801375,8.142139742634784,8.481587799966825
900,6.757087030039605,8.091855051136188,8.601900073007574
901,6.716117814509424,8.13622983713338,8.571412481277104
902,6.7343548207485835,8.043368137980035,8.683399445762106
903,6.793974430437683,8.255049727719335,8.515555415654038
904,6.736742480926779,8.197440467443132,8.653355174060813
905,6.726646476948968,8.040822356444647,8.572762147976835
906,6.653470395588733,8.13364768226664,8.649145143878854
907,6.755915864401488,8.256711675463722,8.643194588320755
908,6.748018808270407,8.174800492498784,8.624046075491668
909,6.821050177428031,8.165586930237318,8.689048881095534
910,6.694642799786403,8.23412432109605,8.661075807541096
911,6.7181349256965035,8.282366817392727,8.653839702565913
912,6.716793718072478,8.110913046498304,8.642949255194685
913,6.780345748529912,8.316216865517799,8.684783317147067
914,6.693858283945491,8.187941609115542,8.703562992556538
915,6.709725537532249,8.273052908361654,8.614000053065897
916,6.723322111352097,8.27828291726375,8.672610089442369
917,6.699411989878477,8.236198572315036,8.62369030856852
918,6.664915523367936,8.193717017006511,8.712552500654262
919,6.694098795924512,8.274786187959425,8.676082552094616
920,6.735234397055322,8.473250219871574,8.792951269373981
921,6.6273869782627495,8.18199894234044,8.793013175035908
922,6.682522580289832,8.494930294365473,8.67336482165555
923,6.6380308281532665,8.307339060163889,8.755069446782521
924,6.729953390923453,8.344536456794238,8.814480641425241
925,6.591207322365301,8.24008860962672,8.757592168009214
926,6.636587600209887,8.279461618617786,8.721645444015376
927,6.680562727429121,8.314191187220501,8.700861298552148
928,6.737148191665603,8.267867172183513,8.865006645626144
929,6.652755748396254,8.359556494010027,8.877351055895623
930,6.625455970372107,8.347811579951012,8.797020218364622
931,6.744447898739676,8.581705555845717,8.883518448364278
932,6.575164861405254,8.288189803010964,8.593627522045324
933,6.534802181644901,8.423257656955286,8.945707263051451
934,6.66392153621406,8.446012300473777,8.83564351643285
935,6.613997847209483,8.322468432227716,8.868271183385431
936,6.5852200720614675,8.506485850259338,8.840047397106492
937,6.668882098844319,8.406298850945484,8.986131007925904
938,6.642838284095356,8.205242905245132,8.798423340486998
939,6.599629696459497,8.528835036439293,9.010064044214525
940,6.561005194610763,8.359538091150581,8.93264813895071
941,6.665831473761421,8.37484669607683,8.959608756535621
942,6.6519082646006344,8.556812320236615,8.892314318309634
943,6.611630415718601,8.461705796053685,8.822850122749536
944,6.706113466062153,8.59659690299074,9.010803406321337
945,6.557471188741095,8.63422795343994,8.970124011998553
946,6.531894382052684,8.457100069637576,9.062979935191654
947,6.570771852689067,8.609286660334673,8.947372590836201
948,6.600285972291406,8.46276376210708,8.938142760505883
949,6.611931663142714,8.769948822264675,9.091512860911251
950,6.584903705292365,8.485642904378356,9.142175852276987
951,6.611770494760902,8.665818748764732,8.998700635920846
952,6.528794369017633,8.655826484223061,8.946426881886334
953,6.6607645835656495,8.611255883081265,9.080146704750677
954,6.581675204721308,8.520750626516433,9.003597583078733
955,6.638855361945011,8.580777354797338,9.080429558594972
956,6.597336040156831,8.388620888841011,9.020266193613738
957,6.600248031317948,8.634430870018665,9.1745957019231
958,6.603110726246803,8.654902291690938,9.0019244553269
959,6.594221175766614,8.641181498634976,9.104673929730597
960,6.601186664248645,8.338326847280694,9.035418449648521
961,6.63272432351407,8.516851066885048,9.060208472194653
962,6.573310317811405,8.576290456622182,9.05790653109763
963,6.596153400395736,8.6878741744543,9.158025497851442
964,6.553436771167759,8.695171097275665,9.180391970191792
965,6.627151149501321,8.656660300989328,9.159444643643893
966,6.518548795258964,8.744565637152242,9.114002406152226
967,6.639639941732678,8.585684595855403,9.141580378722963
968,6.5448109196783895,8.75650588345566,9.209814394077299
969,6.4725073459329066,8.750032433174715,9.219874578238764
970,6.547679991624105,8.747288355862642,8.937739403499139
971,6.504452243163301,8.698198889692433,9.138510873344897
972,6.577768443271195,8.906239367933145,9.149567139277718
973,6.500337890575447,8.779135264665332,9.228155900946435
974,6.507894124840938,8.639518177400474,9.176267241166114
975,6.432961849466364,8.767600482433398,9.24601889105003
976,6.5020605414229005,8.824315339764127,9.108945568945689
977,6.400720243594612,8.696428946702527,9.22267273926039
978,6.439958801771061,8.87021246414949,9.280387406018136
979,6.554415788560365,8.805403613141369,9.096792470167172
980,6.552927555592287,8.538733976267533,9.422073287490779
981,6.532154296065004,8.808594187054512,9.322355006807182
982,6.459777858855689,8.743529967013336,9.233155432366143
983,6.502987723273138,8.843214628627393,9.172595427165549
984,6.50244116553715,8.889136982088704,9.230537257470198
985,6.441952435098844,8.819302912390254,9.256776610730695
986,6.572291336681316,8.971232831010447,9.2907034693038
987,6.538241662436613,8.791604901153853,9.380728457567006
988,6.480578839124635,8.876569888856242,9.227657371852569
989,6.4902262125809225,8.899036930877728,9.315673746234083
990,6.496557306064161,8.81310227186428,9.172013964316973
991,6.3813090388157265,8.904845765467812,9.246908848952584
992,6.468295900530042,8.771467480037265,9.314557840868744
993,6.443815914839034,8.792477132598364,9.343977830924047
994,6.425095853805841,8.7071148932711,9.232505164171565
995,6.458384935512194,8.86596296195784,9.261415857497024
996,6.559588740464887,8.877631982886458,9.417265631861993
997,6.499012388577815,8.966142419262361,9.39694022154611
998,6.435678494159967,8.930262031414214,9.324053179771386
999,6.490135146910947,8.82542122964824,9.13165488734104
1000,6.528743709243001,8.738654656630386,9.514506086321871
1001,6.502278915823915,8.902146922702718,9.314867357518139
1002,6.456301408450696,8.972142278165517,9.294118739139488
1003,6.418247072675821,8.938604836183552,9.279811830449116
1004,6.482780461496698,8.973366320870877,9.353999359932505
1005,6.464820311309377,8.845373323704123,9.356917455386192
1006,6.487183810548486,8.821354269861864,9.403952110815265
1007,6.471462207746073,8.795588881213188,9.255536900431304
1008,6.489462081468749,8.864760034331676,9.306150090741735
1009,6.407504872411702,8.863368012522333,9.494927892834294
1010,6.497419882125081,8.8925780217374,9.351591795257773
1011,6.438715062819194,8.859468522346042,9.32076774675488
1012,6.529884387165842,8.859327511469022,9.259989434623574
1013,6.388949570110471,8.795116145981265,9.376346010029852
1014,6.507496124505851,8.966845291830946,9.418707704982051
1015,6.427883802027872,8.880035009142325,9.406350214582739
1016,6.382709045678261,8.854440075268768,9.315637542465726
1017,6.388378690980528,8.796443821997276,9.365001215705567
1018,6.393850007241061,8.737098366854127,9.469393861396554
1019,6.428371412405279,8.999989398502494,9.42069213404985
1020,6.430601983712168,8.923360320884516,9.271449144981583
1021,6.373073654453757,8.704008184723282,9.129462420953418
1022,6.39784072081762,8.941017724639172,9.355645295134947
1023,6.503473113905888,8.95505518244691,9.394349658420618
1024,6.480039249114881,8.873148412344253,9.241687126478586
1025,6.41278211714365,9.018225986714574,9.326283163941007
1026,6.390171298359973,8.877591599063514,9.30385228100995
1027,6.391579228646899,8.711543018547697,9.331053991406907
1028,6.413561445201373,8.88684944440922,9.27669969847767
1029,6.329055148280214,8.87173140102139,9.420882550660357
1030,6.36463652469297,8.783623662431493,9.326648000617071
1031,6.291388067270628,8.89782413267661,9.241461183809973
1032,6.392091690199486,8.670020603283897,9.381955530761909
1033,6.401804937191736,8.931967505215828,9.204004386220783
1034,6.34260176559032,8.741028066826637,9.404285501675707
1035,6.442777717058781,8.726081749739354,9.377003973331721
1036,6.300108726952774,8.808737785946885,9.404902286803297
1037,6.285498237650294,8.858770375172819,9.27687051543027
1038,6.36726088382595,8.827028445014564,9.245461205986837
1039,6.405715858275326,8.731344510235019,9.287303596258333
1040,6.434881316304643,8.749788687919432,9.26907124555875
1041,6.3250660448465945,8.681694819672309,9.218665865850689
1042,6.39927096292249,8.766948268137979,9.22146925031377
1043,6.340739497371032,8.89115294322778,9.231140993995373
1044,6.331362891110427,8.777278117191912,9.161361258898255
1045,6.381507923241794,8.85752018982212,9.303530113228407
1046,6.3672730748793835,8.910815825917233,9.239263349710363
1047,6.253170661365012,8.6999952236141,9.212755369407677
1048,6.403151957953626,8.733487540541784,9.142402247257701
1049,6.395665511759074,8.962440370055944,9.132034102879153
1050,6.29272014422586,8.882762160466022,9.373200943325822
1051,6.341127122222439,8.563926776455048,9.161443774864502
1052,6.3433784514482,8.762556369022507,9.253598094667446
1053,6.3290519566780175,8.716409033842698,9.21073522077217
1054,6.2858456659519035,8.79134938702171,8.968517570475754
1055,6.277123738844884,8.62639920415204,9.326578861037348
1056,6.306772514966081,8.60897369501406,9.230404107663073
1057,6.364033307765072,8.61721190329385,9.106605362478826
1058,6.329924829167514,8.619360160232043,9.157940837354662
1059,6.281563395155413,8.749671735280163,9.060318934921256
1060,6.336029662637614,8.541460494138104,9.29024967830131
1061,6.152369535780382,8.58861828680722,9.063295631572405
1062,6.349588215236374,8.463138115878778,9.085678349479064
1063,6.202518827722256,8.733774324203756,9.060640512753569
1064,6.268738378410554,8.751055198173928,9.116782540247549
1065,6.228234161284088,8.582003954988739,9.211193760943408
1066,6.216842133818474,8.575547991168301,9.23580716929152
1067,6.336977418956652,8.641172374427207,9.051701921232562
1068,6.252912211239383,8.733684425452973,9.104725514729152
1069,6.29098497618311,8.617365329431646,9.071742401969294
1070,6.268677582359184,8.496903332511318,8.977271642746162
1071,6.292240799626801,8.394817082348442,9.240103785514762
1072,6.269596316878375,8.43512040993712,9.145710944044312
1073,6.1989733916144845,8.543783948167677,9.042105556827599
1074,6.310305440075599,8.460656916324838,9.143711184696263
1075,6.233174681347556,8.535316272146174,9.104216609993095
1076,6.177405141440671,8.450062608169256,9.003789631365134
1077,6.231201518001985,8.388985095931327,9.013219684629865
1078,6.325019618410464,8.366454108194352,9.097927362729793
1079,6.289868381308327,8.629666674433397,8.890996079862841
1080,6.2273016646455135,8.551524020745834,9.09023478732746
1081,6.224649674496836,8.624794815784968,8.927905444318792
1082,6.223410406026903,8.494783350662019,9.057390971442885
1083,6.340710466513899,8.386765566698271,8.924432294048442
1084,6.253352057913812,8.551010223066474,8.941227485758175
1085,6.253140894192015,8.404219525527687,8.900781657138067
1086,6.280537818974008,8.418403288922676,8.850228764925886
1087,6.238349245919637,8.380775894356674,8.860368226126967
1088,6.210845128975646,8.07905742903026,8.981448191783576
1089,6.211368498060138,8.522865053269483,8.675087004854769
1090,6.214995987087915,8.400093732493495,8.750161776599047
1091,6.214106302421396,8.372539433773694,8.780262248081051
1092,6.249741559608887,8.32190924953325,8.741019272365424
1093,6.213351348237602,8.332929252133889,8.937041981785656
1094,6.244781332016756,8.245332037129389,8.905788374656554
1095,6.201510075396646,8.355169143330649,8.841445181422921
1096,6.206875541550481,8.151234447169486,8.73194852763977
1097,6.100432926176646,8.288969981127206,8.878653001509397
1098,6.243559822592716,8.3149291162937,8.633664232299802
1099,6.212469640542721,8.22730725871066,8.920932783304785
1100,6.242448798917363,8.272661124601902,8.683661104437737
1101,6.045139899328356,8.12484284959607,8.706327756786466
1102,6.291777075778931,8.115801324486755,8.681807922108202
1103,6.177785828273602,8.224473192509675,8.619181458707713
1104,6.2375827158510555,8.257087683649017,8.84792748238758
1105,6.127587839534145,7.990195136737788,8.745936129893575
1106,6.207632686915603,8.218354476494936,8.768990056350242
1107,6.12173536352437,8.100328671820307,8.562812422950223
1108,6.140631137270401,8.12389428148387,8.664164202089216
1109,6.264935889575593,7.997782775138372,8.680388291212816
1110,6.1571162307297564,8.035170065677951,8.64942088300918
1111,6.174939314975195,8.205583010353294,8.524026316000535
1112,6.204989669415876,8.10094087359843,8.692037395033717
1113,6.183690279216896,8.048110010973202,8.60491185776697
1114,6.163848321738844,8.063525453913542,8.508034309182346
1115,6.1719979073502484,8.112938878060906,8.42531193814455
1116,6.271344405671613,8.096971342524002,8.611626642558287
1117,6.145717743534216,8.034387979271001,8.748555709469773
1118,6.1560799798475365,8.14022373825288,8.460793199581225
1119,6.195985377944346,8.117083345171947,8.545215702657174
1120,6.196157871287233,8.050559361352322,8.61006194076661
1121,6.197663291633142,8.00394792217458,8.409371705452614
1122,6.167679773750341,8.053566601370127,8.462352236045655
1123,6.076025787241961,8.008695765323312,8.42182774937371
1124,6.212281663017175,8.072873930987177,8.559396630821118
1125,6.070728152927372,8.046368881443575,8.576740263603783
1126,6.140613814027827,7.844303605245839,8.473594753709008
1127,6.085206147823011,7.827349834969585,8.383807426524227
1128,6.117152203282446,7.8557426923206695,8.406101514583993
1129,6.134237701505192,8.013510739835334,8.381571275403187
1130,6.131309181590378,7.748406272768094,8.344427092086805
1131,6.133780377167831,7.935767594290829,8.405157370743124
1132,6.190814199718313,7.9229184867605955,8.450136010693962
1133,6.130250925682578,7.993422156091704,8.434320802920222
1134,6.092813230077425,7.885808404787322,8.385515946555373
1135,6.150673547746745,7.7241979081084855,8.381940296970049
1136,6.159392116886254,7.7534578506694505,8.362183568841365
1137,6.035988879770541,7.722201492333142,8.256395549961052
1138,6.124691226449598,7.777750500721873,8.364584260542388
1139,6.1273330862076945,7.804537650850775,8.29682347504251
1140,6.074850773127834,7.6977084693557725,8.22760802158798
1141,6.155970060597363,7.952888329555792,8.35707857585981
1142,6.07713898401231,7.665010928041501,8.270657805180404
1143,6.0883789006301345,7.924016441739669,8.330140698768414
1144,6.070906071860032,7.899942149083771,8.372208299716819
1145,6.077799470460908,7.8634311119811935,8.221010330749245
1146,6.019668887999842,7.6965569617336795,8.297189039334906
1147,5.999943491098339,7.792671657083636,8.137935595770372
1148,6.149135949259291,7.623344946447567,8.398484707051372
1149,6.024528556904815,7.834993095623934,8.160434215226601
1150,6.014774201789786,7.729491319758788,8.22141851063491
1151,5.954142774610267,7.689114420685042,8.363288263016257
1152,6.027333919386926,7.600999937421218,8.231241159428937
1153,5.9905985084025035,7.469125154619311,8.148169665863904
1154,6.136326011569451,7.6066983490231665,8.295141150452523
1155,6.102189627075855,7.815686135651449,8.287648913062254
1156,6.0147660373206495,7.658155886111823,8.176241464667228
1157,6.159271389110977,7.675720034399297,8.179573084162657
1158,6.093215179119993,7.752604499841222,8.181587774934357
1159,6.025363902553388,7.862196149964707,8.19489591672677
1160,5.91411501334494,7.808895507897295,8.0552430705347
1161,6.151113514849306,7.574114358019151,8.187576806654178
1162,5.964570109154362,7.472232031831096,8.34040222482949
1163,5.949262399929679,7.897781463499262,8.121799583067459
1164,6.080145721546099,7.884241092989595,8.142776730060355
1165,6.148490940184999,7.6719012825248925,8.090937938397683
1166,6.093204337341836,7.521914260573775,8.230964610672157
1167,6.049674784964905,7.741387069064885,8.274805918612596
1168,6.048706933961386,7.63056246534844,8.269729118226769
1169,6.0591311374753,7.6265550690485675,8.072412334247735
1170,6.051899185798903,7.723988105250188,8.209382702236574
1171,6.025505977769529,7.664866111739728,8.281442925503823
1172,6.014151364891778,7.509931544009274,8.205057512299007
1173,6.003307808657684,7.593321747829826,8.200297287434099
1174,5.966236642577196,7.689393095422913,8.122232110551678
1175,5.987399776128804,7.671984208250804,8.17571062905665
1176,5.914285597572395,7.645041436651478,8.255345233592143
1177,5.991517614985835,7.7102626852961444,8.181234250180001
1178,5.944507448120109,7.579029246878848,8.053853250892482
1179,5.936261193253225,7.631548471949669,8.116169589056314
1180,5.997940270168238,7.274804093913926,8.248532938471376
1181,6.05605182766076,7.566277342588006,8.177107541886091
1182,6.029874940989567,7.686712667270317,8.160190199815057
1183,5.902942723844017,7.570562328544659,8.106080532596636
1184,5.929496235899348,7.562457467583624,8.245425284055235
1185,6.023527335574401,7.50461194437394,8.283464533091488
1186,5.92487678406742,7.7089689521214515,8.251858921261409
1187,5.960283117314144,7.663551313971091,8.266740887761237
1188,5.996532243713603,7.6915159016120125,8.123363656854126
1189,5.918128522225008,7.436818584533601,8.112969310082333
1190,5.9693318681177665,7.5940557728015055,8.141593163248134
1191,5.894880406922633,7.5829448259623256,8.15849892895257
1192,5.929033128724506,7.5839472768702,8.27140031565436
1193,5.972611676658119,7.551642525761453,8.251887647862151
1194,5.8744952014590055,7.580066861073744,8.203583410660677
1195,5.973692171754455,7.701263737393389,8.048090032140685
1196,5.94821132954808,7.426824768666008,8.0298110135759
1197,5.974343739151581,7.79783733547652,8.18654487825761
1198,5.955442206750103,7.6706757965095225,8.240369883312075
1199,6.009982016223358,7.620426676955292,8.16640878831671
1200,5.945565949978633,7.717894233633981,8.328974607966389
1201,5.915365412737754,7.484759406590512,8.092376169033493
1202,5.940482764102357,7.56638422957113,8.085671878412297
1203,5.959066223151287,7.623835788178821,8.132743710602785
1204,5.931878990939833,7.775764076603494,8.133424262504978
1205,5.9290014700668445,7.637996840582379,8.235606511046736
1206,5.889409430942412,7.691262160624194,8.163834031072485
1207,5.888902330408581,7.591078640390141,8.07798073165289
1208,5.849456704161394,7.702668093159145,8.277538734226576
1209,6.004606626272742,7.825820472774504,8.069986073677004
1210,5.85247667798782,7.761924805820434,8.129817535955024
1211,5.877567859179065,7.658662806841571,8.090591879959849
1212,5.87383726315518,7.7389519906755115,8.242029750971778
1213,5.952049580085075,7.733904855385019,8.245551262610679
1214,5.8901028389533305,7.731715394698164,8.389344401781173
1215,5.964785614344303,7.7973060435470956,8.31464541138127
1216,5.8662733929407604,7.801760508562641,8.362530147131984
1217,5.911448270693489,7.683944139272876,8.2760916282071
1218,5.853283072723322,7.7663376171415575,8.180795165306538
1219,5.999860968341621,7.66946954637288,8.27528478950548
1220,5.830777900719022,7.621237850179432,8.318653056116258
1221,5.9032043894388755,7.692495543067456,8.33392093778941
1222,5.91695895215952,7.717847709963965,8.246311125037828
1223,5.903518038488434,7.565475758252533,8.329822489358639
1224,5.871122896881964,7.823950067447386,8.22281743098127
1225,5.871456661146013,7.4675886928071975,8.22085902753858
1226,5.877699905525424,8.022325620141435,8.222038292139107
1227,5.865722086516186,7.907669549293295,8.320366000712493
1228,5.9188302153765715,7.738130196838731,8.231375589421287
1229,5.978727700214699,7.772031522614066,8.29893790679658
1230,5.837893468533458,7.808348892163417,8.41257074320352
1231,5.794845632895652,7.726200060184942,8.265528581880428
1232,5.8564906193817725,7.811540518211674,8.315133640772636
1233,5.987460343832986,7.785135715557002,8.368923358326404
1234,5.815862518321462,7.7974566141574435,8.390749123717407
1235,5.935574670773418,7.832465648311449,8.338947723270369
1236,5.935077668391036,7.6904862875983415,8.449816444361126
1237,5.821088225585994,7.83339578701638,8.442160712951509
1238,5.874793013806775,7.853459878356747,8.494246489186795
1239,5.925341124766042,7.85774918645333,8.404736070369974
1240,5.822543551302696,7.831099361404023,8.378514075048274
1241,5.828900775464416,7.974351752022158,8.373269698378536
1242,5.807576812659541,7.833145787973785,8.460844673467717
1243,5.783505295875007,7.899246416839766,8.414569934961117
1244,5.799362737769836,8.014300234919254,8.407722613597949
1245,5.768214292255188,7.8847395330342716,8.425957023039533
1246,5.828701376929279,7.92227626689623,8.415734701339536
1247,5.786085646635728,7.899386496247515,8.495003791757167
1248,5.833861914596642,8.04099526770396,8.374765919458358
1249,5.7419673530585476,7.899753536196351,8.520738724324406
1250,5.833896868281635,8.062159582679934,8.559376597211921
1251,5.856621230391781,7.931789937550226,8.467564110246462
1252,5.712851129559405,7.864549856493137,8.67660164114932
1253,5.828835072691504,8.026798768769444,8.533071156590177
1254,5.8691112288670215,7.936774826145363,8.415591313730081
1255,5.744842465284999,8.037682400244494,8.52684716354193
1256,5.886551073868802,7.7110891195134865,8.56321347817215
1257,5.821472544033213,7.992949879958495,8.602975329643192
1258,5.762871339945408,7.954867167963277,8.555318970195872
1259,5.79293501754937,7.9028947223584876,8.50383782609812
1260,5.821242554688161,7.962279936078757,8.506005586813755
1261,5.794730414594093,7.968603725918136,8.55014324039001
1262,5.815473078339748,8.02952803591185,8.566618872109693
1263,5.740107929891264,7.905925134385439,8.529231275893423
1264,5.792217178110265,8.082590941390817,8.57016708190512
1265,5.710672135363752,8.195861480289159,8.690282398009444
1266,5.773406475781593,8.09557599497624,8.778099011039874
1267,5.731383510157788,8.156587917700216,8.715325993886992
1268,5.737414702628286,8.193310059483677,8.767979843774388
1269,5.8336093595928675,8.21562246246212,8.750017274416685
1270,5.82398490088783,8.287058129974367,8.747266115535531
1271,5.79749218728412,8.058141994369466,8.662067064581045
1272,5.710036721144622,8.044175066196894,8.708782049269676
1273,5.746450206196116,8.202270812691827,8.672217557605727
1274,5.820544973550101,8.202587365415258,8.696632170462829
1275,5.764596584075972,8.217096706972653,8.727839687899154
1276,5.8710990546136035,8.33615404672056,8.787625379136143
1277,5.772421497587949,8.155983888656962,8.772484196869751
1278,5.759982277635371,8.205004434104788,8.733671008527592
1279,5.732549402388363,8.071808960606104,8.758976599311497
1280,5.752308861626552,8.39075240953529,8.797040248216033
1281,5.735636101765339,8.150848231284069,8.823494278449607
1282,5.776293990430647,8.16086991888815,8.6562290415008
1283,5.786353820669961,8.16410815753649,8.699106315239685
1284,5.6968505646685506,8.141284565801703,8.881330422952711
1285,5.66722090691731,8.139717385618471,8.795220096337324
1286,5.639605986286948,8.167070140197282,8.773400155302589
1287,5.754450704488742,8.089529641130568,8.793372133244437
1288,5.671518873298232,8.154131987469267,8.800367355049467
1289,5.6166799210949385,8.433997254601278,8.87299310883561
1290,5.741391809185884,8.318983025424156,8.746490485255844
1291,5.844252463538494,8.344200733457383,8.84376396407578
1292,5.716939730698024,8.375397119353993,8.867994230396905
1293,5.756809782916609,8.447025675711613,8.886399366886328
1294,5.71661985876175,8.092272982338455,8.87878721432252
1295,5.705228232947281,8.152094022597467,8.908354832551245
1296,5.753772042071896,8.200238236373988,8.827252053235936
1297,5.690951169983324,8.23902421163359,8.803567258410839
1298,5.716482368532848,8.261182366982503,9.0811710900725
1299,5.716846674553764,8.251636454703613,8.86606160664685
1300,5.6650074681669915,8.323210116553007,8.88080858187315
1301,5.745665489534174,8.309601272963468,8.955041798849232
1302,5.684967939446648,8.238425699495595,9.03359632238896
1303,5.653582397959852,8.097634188019587,8.867283959220709
1304,5.715850049608529,8.220222091592225,8.835718026389218
1305,5.641757232092138,8.268742635037784,8.820865660877141
1306,5.6857469344720055,8.302951433815881,9.05213644664546
1307,5.681540343277694,8.218518610505596,8.845922511805481
1308,5.733950658406936,8.286061620220162,8.930880649091415
1309,5.701051548678801,8.22552926725347,8.85884521953859
1310,5.673727215346176,8.329358604750611,8.824929209325923
1311,5.713529973236743,8.237768770495764,8.921002160798817
1312,5.739816298881329,8.263147735862523,8.872786696763704
1313,5.695861867478296,8.219951197250694,8.895717907744315
1314,5.666155580875972,8.338070307820045,9.11459449945613
1315,5.597713902398909,8.26919404533577,8.990973367807658
1316,5.607718960821714,8.448751764554709,9.034190899451486
1317,5.643383503960501,8.400707416959687,9.028152298175481
1318,5.625840388934231,8.354999333150031,8.956429931836361
1319,5.644639857835907,8.283909792381069,8.931452301936668
1320,5.654494506670148,8.40319457777798,8.988485887623808
1321,5.675821398498771,8.43550599065503,8.983797677600482
1322,5.643487734567835,8.381806089453853,8.926375672003322
1323,5.669014830105148,8.528815691831023,8.983633332721677
1324,5.645591704269853,8.415123404409792,8.917910438923752
1325,5.541274051419183,8.461039543308761,8.961676472814977
1326,5.590761166265337,8.383358647055548,8.949350856111991
1327,5.628205273821601,8.437695200490046,8.875247519184459
1328,5.57260778896947,8.290379956635391,8.789051137139051
1329,5.660772995388335,8.32394963168505,8.90220726515401
1330,5.704999290976872,8.404258742287157,9.121650760105823
1331,5.687086189531179,8.402866331703347,8.952338983841814
1332,5.613163457523474,8.418552266540535,9.038782822832207
1333,5.6960605679950795,8.47676548439211,8.806142012288198
1334,5.6266474494763745,8.222964385082921,8.894627188255887
1335,5.600050748327598,8.266551616667481,8.865923416325236
1336,5.583927038199968,8.385289512617948,8.956891104846411
1337,5.597166965195441,8.28803129617846,9.165424097801626
1338,5.590576039808254,8.696180033934429,9.00687946812087
1339,5.616201275565803,8.407711047541223,9.103902374000743
1340,5.613405899131376,8.345842467562765,8.945892042812355
1341,5.603227388062731,8.299466028393564,9.073231077038928
1342,5.622621033287349,8.300135492067954,9.127497971207603
1343,5.658006626477878,8.348106417120531,8.950285682819032
1344,5.643653357067757,8.353033624497643,8.913094254337327
1345,5.519633238474263,8.292711709403225,8.847813891770507
1346,5.463885715222284,8.30741644574643,8.92532113542655
1347,5.636002550495438,8.46531484829057,8.953209553354602
1348,5.518648550300457,8.46529717932566,9.10555154387706
1349,5.573461292162494,8.347816921122805,8.835701319487345
1350,5.523902134164975,8.184061991478579,8.940103772840866
1351,5.490018132401726,8.367421452129165,8.786026486754091
1352,5.604900804533062,8.464192490770317,8.892680363159272
1353,5.613497084436993,8.440746687543534,8.947194491654544
1354,5.544426608569418,8.372028072182905,8.95856356768845
1355,5.441413959495457,8.435458703990125,8.959766826261468
1356,5.54136893992857,8.293001276855136,8.939340886523894
1357,5.585987593020128,8.344736688693207,8.948703004060393
1358,5.490169186319471,8.207931132664843,8.900467819617575
1359,5.571001273784028,8.299138015008776,8.80733930777123
1360,5.558787438831656,8.396589955222415,8.737218259445243
1361,5.586238299653853,8.198243402358242,8.835622146339384
1362,5.560974675796454,8.164416704741736,8.862420384471678
1363,5.504065281782554,8.253513347082764,8.967164711240148
1364,5.6102715135404475,8.214131818179737,8.852292761682497
1365,5.540241807047225,8.294578722404731,8.837938427560353
1366,5.5445295430065205,8.177038449383865,8.877663714983056
1367,5.496958992785519,8.386745634898382,8.8182150000563
1368,5.519187034842385,8.078310499593494,8.897492897876784
1369,5.494840903701209,8.324869598100278,8.983671380377587
1370,5.528164763177259,8.115073253486955,8.993106731740335
1371,5.620129651154464,8.003868541542333,8.817972922323152
1372,5.463682464610775,8.199012147620087,8.829376021160837
1373,5.449333879542906,8.14137348545441,8.92079991654282
1374,5.601306025993836,8.047337550470866,8.774415811143752
1375,5.515018017880875,7.981482326656021,8.832526815752912
1376,5.48976838829586,8.139965622321991,8.679017462102843
1377,5.572956213894576,8.229430119317982,8.736465012579316
1378,5.488420287074114,8.18125249446587,8.845189171631707
1379,5.607742763949779,8.119207506552087,8.68648119096515
1380,5.548080915161464,8.152073325029969,8.724801616266966
1381,5.487532523055461,8.09199400924582,8.600092936549723
1382,5.617538103976315,7.942148130844471,8.877353447279708
1383,5.477132674431364,7.933317765017895,8.808677980554164
1384,5.542270043305115,8.045261640011798,8.7133121724882
1385,5.517877884139435,8.039572505979518,8.729381721525566
1386,5.565749425731849,8.130686792660603,8.710860373365394
1387,5.576488152406664,8.11116436548041,8.78023602620254
1388,5.497764155935193,8.085690812789673,8.618187793538354
1389,5.45624553491719,7.986794420292075,8.708375529765481
1390,5.5146686390131805,7.866307769061083,8.725994877408842
1391,5.455538989727874,8.035039048101504,8.726943726318735
1392,5.58784996929728,8.035720044195887,8.438796299305992
1393,5.4917643439757295,7.73363698665686,8.561348174643415
1394,5.46442959159105,7.87826282091199,8.517420132723247
1395,5.489688896858903,7.881720872401919,8.600507658701249
1396,5.4108588996119185,7.951717872738302,8.416771863636246
1397,5.4273959642394445,7.848533961006062,8.403848744435555
1398,5.533759932632961,7.913978073242698,8.730484843760978
1399,5.438658212792766,7.885597727381537,8.595609229620763
1400,5.4169221849885885,7.879537947000162,8.54513363360984
1401,5.493866296447357,7.8125609581693105,8.553751342223647
1402,5.524085908010888,7.808999057040468,8.525519122061358
1403,5.498516523467935,7.753521593899784,8.582707780973404
1404,5.510140515524154,7.888163243463963,8.441389535470032
1405,5.420268765189127,7.895836340482083,8.495940977994547
1406,5.384789489191399,7.750199171552062,8.48819752514247
1407,5.528719322007184,7.9678291217461235,8.37521647546775
1408,5.435292377761406,7.772782327828034,8.550058260154428
1409,5.436659562031478,7.945715579151244,8.401157163293762
1410,5.513386875397728,7.71692000540902,8.50709788494832
1411,5.472565735970668,7.566895798558808,8.423775165757043
1412,5.465326802488657,7.798183351068112,8.534136069455315
1413,5.548561820146699,7.771221206248317,8.308999225797551
1414,5.4059161904776545,7.7382063358439765,8.294386252192384
1415,5.48226561701879,7.658945102225322,8.297569845646517
1416,5.436506884446073,7.708117653766526,8.369552806070542
1417,5.444869568144953,7.648864586518686,8.471079432539323
1418,5.505648209383001,7.658184355012617,8.464095372527584
1419,5.452402517043658,7.761028428267395,8.140753428941528
1420,5.451712581101168,7.683753909904793,8.334451616992444
1421,5.476211298133152,7.714819376235538,8.046387948661138
1422,5.4021275545559995,7.6191584667276535,8.356005003750179
1423,5.376205072525496,7.59669764347131,8.370867216957688
1424,5.363716565592109,7.5041421046425985,8.267242244327516
1425,5.315431769214356,7.571118518649783,8.266269277534755
1426,5.514353632007587,7.26468729615918,8.254575577439027
1427,5.354177636937746,7.526501765777008,8.175111466051128
1428,5.396071256092337,7.566114264042674,8.261638144587478
1429,5.391090256108482,7.619503123991639,8.197880261289505
1430,5.418099341057439,7.525162231305405,8.280167641515357
1431,5.441315052540279,7.575755619635149,8.18606953922054
1432,5.441352152209703,7.312035408059416,8.115760997107952
1433,5.3669759913238115,7.513428109672081,8.05132833550925
1434,5.38557626205597,7.340334269070004,8.014702219499743
1435,5.4058649282458475,7.376705873813797,8.258536972896085
1436,5.377106055322403,7.468153930368764,8.106704479783572
1437,5.467713668727903,7.603917352650174,8.160291174783636
1438,5.40970201264076,7.502921899542534,8.265831043106518
1439,5.419705125781621,7.457227948640731,8.06820907385176
1440,5.413914367073116,7.443152310543002,8.053192865024936
1441,5.4372541588672245,7.363543315246947,8.083076121521824
1442,5.385442800926497,7.370412512366107,8.086365469736975
1443,5.309362476689825,7.457560299471815,8.225483945802345
1444,5.392001916322597,7.266409031538695,8.190325016624959
1445,5.337264211697123,7.454486735041152,8.105422791856817
1446,5.341216852409015,7.346683993494469,8.162516373154675
1447,5.394782609455987,7.458564119995249,8.023236605788581
1448,5.42519637547777,7.46271498305127,8.052481659845999
1449,5.362164704951327,7.190021094421123,7.9956084041086015
1450,5.374362771228211,7.290024981570794,7.907810730144289
1451,5.441852952044066,7.2536165736739475,8.098793607525783
1452,5.366602037186347,7.149018518275187,8.036598642073118
1453,5.482471795961671,7.218298558330084,7.98722633525349
1454,5.378487472671894,7.557079496176458,7.977442197990664
1455,5.259999290123211,7.365451180596855,7.849145858445948
1456,5.383531033836294,7.487922262185552,7.88359543867276
1457,5.3627494831912825,7.370946261300692,7.980985813765123
1458,5.40600789874027,7.205847353528193,7.9042169419613675
1459,5.373009111068709,7.234004664461791,7.921736169403225
1460,5.330258111612633,7.323332878694224,7.923545346916437
1461,5.2737979505992145,7.300707156527487,7.87024474894453
1462,5.322394734904481,7.191851782099026,7.840495375210793
1463,5.288153993624913,7.091380594225368,7.782191300809258
1464,5.299489045081766,7.5641166801135515,7.892876241910897
1465,5.3557804211584825,7.214355142377185,7.9476730791345735
1466,5.40768409110837,7.189196774785824,7.760451361297918
1467,5.341760888382536,7.226577710953281,7.883949009983336
1468,5.260072685297065,7.1846200225504875,7.90247005598263
1469,5.339937578284,7.214991306121038,7.7950948401950155
1470,5.375380705106329,7.325417424506548,7.982494040818754
1471,5.282902750346436,7.178452633375372,7.8325073946780845
1472,5.304534880365114,7.069003413794658,7.850087968365197
1473,5.30981506938053,7.163660858752974,7.840295106724425
1474,5.267681742205459,7.128121184259718,7.706727980021995
1475,5.33718775449895,7.311874189553209,7.924470175848962
1476,5.2965744765170095,7.281707335738304,7.762896784933865
1477,5.321447732938885,7.170648578254635,7.816174436979096
1478,5.253946803767364,7.0275138968867195,7.878857505328027
1479,5.274299874135608,7.028481578791376,7.944057364941219
1480,5.3301443075806985,7.1484594593048625,7.737123979166087
1481,5.273237106128584,7.176649772769027,7.784327360417917
1482,5.376081553308419,7.101820483106104,7.927361969724996
1483,5.267607220912956,7.087726896186972,7.850783822092589
1484,5.296680007825499,7.073121596764311,7.864495228806304
1485,5.329933125837242,7.126917062348339,7.724023062367782
1486,5.210244181128538,6.88803305227614,7.775286810803609
1487,5.190981980998393,7.013427883387742,7.789905140245708
1488,5.200600629446795,7.058305609652968,7.732607685038836
1489,5.337874743145411,7.239410430705769,7.66538025544238
1490,5.2450157921645895,7.035127733333632,7.756812069968295
1491,5.3983828933799805,7.1326046877267935,7.9045009295104265
1492,5.24012584641931,7.135460854840029,7.799597599848912
1493,5.2754321558522195,7.241046927217874,7.903712835451953
1494,5.341177519212122,7.236161685476579,7.807197046489953
1495,5.36224516290107,7.103002187788602,7.731004437729627
1496,5.362885259719474,7.060252242786666,7.893895952249862
1497,5.318099019764393,7.040665071925894,7.808377330604751
1498,5.306755526292589,7.082388819275255,7.868242248116025
1499,5.283051503117478,7.062737240723591,7.705931465323448
1500,5.290217028477464,7.161346928889392,7.874798976837016
1501,5.221614570689185,7.148056381237736,7.87770797010418
1502,5.206139856464462,7.1654436734146625,7.816073497277254
1503,5.2447580836574685,7.232626288292604,7.729229864569919
1504,5.2342956425259315,7.293614586457696,7.791189825163526
1505,5.218022599011217,7.120618273273854,7.845055225712157
1506,5.27338356184684,7.219116103463288,7.816392470775789
1507,5.284210697540026,7.075213986024079,7.847380909170407
1508,5.238748088174967,7.230282342468969,7.882132745294327
1509,5.306087613243973,7.219524360534946,7.751326283976179
1510,5.173011076868166,7.215995726844159,7.713033794458762
1511,5.218298040518395,7.126529331098375,7.8048621000123015
1512,5.190026435355053,7.052440852567086,7.784097216256586
1513,5.130428314901264,6.982162750345431,7.876140450041613
1514,5.217509761771313,7.120133826206976,7.730291961500667
1515,5.213446126363787,7.280142132946241,7.901042857226965
1516,5.293096749547958,7.098739378006956,7.931041408335675
1517,5.246856661572578,7.211297380635215,7.826294833515908
1518,5.161999604916408,7.220416716331323,7.834823323468791
1519,5.303807496539866,7.111063873944118,7.7724287759384225
1520,5.270049527865451,7.2746499608122885,7.7944597479995545
1521,5.235998755378123,6.855902371778578,7.80941579748926
1522,5.193466744101199,7.0284142345456,7.96189589641788
1523,5.154717117244275,7.063212487749989,7.845254625949544
1524,5.181977920985946,7.077054034332976,7.7499374143742275
1525,5.252925921630845,7.197062675389948,7.881007584783174
1526,5.290619086420646,7.197009624388838,7.93170905405323
1527,5.271454277113271,7.212130517570219,7.868755693664133
1528,5.16775300775914,7.237218848330253,7.993662059809449
1529,5.134119033381688,7.087630511252699,7.943813090119965
1530,5.195049691114382,7.066002009403471,7.803317889121746
1531,5.097489931214727,7.232775899499821,7.848915020593037
1532,5.199977852404153,7.135587936813352,7.9170521038348225
1533,5.174347950536916,7.0471709233933675,7.771723288888035
1534,5.156335913347412,7.307097328192281,7.938128581592925
1535,5.097813288575916,7.355351812561334,7.776629313445018
1536,5.2011401951533065,7.377567692029793,8.005897708076516
1537,5.1467379395923585,7.246690571441074,8.00320026550551
1538,5.11279097488384,7.296846325034103,7.977721338595733
1539,5.025588583920898,7.377625228604136,7.890110994262618
1540,5.165741869548521,7.18300089877479,7.9647587037462175
1541,5.253647156630038,7.364829856849239,7.9171490322998
1542,5.246015540778107,7.288033573947681,7.882943014051641
1543,5.138016811213729,7.358705896646237,7.9456067190416935
1544,5.128681105235211,7.292890356967468,8.035970869227812
1545,5.180151544965257,7.410955173496413,7.991120352233868
1546,5.104715723288528,7.3108289913275994,8.111276266147057
1547,5.167647791984122,7.147320987860236,8.0641813369654
1548,5.188786450797161,7.4482454651600865,8.063405209898207
1549,5.20975437557755,7.215721691897011,7.88987492775286
1550,5.141326325166695,7.443286998362859,8.003739923497474
1551,5.134077692672731,7.316544105374196,7.949447172112064
1552,5.098290638100005,7.4508338382893,8.02807822368533
1553,5.098775172539558,7.454447371964068,7.995451277706396
1554,5.126725703480011,7.391792268089571,8.028969574413399
1555,5.154349415761866,7.407504889215527,8.152401518899865
1556,5.179592898073995,7.406849743352583,8.113921161668078
1557,5.0916882790480305,7.171198253488927,8.164921312006994
1558,5.204416247811567,7.392462084382685,7.964802985200158
1559,5.114161264538482,7.277121604948918,8.106051712571075
1560,5.12458573702959,7.413992444226622,8.18735298550664
1561,5.086231206359569,7.290768031589413,8.239165959418706
1562,5.000318496771231,7.2947945822684925,8.003499848072844
1563,5.163672529453498,7.582045719652513,8.107947864298513
1564,5.15425323420822,7.536790559432483,8.227555383111875
1565,5.101286470568622,7.4377522140369665,8.138212778935037
1566,5.116645222194944,7.464987122107486,8.089562557434718
1567,5.137036513452017,7.430081594318128,8.047216119755607
1568,5.031057153765506,7.520238944515787,8.104155184144782
1569,5.080677734081672,7.404035159392948,8.053785605419874
1570,5.1447905500518445,7.579411094986746,8.202428190960958
1571,5.040310819303409,7.463128042317009,8.278312969852141
1572,5.115652187217663,7.454850869890354,8.11458616018936
1573,5.031095225769216,7.507400900309702,8.244933692043816
1574,5.120196865244219,7.454500132910735,8.300779355401824
1575,5.093045366348688,7.554855462795522,8.241770561698004
1576,5.012023947716186,7.4766065865257945,8.121944444720897
1577,5.148971627477376,7.585530046904657,8.290488896710059
1578,5.051960224841357,7.668588431429939,8.263987450529061
1579,5.046133347929755,7.483336985620132,8.264577353841451
1580,5.09463161740275,7.550460318760776,8.242056599115172
1581,5.1399932339241765,7.617863040057606,8.301415819998844
1582,5.029729505055723,7.536315806883241,8.343886975057138
1583,5.081564838179114,7.6344607329557475,8.502937670477092
1584,5.097882940005548,7.651647367570232,8.329208332690321
1585,5.1090596837650315,7.7124602625139405,8.449596806256952
1586,5.081189788179712,7.551505631889948,8.36575361460116
1587,5.05198064356761,7.525737784230755,8.337538756327698
1588,5.0269178671782955,7.597104557052332,8.365688955368467
1589,5.070570932126372,7.538866587139298,8.264302911518605
1590,5.010624163704049,7.699799952229481,8.394676096342037
1591,4.916131982515676,7.534808374983051,8.218932585529268
1592,5.081996904835265,7.891839889221001,8.317296367336079
1593,5.103336079660915,7.79560348339233,8.403026716114232
1594,4.937964153343593,7.674654802619418,8.497601521799407
1595,5.003596691426983,7.767433687477277,8.52428704708021
1596,5.083014404775363,7.5242179896717705,8.398574449731573
1597,5.152905943287505,7.947342851117664,8.437520046397285
1598,5.0490463457703205,7.642991319761358,8.511276064262256
1599,5.009583015911409,7.6968667809335685,8.3335284651195
1600,5.034815854999752,7.530120011902,8.479521712474655
1601,5.110683023084722,7.771028607732156,8.38805416215452
1602,5.007620528728227,7.618338402023287,8.447569671299718
1603,4.997939682888785,7.745594469129029,8.43150703293288
1604,5.011743662123884,7.687337437367206,8.509850673680655
1605,4.986196971801967,7.640203213010408,8.525716186138457
1606,5.037980490462433,7.673627795341339,8.55952166828082
1607,5.111065477995726,7.782599626677567,8.522505300974741
1608,5.043971106595513,7.6376961198204585,8.514663232990568
1609,5.013186062655167,7.696652990271673,8.655398918551974
1610,5.009200775588431,7.843412066716614,8.391136002974394
1611,4.943620405819956,8.04274205811003,8.654600002290081
1612,5.0639250477777376,7.835518261783275,8.50148791283279
1613,5.01386831667774,7.701151745956414,8.575920665655037
1614,5.006727802896912,7.761135557331318,8.509622771319632
1615,5.173399802954722,7.805822845398368,8.484746328704695
1616,5.026675699402926,7.772383759741641,8.584835287371606
1617,4.97214313383658,7.902137216238029,8.634401664253492
1618,4.986410441320952,7.837924285385404,8.593674716338517
1619,5.0631472433130575,7.911145727719403,8.51710551200807
1620,5.009386116533358,7.792935363624126,8.853859176250573
1621,4.929807336174523,7.960782471706086,8.665146914831832
1622,5.045682321333401,7.815267871030339,8.648069528080788
1623,4.964314309772182,7.7383105813922555,8.549135286989536
1624,5.089388041734897,8.0565018591935,8.531156558026154
1625,5.047728194015452,7.659437437076805,8.562405228562621
1626,4.969363332183948,7.771049961733745,8.674750643529922
1627,5.053784879223185,7.785031067992384,8.512256934780785
1628,4.991132468265881,8.10119413186337,8.509135769469937
1629,5.028385005033646,8.033496985021594,8.64066061356154
1630,5.007990587116884,8.004467824704484,8.62575358305449
1631,4.939444734415749,7.8240878340060664,8.541128617212427
1632,4.947594691903215,8.101663495274515,8.517806551474264
1633,5.029280835695007,7.897584797912978,8.72229564271264
1634,4.959055633953204,7.959990423672632,8.637795869237712
1635,4.953624577087633,7.881557454587162,8.501933618806868
1636,4.924064464425238,7.859773260406264,8.50911558893772
1637,4.991015132770521,7.840481129671832,8.58508089641129
1638,5.070977004009962,7.845440140114309,8.673831484016036
1639,4.912490682854759,7.927803571555973,8.66381225371397
1640,4.965095863387631,7.904028918559608,8.707557507356453
1641,5.0325144712825285,7.864319816630831,8.498410397625765
1642,4.955940917383117,8.018380147682894,8.635964055023951
1643,4.9805621101723005,7.5705153917963255,8.732349239541822
1644,4.902845366852785,7.917743984053564,8.724922254842388
1645,4.9754029100121056,7.93789483504333,8.646833762890447
1646,4.9426538422899995,7.97998371457471,8.805586051298647
1647,4.999322043715509,7.857767198696262,8.665911437829154
1648,5.007430322409948,7.883813489514582,8.699812641974923
1649,5.075565664848112,7.960183539153333,8.618973105752474
1650,4.9730965908452225,8.009072570481651,8.551763620911805
1651,4.958433183479768,7.828069585061498,8.542849304659933
1652,4.949892003731504,7.882788132807328,8.625819771678126
1653,4.920544880057298,8.021715612279966,8.592595198154216
1654,4.953158777466932,7.639023712970071,8.466053852679163
1655,4.919496889441577,7.779794241358739,8.523303443117566
1656,4.940723366983452,7.992549468406051,8.577522156049998
1657,4.996214536246911,7.95219180337138,8.658606084371236
1658,4.878042855082759,7.891957041948428,8.596369467105651
1659,4.983400217375936,7.791430335948461,8.588924886419331
1660,4.990299330260814,7.744489406297586,8.512575388893007
1661,4.916578419229517,7.7697354652217,8.59002459926519
1662,4.814428349934375,7.9796490438527625,8.690147732538001
1663,4.88817022496611,7.757801534645498,8.59332038401029
1664,4.981452260725265,7.826393109872904,8.456351441216103
1665,4.913501318509298,7.7362936049072175,8.472685402991885
1666,4.862722776897731,7.8911650689420965,8.615590776110045
1667,4.885493287511291,7.748049345669729,8.546033878543707
1668,4.950808157641184,7.787009249926507,8.553316506247953
1669,4.9341599346635885,7.623090869627163,8.505381777501693
1670,4.892923727938433,7.624567977824915,8.589606349849973
1671,4.884577165167185,7.7809646834762605,8.520009661370198
1672,4.881379506896348,7.641792698427929,8.523722213352274
1673,4.852896908956105,7.978748330312537,8.464941795046037
1674,4.977837181241371,7.5558405976664735,8.600985355586262
1675,4.8790043261613185,7.675552470218179,8.50359366246956
1676,4.954031202297255,7.750642955825721,8.563774724319975
1677,4.967292978779536,7.70569022092702,8.413344761012448
1678,4.93919759382506,7.6248494589139275,8.641060369936323
1679,4.865756878336541,7.632363690503462,8.597889254676904
1680,4.9055812153785485,7.621817719513296,8.336099313690507
1681,4.882242718780144,7.684774062792245,8.417748377126296
1682,4.836326165164301,7.901041033117992,8.512973161161327
1683,4.89578895176584,7.705884931758305,8.361884338181993
1684,4.818679697493488,7.808467977708447,8.4494789736252
1685,4.935077325254218,7.732808463975846,8.48652708655689
1686,4.85052512866924,7.785278730524246,8.429857274910521
1687,4.881877582469841,7.3855291297565335,8.479832656298859
1688,4.884048567350465,7.626566941829874,8.373203494433689
1689,4.855004466655976,7.779070349861766,8.24093656988753
1690,4.895350913970416,7.5823869908274375,8.490701226647005
1691,4.840338516125074,7.8068742354965135,8.481720662726326
1692,4.9057170049095555,7.76994779400887,8.595335424300876
1693,4.792922562642903,7.565446067513832,8.20972707483469
1694,4.864610897306516,7.552714688342839,8.43749760899522
1695,4.953309704529063,7.492216988895851,8.21094014494177
1696,4.804418988683659,7.521042455873801,8.49983562730849
1697,4.818621570334391,7.451048241788522,8.389107923472523
1698,4.876278438417501,7.607377736394706,8.264570881965875
1699,4.857637324751238,7.408968924265984,8.393677085854456
1700,4.864265892502218,7.604914644679034,8.277440599585514
1701,4.869270857613822,7.597211169199365,8.336036587473442
1702,4.874625649305322,7.358042417533808,8.31869685820607
1703,4.8964536034682515,7.668805335382796,8.43187121135603
1704,4.859539539952248,7.5547495746809545,8.427554146617783
1705,4.825066679872448,7.567831705479099,8.224509244901302
1706,4.868840162443475,7.406380299458969,8.346780983338643
1707,4.928288447710952,7.533784911835931,8.280277069577101
1708,4.824746495553523,7.57340542923946,8.1285515189067
1709,4.780736507390146,7.440046904792562,8.1754666171204
1710,4.882902753204816,7.6391679304031666,8.407581658160588
1711,4.819616365546777,7.432380099814115,8.238773416982623
1712,4.715089606856619,7.530983940965647,8.279516298710371
1713,4.864182784358498,7.435075526180854,8.171896814751344
1714,4.793134862999882,7.453137455371382,8.134932806051006
1715,4.813465134954309,7.2162079396585375,8.169522327032771
1716,4.832682296867876,7.409151469811164,8.135214914427074
1717,4.823700699619128,7.287206458561709,8.026158019919192
1718,4.847741695321823,7.264678850658702,8.054424073211576
1719,4.788589127838372,7.512304466067839,8.180353480202792
1720,4.834114030768544,7.305057272717971,8.082264756681727
1721,4.793577653588123,7.214612891656382,8.103742322459023
1722,4.841592709758041,7.267511272856771,8.109418279707436
1723,4.833518709323731,7.16183732469657,8.104583494351402
1724,4.754077500117864,7.4237092340395465,8.160161397839435
1725,4.85324859133824,7.199175664635811,7.9694195024184085
1726,4.770252313320572,7.310085187166993,8.091803983084686
1727,4.83555532479976,7.3811698180863825,8.095447084432637
1728,4.811619698653326,7.183944327894718,8.102770595479168
1729,4.883268363234423,7.275562784739369,7.8997271335589
1730,4.778290674527298,7.107757377151081,8.022008662966428
1731,4.770103875457217,7.443756874006157,8.127780278520955
1732,4.784705423478425,7.2812443526266115,7.971448126203849
1733,4.768625049559903,7.156788594274122,8.006957385735918
1734,4.821889714673555,7.087229223669302,8.019629958610727
1735,4.699186615502632,7.141600734229036,7.864105659103996
1736,4.72542849631571,7.107518208930198,8.081822559485348
1737,4.722833887070808,7.32535958050675,7.964082331721453
1738,4.821851772681214,6.996096489566937,7.954724472638188
1739,4.857980365228518,7.120755159473707,7.769284255475273
1740,4.765341482301878,7.094110394359738,7.954936356308745
1741,4.760238046339586,7.072920375585916,7.921059947216449
1742,4.770297872094883,7.062568838431785,7.999708667286242
1743,4.8230062522086055,7.050648267158986,7.834154131026685
1744,4.716662694735745,7.138446374924486,7.769384244780544
1745,4.773067755706697,7.1009860150406725,7.783222736523768
1746,4.80802908347111,7.0709936963618985,7.786875704995465
1747,4.782444745708333,6.714789480465263,7.7273092666578505
1748,4.764990892618157,7.037328427696478,7.909647456467155
1749,4.803686829871429,6.8310238656761015,7.902346487870501
1750,4.616596562456613,7.050540681565508,7.77024532916072
1751,4.783776532886188,7.122764899247173,7.744351511580528
1752,4.71530451002705,6.8721869794300465,7.6204866233376425
1753,4.65460311361647,6.9282213392039855,7.811447740433973
1754,4.769822289245122,6.884148678707107,7.878188029347045
1755,4.81107342340216,7.057412067535717,7.685179026864986
1756,4.733647342885411,6.933259568237191,7.717156874790728
1757,4.7862937035796875,7.086584261249481,7.751694640098106
1758,4.8173950313842315,6.945231302773907,7.845466494185104
1759,4.800658917624559,6.9183187936982105,7.714170159095721
1760,4.815044431602803,6.891228953653151,7.704614097246417
1761,4.768286523138274,6.956661817772183,7.694236659367806
1762,4.7330867067752616,6.691671331331911,7.556923064889865
1763,4.647352542809602,6.864677829833289,7.546343039117707
1764,4.71328444943497,6.839971491352155,7.588736522195761
1765,4.681562915909577,6.910482965021892,7.725829471086247
1766,4.8304109843155265,6.810271087359564,7.609526968017574
1767,4.711209091050251,6.716406109067649,7.585682657151161
1768,4.724304085243189,6.812393927991634,7.576113463596735
1769,4.743859506474065,6.694897927290556,7.600855144185291
1770,4.7166076818300695,6.6023254409187935,7.740163154048529
1771,4.7973233619793,6.859382846686122,7.584174807681804
1772,4.679582520460076,6.836547578864669,7.525794772022357
1773,4.7185904675764645,6.817475797334835,7.5833006389762945
1774,4.669882599012546,6.893341794556787,7.7144270693945565
1775,4.639151962970811,6.688987427863655,7.526693210807769
1776,4.672712520509271,6.604982665508617,7.46549939339698
1777,4.699597947550067,6.733858681894048,7.513125215139276
1778,4.678134413887042,6.699045579183768,7.556896708062235
1779,4.6631291387295315,6.642668543194551,7.595214533794727
1780,4.625585901587518,6.712186380304742,7.614436267662388
1781,4.689899007163023,6.652456687539129,7.444131248814029
1782,4.616971701629846,6.523637287625411,7.4457987606329405
1783,4.728364876104764,6.656917379669424,7.490259782283515
1784,4.692639345746436,6.581373224897836,7.56531304068683
1785,4.613795985435249,6.712331471244328,7.404366032271055
1786,4.669370230533198,6.61790103804419,7.451375503891983
1787,4.645380909291046,6.789189063143308,7.4475207030905315
1788,4.697106421023622,6.833119027780406,7.565443758054196
1789,4.74633010402285,6.735563644491319,7.5277149394718545
1790,4.583709764285349,6.507603958659187,7.553289760027226
1791,4.681381417138067,6.8084965574715754,7.583814052665174
1792,4.6657861177229725,6.811009946211945,7.448185893567442
1793,4.705523324092645,6.650969634344381,7.373755233682436
1794,4.68078063243992,6.777228718624833,7.370573298877804
1795,4.63068773272923,6.585807967261169,7.314498304432558
1796,4.650499817892544,6.450585069369435,7.42153688790967
1797,4.624818453808552,6.557611070393199,7.424387419354534
1798,4.7165882517064635,6.803195909906377,7.515212952989161
1799,4.662022541034931,6.4779813070856065,7.450842436820882
1800,4.754186471953043,6.624062701471592,7.407741440588177
1801,4.6542647908204735,6.624744585603068,7.435364583890486
1802,4.62004930133597,6.567451216156854,7.359402190427883
1803,4.57795664208857,6.5720141387576945,7.522627395830081
1804,4.561659013354742,6.6214083971822735,7.375995953019606
1805,4.57078374841961,6.555984194530126,7.346148784111584
1806,4.66152233902046,6.468211437136356,7.501447844189746
1807,4.671778630572905,6.630337325695957,7.480824410927862
1808,4.565460128836937,6.714787613875887,7.296070411060954
1809,4.68744977529942,6.693224924681025,7.501639232163929
1810,4.616723913342998,6.524310569534195,7.373385276574223
1811,4.646396633077262,6.479377247896934,7.402457391515303
1812,4.717848940205835,6.575496327726399,7.447219581700249
1813,4.680261710210916,6.760308090757199,7.479258930386979
1814,4.620175956501879,6.6679008333245715,7.468236502260762
1815,4.587226530506578,6.6737472757588225,7.429079627321204
1816,4.5223799325376035,6.69254333901693,7.399757606096535
1817,4.5921985049613685,6.646037466247208,7.467567036909156
1818,4.615786034340587,6.616620360071908,7.426174192608725
1819,4.575170851868551,6.671583539999969,7.581324064208104
1820,4.616155167948108,6.551723277341318,7.485252608560711
1821,4.624749704206799,6.4660732816772795,7.366103475671827
1822,4.60785430995139,6.681190517109024,7.403597113250986
1823,4.58478788375785,6.734226232379365,7.447679224556658
1824,4.623912554476611,6.500379918754751,7.549986181324562
1825,4.635769565305971,6.696333704314237,7.561315671087333
1826,4.557346194322736,6.784342907959968,7.419318416134761
1827,4.680607285516124,6.61835134429759,7.379085227146146
1828,4.603326680763716,6.539268657355919,7.371806207390741
1829,4.607394891438331,6.636045300934226,7.480052019873098
1830,4.6400603559801965,6.571544531141499,7.647472101270397
1831,4.614508567069253,6.567957566236147,7.509786677000767
1832,4.648703618602407,6.676157935121419,7.342812240545259
1833,4.6136029218292185,6.475849910429669,7.416085386815836
1834,4.566825671311185,6.495385680332368,7.428265436433998
1835,4.613724442139496,6.6454336981613435,7.4166015513719
1836,4.5366655802614755,6.645167986324483,7.455681619935275
1837,4.597483399127646,6.685814522942136,7.520782082691166
1838,4.5885983355317785,6.8432055600249955,7.550470086151039
1839,4.578059310990533,6.670519782134128,7.588095172085592
1840,4.580244494188681,6.724429958258154,7.547691806211306
1841,4.4907860300600735,6.571760364045621,7.354581638380777
1842,4.555650245741874,6.75096236774369,7.431641377246675
1843,4.585937640751587,6.626535906177011,7.509041755453629
1844,4.587498015183877,6.691472272284891,7.539084006059609
1845,4.526332133303503,6.678746625912755,7.601973528638343
1846,4.63921287158782,6.798373553930416,7.542416578822068
1847,4.530831220310534,6.5696636418844205,7.549060734773871
1848,4.6208261994592785,6.4780602516359425,7.57020790414857
1849,4.591927327326563,6.690898385027323,7.537097058490762
1850,4.536471406182746,6.765084059012013,7.570896030226011
1851,4.655764370943079,6.739575852824113,7.660586918135731
1852,4.505533931112175,6.853812937153224,7.570508212937685
1853,4.609391319071853,6.780695857910197,7.581627286635202
1854,4.611681454843279,6.687059126973941,7.5882999849214094
1855,4.526340947450178,6.5175033729609,7.701867293478163
1856,4.627715731838115,6.733028371255591,7.5165724713859
1857,4.543811539558974,6.866379153714779,7.75456529078658
1858,4.568970834285422,6.7313082171986025,7.525773875675501
1859,4.565775420926555,6.7803774351887665,7.575036359343342
1860,4.5442679562708825,6.826813066136464,7.694541816568732
1861,4.589748759104681,6.690375161158397,7.72507259136413
1862,4.5871086208786895,6.861547541292182,7.5381440302684215
1863,4.458234312452123,6.970344311138431,7.570873125935638
1864,4.609105535936138,6.796844001771827,7.688467047433202
1865,4.458992423040794,6.708793486753102,7.861824908528864
1866,4.591973716839282,6.822692135647087,7.7820818322577505
1867,4.59491193272982,6.614640153538743,7.670716514714799
1868,4.482259508288109,6.878565503078954,7.505287702778087
1869,4.514499153513546,6.897965754439506,7.713669735428341
1870,4.477987556359369,7.028227828634428,7.744505086398739
1871,4.5207605434598355,6.849249534924284,7.693347688608608
1872,4.514339568832257,6.917537461484337,7.664402436997392
1873,4.566959880157625,6.798651273640655,7.753741876133528
1874,4.591728743346981,6.857275894423829,7.674223425250534
1875,4.594234830630688,6.7485820565155485,7.908039350189324
1876,4.494580453925143,6.8898431902001676,7.888261736131196
1877,4.510466857401932,6.887048419074732,7.828269487811152
1878,4.434996017545217,6.955788180343547,7.791559334978489
1879,4.47711527969056,6.871825116803554,7.740343106479162
1880,4.563893099881564,6.9508597063223645,7.800290767942155
1881,4.59467227352807,6.917547321323977,7.94191481198704
1882,4.450419181353931,6.926111349057074,7.889096469704812
1883,4.480757782621727,6.975685296576612,7.844744446258426
1884,4.507305955958135,6.980096954419022,7.911219749777872
1885,4.520880427130352,7.060561482308023,7.88980721718761
1886,4.464639195294691,6.980779015579969,7.886716950755331
1887,4.524570301895239,6.966249847482396,7.9423120145425905
1888,4.477924036541581,6.991544526207263,7.914073196587679
1889,4.499143019978325,6.946533577650557,7.950226964085784
1890,4.525430350515963,6.990367439139587,7.9032695124670145
1891,4.496688630728915,7.237812836217211,7.878824041911822
1892,4.472800475926529,6.951743387271922,7.864072518740583
1893,4.487392407126014,7.023431844815997,7.86328413833768
1894,4.486708749449732,7.020802788816052,7.796966591176271
1895,4.470881218785326,7.043052691394954,7.861100371160175
1896,4.474697712360973,7.042824212597129,7.86742271826125
1897,4.565826491143856,7.112006626675869,7.910695000875045
1898,4.512197593613526,6.921151868027184,8.08480605787457
1899,4.467635964950772,7.2039217010004615,7.9557138830172445
1900,4.515516931316048,7.171442569318913,7.996097069116867
1901,4.462238337008311,6.991817594615836,8.006998896211675
1902,4.535846513513391,6.897054409995777,8.12045432460412
1903,4.4939342306795,7.034045444119628,7.955648679569003
1904,4.468349722167968,7.115205915324316,7.992070795046384
1905,4.494364252386003,7.40514730752305,8.009479310769182
1906,4.391699043213993,7.20901132569282,8.11692270337166
1907,4.4121697896545875,6.981412464290764,8.141471313280693
1908,4.4070780921898445,7.100606333005563,8.079767160499744
1909,4.472188543351305,7.171562148366624,8.148201856204587
1910,4.549935050951062,7.209470745648939,8.071458127079506
1911,4.57314308647747,7.059750464658527,8.051017090880222
1912,4.491750277825445,7.184749761539656,8.166603854121355
1913,4.4831604550481465,7.1334053281429695,8.118692941637013
1914,4.3663367176703805,7.101607459059903,8.028112290618957
1915,4.427528151565829,7.24464720373841,8.173909885547035
1916,4.413545754797108,7.302666608874664,8.084485195334473
1917,4.420166526553709,7.3158579240101345,8.081630771638894
1918,4.441076542413015,7.2955477586784205,8.186349473021009
1919,4.424154893704338,7.194604737944711,8.114492262848286
1920,4.347070983257219,7.321903342618784,8.159279335069943
1921,4.48170889927771,7.287331510449229,8.187552661935891
1922,4.388954508959033,7.275665949073996,8.078264885865577
1923,4.4528331378737045,7.206813158543866,8.177856230174337
1924,4.542854922795485,7.223867659523897,8.261055977821837
1925,4.391462414156218,7.286375989998277,8.082469924886654
1926,4.309198981383708,7.528263177080026,8.200725584345117
1927,4.419695719140859,7.319542066972392,8.103974685911115
1928,4.487327343197634,7.23329201516059,8.257494108664279
1929,4.528481023441436,7.21601328802096,8.262033250646457
1930,4.367371317931415,7.254762682633526,8.157879270964933
1931,4.451969762951709,7.526199029523522,8.36798283408674
1932,4.402156139870446,7.2729151384771065,8.284570827802685
1933,4.41841196226924,7.407737363901731,8.25726177210874
1934,4.554215120537661,7.283503058602985,8.257259040552897
1935,4.345138865468919,7.351093717174115,8.28826084435408
1936,4.431264648737137,7.407860785850764,8.13406343729893
1937,4.440253462668846,7.275036460053004,8.233281067196591
1938,4.4694501129629245,7.271483501257086,8.252192754645405
1939,4.4183528008151045,7.504675005708114,8.193177151198375
1940,4.427149869905794,7.440264226010302,8.265845700933381
1941,4.390459467285384,7.423710752617313,8.330493350497246
1942,4.421793647955103,7.426029642882919,8.201331915120784
1943,4.389473944438695,7.395736260478637,8.233653339046398
1944,4.436009261685494,7.553849565671586,8.175110874971478
1945,4.3847481106023185,7.35857110462081,8.100364010791088
1946,4.420382458118595,7.413828335338084,8.308016673059633
1947,4.398363959140098,7.212744755366652,8.245834487496055
1948,4.45443012372061,7.276884721062762,8.253701428808396
1949,4.393859285892153,7.240653165267322,8.172764604368371
1950,4.306079558658068,7.489304051493659,8.23848598224772
1951,4.45613031578376,7.107613553179149,8.342480785801508
1952,4.346051532643156,7.32341266077726,8.256052227137745
1953,4.356954585526629,7.06485436648372,8.259359727394214
1954,4.35816543994042,7.28148199740839,8.274470192042797
1955,4.454976858471803,7.31570525442213,8.159603864837084
1956,4.277778538848752,7.503279507724281,8.308957464044495
1957,4.53975781810569,7.404249690849055,8.158799619162215
1958,4.433982219468613,7.28086893502768,8.18409955514397
1959,4.390651157609251,7.470176863158834,8.175186166807935
1960,4.375055189631781,7.364561934906878,8.24476071212346
1961,4.390389115615271,7.365534108759393,8.230038349462781
1962,4.400479899529019,7.240309241235353,8.257392674662178
1963,4.404997767251181,7.260174085852916,8.184126393032543
1964,4.39883126428174,7.275064808962707,8.335842736010342
1965,4.373844970834997,7.360419764837364,8.320781557305766
1966,4.3578147538890395,7.36156140599325,8.238610609406702
1967,4.358434590774336,7.5059815529457214,8.21250294926628
1968,4.354570262491564,7.387677754420806,8.20248078101655
1969,4.419322443983675,7.075816437038008,8.22187569251865
1970,4.390630878543991,7.370039191394239,8.132326802878406
1971,4.212253554224639,7.195777039805371,8.16503866187375
1972,4.390388808130509,7.240987520897486,8.30787995900315
1973,4.365652201784587,7.252976496847548,8.260281300049108
1974,4.353302415949847,7.264272051499379,8.363747842728731
1975,4.333135231400672,7.189307788643458,8.205744258691087
1976,4.407090928477698,7.343193049589341,8.197238076789848
1977,4.396586591729161,7.177592970651121,8.189812713768152
1978,4.308892198679044,7.349975566946531,8.193004218992664
1979,4.366215346757694,7.533449883854584,8.161642169382407
1980,4.295607382471347,7.172070385420048,8.231828205631286
1981,4.273537633803482,7.271619579834707,8.207998935640504
1982,4.309511839287599,7.042601330990641,8.160211049951968
1983,4.382297367822346,7.259543542306447,8.296243270359257
1984,4.385164774952565,7.348413822565286,8.342840169672472
1985,4.3614944565463265,7.350527655407434,8.27921848014615
1986,4.370427471701626,7.280339950836214,8.22513921314019
1987,4.358314927075927,7.355489690391309,8.235847783159372
1988,4.298766096446504,7.514950272221565,8.317658060053393
1989,4.3507712996388825,7.425180306037321,8.224032525411456
1990,4.367531477157915,7.195128228901874,8.110279739349181
1991,4.363562227756321,7.0955278613683666,8.182191490718512
1992,4.383630821670421,7.193110566908956,8.194453821279973
1993,4.357938668334091,7.13194651588474,8.058153124809316
1994,4.338435039859355,7.264532458735288,8.108146095600226
1995,4.372710125122008,7.0938673478905425,8.21201804775793
1996,4.316217363768317,7.197131867164808,7.970991834477019
1997,4.271791337079839,7.28048372413044,8.009562320787845
1998,4.306074193325777,7.178724191945613,8.088052643508492
1999,4.275325709721288,7.086119625132564,8.12287394647637
2000,4.277156056794262,7.290037985998244,7.978231698929477
2001,4.302033993317337,6.97631504093188,8.068812852416844
2002,4.267984714428244,7.122943864610387,8.163224853325218
2003,4.290554244522865,7.142924038088369,8.068239299849589
2004,4.2096190246718,7.139906825170473,8.129557360535285
2005,4.313312706477765,7.147453602054741,7.9986062953115615
2006,4.301057383628881,7.18140105844439,7.972592299348878
2007,4.258492592308306,7.107637434144194,8.096573798757246
2008,4.330660046121055,7.065064504446748,8.049354432576468
2009,4.34292783284294,7.051677688870021,7.9159889427140335
2010,4.21402372001769,7.021728603248792,7.937670053016747
2011,4.254618685182798,7.151958527913589,8.11768498047978
2012,4.252651840685464,6.998759041760668,7.909218900722204
2013,4.2424686599603625,7.138183653848789,8.048481414114615
2014,4.32929323631934,7.045391385453787,7.925922255734819
2015,4.27648468844595,6.981244577776303,7.954258847063403
2016,4.271307576024914,7.084986416678619,7.968313104779675
2017,4.182698343709307,6.940076444312703,7.76680048280219
2018,4.313021328002189,7.066220377004184,7.807898871811465
2019,4.217647291623759,7.013162243490365,7.921767701445588
2020,4.2809674476570265,6.921655908013094,7.846772343248148
2021,4.290201087311617,7.023465291499878,7.9742140278741065
2022,4.342727413558716,7.014492537578092,7.755686751682635
2023,4.2076165258375395,7.064739269807436,7.919007713727081
2024,4.12044581829357,7.034681442238024,7.753226186221891
2025,4.278978601468786,6.976202990496838,7.824621474606941
2026,4.358177198899683,6.803258512722722,7.7570388152759895
2027,4.328465290102075,7.149755281138797,7.983719544187659
2028,4.275368092479311,6.753354699033667,7.71364266138896
2029,4.23867127791575,6.977406970707344,7.800258734792448
2030,4.301977998324279,6.914321817563075,7.661046544032834
2031,4.211314155207734,6.742444305436547,7.916281295307448
2032,4.2821797653591975,6.836049773649372,7.809496746545683
2033,4.282006611138634,6.8291860331473515,7.777390597511138
2034,4.308115639027454,6.956165104256893,7.87338043924775
2035,4.391460999846574,6.742789251885514,7.75619985151306
2036,4.271472463877985,6.776411303306959,7.750914369583537
2037,4.224777964814632,6.557460223964275,7.732805207511615
2038,4.247322723627921,6.952984738092206,7.75625634767244
2039,4.158523749280955,6.660886785945209,7.660652585247801
2040,4.210618805003252,6.789037715098847,7.671775072657291
2041,4.223268068022976,6.734610725750273,7.742606850427626
2042,4.2159063093358915,6.723352151626183,7.688827798714862
2043,4.248107822665996,6.802539045479039,7.646356191006639
2044,4.197749242399426,6.877083550442323,7.532315513129502
2045,4.293302742056562,6.723518985642506,7.7530707842683775
2046,4.23564334092087,6.752301586405178,7.56919174156035
2047,4.233550559510914,6.708122946266718,7.689984200238983
2048,4.216004236138995,6.76544676876105,7.6139824899316055
2049,4.238542710654146,6.605885623949375,7.485386934365332
2050,4.270423101886946,6.748227721039288,7.678013560942952
2051,4.18419749735245,6.74028177933831,7.587195044485535
2052,4.193034810057182,6.7260642869117895,7.662695357439604
2053,4.209141765930237,6.540414187025514,7.530350563414576
2054,4.155422760135568,6.578257105011346,7.590386395403859
2055,4.180142457942406,6.607746864061535,7.382226567704461
2056,4.1956841571468555,6.435476535673637,7.472429185354752
2057,4.261605314629148,6.720868469804287,7.399879839560041
2058,4.229405381284512,6.549023471939398,7.461068417286543
2059,4.224349073713043,6.567581367801281,7.518190661058442
2060,4.255607543230725,6.470492151168872,7.421540473843546
2061,4.204587925945696,6.384579175923553,7.528545727922785
2062,4.229374430969595,6.446012330790285,7.380514879282332
2063,4.203085576396824,6.517561876859135,7.509546101473489
2064,4.219911059145411,6.552291898831841,7.533272447969252
2065,4.175902088087583,6.490520788635108,7.499423725382115
2066,4.081497043607096,6.498495313608163,7.380744930694729
2067,4.19512262482385,6.419693779685845,7.228274415032738
2068,4.271373471609572,6.492690537189677,7.435010468875551
2069,4.244947116847098,6.581117481034234,7.36864398864699
2070,4.245307302554122,6.493184355368798,7.290719690200425
2071,4.257245845263793,6.493636930977781,7.314923274105711
2072,4.198274868430318,6.432171196364365,7.4647235817492845
2073,4.202111252421804,6.242653672172024,7.2496391059403145
2074,4.1597671485104675,6.2788182372257975,7.368863910052904
2075,4.173251174373946,6.41920750357865,7.339728006134686
2076,4.218249245820689,6.363183559486512,7.284715022938033
2077,4.246061578212596,6.398944939325944,7.3560089799494195
2078,4.177302507058984,6.513414909907802,7.42629504597816
2079,4.160173618158063,6.409319852071506,7.263438531837677
2080,4.181118535571851,6.4536833057554475,7.259197352192139
2081,4.209562326576915,6.328478934697418,7.320090273863847
2082,4.105719894700735,6.229645889567651,7.3355983116023245
2083,4.061515028705677,6.2960808711984475,7.243879481976563
2084,4.147209468824123,6.213038463685875,7.221769460456011
2085,4.1121137186232515,6.441138128253829,7.061039768061861
2086,4.146156151944203,6.356294199246748,7.168614378603876
2087,4.162588760684111,6.321406853100809,7.13226781252972
2088,4.145730763466711,6.385207008045009,7.2708969732414355
2089,4.239432760032588,6.05202316037787,7.189487994513553
2090,4.181563612632718,6.305420134070842,7.179393181922033
2091,4.178667874783304,6.108283049618441,7.194508841244754
2092,4.193173087316151,6.231529362729434,7.1189836721088255
2093,4.1035404380518585,6.194159690276179,7.306390224458003
2094,4.210857837259367,6.284749969821501,7.279688964404678
2095,4.153534977234614,6.234813300326459,7.299157399788464
2096,4.1892689554272975,6.340098947968197,7.218432037677558
2097,4.100574584853326,6.139166492920744,7.155626531240821
2098,4.074902818686504,6.264214797961543,7.28156741752448
2099,4.191909338518238,6.203652783330167,7.092495971910102
2100,4.168260218305274,6.018210199035028,7.072042507719542
2101,4.102762838025885,6.0843696427913,7.088567510319157
2102,4.102808722389759,6.155920409215184,7.173652199634829
2103,4.2009908629569495,6.2770007319835335,7.066174500094775
2104,4.08367656255536,6.207194832323272,7.110221258938694
2105,4.223709624110847,6.039312588438446,6.99019996160145
2106,4.094974544358986,6.137461560866682,7.1527238540485145
2107,4.170355567016542,6.348895897736774,6.988946983482823
2108,4.120436221202427,6.154052323004109,7.032014247987936
2109,4.165458475014549,6.106205870222681,7.2004260842359376
2110,4.106526145650069,6.184315488155612,7.194138418010307
2111,4.124025726180488,6.207879465260598,7.126513775894693
2112,4.132645639023573,6.082518293169176,7.115673928741715
2113,4.0789253988843335,6.175184635349162,7.048393243282535
2114,4.164511862622743,6.0890279407863925,7.026484597354098
2115,4.100246622574165,6.19103764981267,7.056982696666279
2116,4.112914742153592,6.133460956022077,6.962713591982249
2117,4.073065487299218,6.162274330230679,7.102044860493112
2118,3.9931052718946827,6.0359445825405285,7.083997998570524
2119,4.110110345814749,6.027719416549279,7.003860067905458
2120,4.2387330640511625,6.202582797336538,7.202670477520763
2121,4.155773845916767,6.098478420753197,7.124571155714711
2122,4.114022730222421,6.1335065112329366,7.1304075242008516
2123,4.100284104182453,6.073148384566923,7.0353150189067275
2124,4.1129956150743725,6.192645253099864,7.073637598027824
2125,4.137672728951531,6.041175750437237,7.123575133483768
2126,4.049721362765538,6.087780007851952,7.085448435495774
2127,4.1629240957931515,6.179521613834079,7.201417252488213
2128,4.141423861162516,6.217999647657278,7.057199872187511
2129,4.140011642420311,6.048305286070965,7.033573515451887
2130,4.1244744798454684,6.296825111743772,7.125311229380183
2131,4.101980638197436,6.132552832058185,6.97422830947733
2132,4.133092754768801,5.997503447661316,7.150368599855412
2133,4.1274910621776915,6.139463884851722,6.973587450231081
2134,4.078649756938839,6.065215014761117,7.130144566637004
2135,4.066123914924278,6.148070868742321,7.028802135690191
2136,4.09834980311647,6.1017192070734385,7.120588706455287
2137,4.169161754026643,6.114963564389369,7.157037916769522
2138,4.028209923695403,6.018097520454375,7.0989019823247315
2139,4.015244317758028,6.21017161491819,6.993024387143871
2140,4.095314698830186,5.997647956449233,7.019804387889478
2141,4.088077889353053,6.004664494494576,7.035991109895231
2142,4.092658206354057,6.154740847308914,6.945604260906343
2143,4.094647172904042,6.280934977482237,7.190505924320137
2144,4.069748560762351,6.088217197199922,7.112399399481156
2145,4.153861776136855,6.196578136767687,7.016210889453599
2146,3.997784105837752,6.236995921525931,7.227144463864818
2147,4.034865923534735,6.214486036326636,7.05839705887189
2148,4.069590275851174,6.1054251596434534,7.138534644829668
2149,3.9910565810740657,6.031140368720939,7.056623396824651
2150,4.06288707748734,5.923357872118566,6.965508959276521
2151,4.15321784999248,6.121862516388252,7.022305607340677
2152,4.069653977654112,6.270153336742992,7.1002367939888895
2153,4.078610777210915,6.044287811730245,7.212796731331494
2154,4.002534339120966,6.23124459820069,7.173631979480068
2155,4.033192118817896,6.070884509009009,7.1622590292507535
2156,4.043718748046509,6.18133760316552,6.995528135707246
2157,4.045061955687392,6.246491953254575,7.2633768265106236
2158,4.123499808974832,6.114894924376302,7.185253129494075
2159,4.08577284581476,6.203171149679006,7.1635406965893695
2160,4.0007868329576,6.150035547620344,7.26956710152056
2161,4.06715717184195,6.267622524298394,7.284793110575753
2162,4.078215986169087,6.226340464697544,7.283518824800673
2163,4.108786079820448,6.21429579673088,7.177678109551691
2164,4.129280154317613,6.370448524321969,7.123592546302178
2165,3.9979736650559086,6.2869418318466685,7.289539336695491
2166,4.006661515927001,6.157899831608436,7.107902091346861
2167,3.9828022771831173,6.224695410645751,7.37969091124724
2168,4.032457717235136,6.232158508008206,7.233074064417452
2169,4.065954930014133,6.254363506328767,7.153003665753136
2170,4.090482798881872,6.505478942880576,7.146478530887297
2171,4.035798343909926,6.296919655772178,7.150083223433736
2172,4.022084100867932,6.063157283431089,7.27089085869352
2173,4.0441457181008715,6.219483934753532,7.266623874891873
2174,3.9932827740041628,6.087642685800766,7.175834692098184
2175,4.137999714527627,6.255112416303502,7.253861493369329
2176,3.951623344824921,6.0966663265043195,7.180705375732512
2177,4.03972780086516,6.215632607925873,7.34513579950825
2178,4.130156216244115,6.15819940810964,7.301561242641178
2179,4.027801788116884,6.356249453553361,7.283675520997503
2180,4.016446491610526,6.3255275507185775,7.218996184621716
2181,4.006563576178921,6.363484631971867,7.306204524632744
2182,4.013904423299142,6.330518931408171,7.305281554043032
2183,4.090055346919926,6.209397092421857,7.372187860681923
2184,3.9093094987717087,6.408095148686451,7.3685044500103345
2185,4.095064705530749,6.55694115291717,7.426940647913715
2186,3.945686343569444,6.413671350544306,7.3332982549175325
2187,4.002043519677317,6.3382408867796105,7.231771855107076
2188,3.9924066039152386,6.246157868190315,7.468480587357275
2189,4.041789930677065,6.306333220510254,7.32294303082811
2190,3.930950244943281,6.4506593977223625,7.317944924966793
2191,4.032460043904636,6.520919005842592,7.411757879553554
2192,4.109062592165821,6.447977907773865,7.448130074195172
2193,3.93818486313457,6.510192468949719,7.390251113236231
2194,4.014326075693369,6.509308411750036,7.3984166014012915
2195,3.9702396135818656,6.4975512969383695,7.419044323807105
2196,4.02313178877489,6.38942420903498,7.5724805109262725
2197,4.001294273788942,6.481050081477483,7.467786340418175
2198,3.966762746003091,6.387214568236613,7.399415321467882
2199,4.021731661945302,6.482194321177412,7.409085900186507
2200,4.086057158772053,6.5219373156593985,7.474494513900403
2201,3.984797018237273,6.665125339695492,7.522447022250474
2202,4.028833308057537,6.374662219391845,7.550982401214475
2203,3.926685714394428,6.562163104017279,7.53103074351164
2204,3.9420322426223,6.670497399751169,7.462566729658301
2205,4.011979821995965,6.606600407997426,7.504800327448685
2206,4.061071503257382,6.622328581051084,7.606203810174893
2207,4.003153309714945,6.606094479610799,7.464551918302056
2208,3.9682274275377596,6.685417982108214,7.527695690255904
2209,3.982353332093438,6.455060907391278,7.621434324261593
2210,3.918377553479343,6.4334009664970875,7.65230186151064
2211,4.0096336300756565,6.579501931925839,7.575444973427911
2212,4.022035185306099,6.372113755924843,7.566533421436349
2213,3.953825428459964,6.719338196721994,7.5021613238458364
2214,3.9514399947328345,6.726333958257019,7.658427918239929
2215,3.9867489143581443,6.568857542582295,7.730266401473919
2216,3.95013266019201,6.582983222851271,7.83830117863387
2217,3.9671764033734243,6.6206269575246,7.6722631140068245
2218,4.0739842532944905,6.640795170258079,7.645465590225457
2219,3.9551627507798717,6.655968142524457,7.584065901552956
2220,3.9481136420756404,6.706654148965498,7.515379528035358
2221,3.9321709147621515,6.641067360978529,7.68780102197285
2222,4.000275700123131,6.760063615456046,7.869542843292039
2223,3.9525237301579956,6.71766497688153,7.790963748970125
2224,3.927635864569845,6.619607823627699,7.78631502402978
2225,4.0246900357927275,6.820953925556723,7.724233741283804
2226,4.028126041754144,6.558656476961102,7.740844028395776
2227,3.9256465098773994,6.69220268183239,7.525576620309443
2228,3.8608632261491134,6.804942246186319,7.787765638254178
2229,4.003089182309371,6.642665222189982,7.687596715686559
2230,3.917006018808297,6.752537578698851,7.684872397723037
2231,3.9892935401426,6.78240962611841,7.7221008244603295
2232,3.849782556827614,6.648397865719141,7.726232750504041
2233,3.991443839228868,6.733454810630898,7.704091735232568
2234,3.884782337154069,6.731179132789356,7.769196424441498
2235,3.9804068372108885,6.697654176323705,7.729880039524576
2236,3.9431107182560106,6.988862365608378,7.788892145435222
2237,3.8932292631002654,6.688116650486833,7.66808163209595
2238,3.919104322861241,6.87051527433355,7.7759833375619145
2239,3.972302700656948,6.736196778113627,7.711316089769699
2240,3.9418128742631167,6.672124749807901,7.753472423216599
2241,3.9642709085587753,6.796235371422924,7.821882997407242
2242,4.0324051304513,6.855880247332298,7.687565385427437
2243,3.85390459572614,6.887887564864901,7.75541544574799
2244,4.0115116131754744,6.956774967374102,7.871894178524074
2245,3.9344038220813156,7.099628560082419,7.71833541802536
2246,3.882782595863632,6.8345519899669975,7.9784727979566
2247,3.8597426219979374,6.747426755858192,7.937288609731183
2248,3.915339520315724,6.863095240632626,7.805902784054098
2249,3.9694160132193885,6.795092510029742,7.786851315761872
2250,3.915494750206271,6.918048375252282,7.870178383105326
2251,3.9959693818075634,6.699303114794865,7.742251135297835
2252,3.846393009965591,7.0692485387596,7.7017293808186755
2253,3.916888235986802,6.9212411938595455,7.828832431600646
2254,3.8534146294425717,6.670281113783467,7.858357614242908
2255,3.932758243087189,6.770645729840793,7.8799599408777175
2256,3.957464094397696,6.925844015538763,7.826370947552225
2257,3.8906254394256146,6.964376079486209,7.980428840798488
2258,3.779997368411045,6.721840503323821,7.761681664796879
2259,3.9187007282669915,6.922504703719954,7.792826862165725
2260,3.929136235386952,6.658419749400585,7.925227470301219
2261,3.9260607592463135,6.845984112870423,7.795585908566556
2262,3.9661825712488095,6.967697345598983,7.79452416807002
2263,3.8493889439331026,6.802725779627428,7.902260021728585
2264,3.9355013251813524,6.708378349414215,7.809760198274162
2265,3.9596655128986487,6.874692703843851,7.884853041401012
2266,3.809661100450394,6.800406360385141,7.840775436561783
2267,3.9131241379702737,6.924446521685338,7.828900445951793
2268,3.870484346432948,6.7733750101287695,7.73052322204298
2269,3.8901697195606055,6.78486465613843,7.91055054018659
2270,3.910182916186439,6.660051799998194,7.8000911184310695
2271,3.8669916257974672,6.878972535948818,7.886690117132655
2272,3.8561223348769658,6.845515379155541,7.859266052543888
2273,3.890170767018298,6.742196498323524,7.883600034987254
2274,3.832656978625409,6.879644801840122,7.887833757685209
2275,3.8312848703037767,6.962002466270299,7.914785696279347
2276,3.9181023634693943,6.836569436089165,7.8403626291688875
2277,3.8252522911706093,6.8835738358091865,7.997087144883144
2278,3.914566632253989,6.882519199991111,7.748767498735577
2279,3.902940306443979,6.732986037956708,7.877120302620997
2280,3.792080859907206,7.05710862744327,7.960634237771094
2281,3.8430541378682195,6.802196313699285,7.930165958094578
2282,3.9351997340087466,6.91252462236952,7.812126156061203
2283,3.82499859954435,6.92126699681892,7.823342972514117
2284,3.8493999937450547,6.827619571737844,7.805149965417576
2285,3.8942873004373757,6.899293817287972,7.931123953806589
2286,3.9089185479492468,6.860033628165094,7.821286379130786
2287,3.855737562330498,6.690327907353702,7.897987444412034
2288,3.837005198124389,6.795308279841664,7.895622520235606
2289,3.936566118890336,6.763528398925896,8.060654966620131
2290,3.9509602433036504,6.774662057321347,7.892753805097239
2291,3.911526512965053,6.686295387806773,7.799118470124686
2292,3.8654185835123234,6.925005309547805,7.743321345479318
2293,3.8193091715483174,6.968035617236231,7.833996706032441
2294,3.8167707334794576,6.900920415090777,7.842278964382465
2295,3.882989869820749,6.925267403888217,7.670501376425116
2296,3.876356000568127,6.7586572822321065,7.785612433109481
2297,3.924088657996282,6.724214684810227,7.861685714592179
2298,3.8851045853032335,6.704516056030032,7.790300592804195
2299,3.7760021310614365,6.841131981627263,7.905186820759436
2300,3.902328305297625,6.79360047913882,7.697654229675335
2301,3.7984033837405557,6.757160335499737,7.870918846557551
2302,3.827684054280075,6.888207106864649,7.884146288910047
2303,3.8579695426823637,6.79281938260302,7.881644965288809
2304,3.9438205327159612,6.661917633975172,7.673772029812023
2305,3.9981114228933183,6.6709777977226805,7.817947190019127
2306,3.871530695570036,6.800382471692606,7.7328542408568985
2307,3.8306144694960347,6.829302180530583,7.667266071335062
2308,3.8650800506184995,6.773076145981523,7.739884419043745
2309,3.881318716839287,6.900211947260874,7.693667690264458
2310,3.81948445085286,6.8664767749344575,7.832636095814424
2311,3.9238609953909336,6.739373042630309,7.792771669443461
2312,3.8441872695446073,6.603547651435529,7.652124445649255
2313,3.856154898200274,6.548388587316671,7.678821061954802
2314,3.863148676326045,6.632478715228245,7.698589667108958
2315,3.8495172216947933,6.7382183438368,7.715390301695467
2316,3.868971050737787,6.837095062684065,7.793683473880031
2317,3.794748207693217,6.687564406410076,7.760282289087447
2318,3.7962833270322505,6.753940127433926,7.700836348385932
2319,3.767778956839574,6.6036469019061315,7.667440028247603
2320,3.8433506894744593,6.681428939015877,7.537855132295952
2321,3.8589121179182637,6.692329629013751,7.774382327584688
2322,3.8414443058408008,6.402747004789798,7.626424418831511
2323,3.900871358630062,6.549948680085492,7.777622636700101
2324,3.8154587147374106,6.67672549378274,7.6598441987255
2325,3.847768081109309,6.599545125770299,7.796978171753502
2326,3.758339140756304,6.442672788820946,7.674144302019631
2327,3.792163088904195,6.309424491560855,7.5016465872073494
2328,3.844889554250384,6.505860839084394,7.55751424662227
2329,3.8511630667816124,6.525175636803905,7.583489123525249
2330,3.7926056109106114,6.433733713356459,7.517366234513485
2331,3.802320694576287,6.5261262572197305,7.547252898142368
2332,3.728604370185699,6.552051629531309,7.458114964978592
2333,3.785244698954486,6.557983821091272,7.557887092220865
2334,3.8462141194199377,6.24473587767727,7.566292154662806
2335,3.829054714722164,6.3382260382964715,7.456754366929365
2336,3.8239279527324137,6.428436802071387,7.682005124671128
2337,3.7999842534925996,6.505282301833371,7.521488906774919
2338,3.7964503289090654,6.486079408408737,7.4406167377639
2339,3.7616834148723974,6.4733628401354,7.3650698442076585
2340,3.828243892399492,6.376786461354348,7.4896379724173
2341,3.8129548164777622,6.371253672843218,7.453349362520574
2342,3.815111507503417,6.320013005943246,7.526117776796907
2343,3.762813916443539,6.458438245301354,7.441234925578726
2344,3.680054303335425,6.278290687628057,7.346384920963374
2345,3.841185572599118,6.444015645615499,7.564669469790748
2346,3.7609932484754585,6.36842536628253,7.454947175686484
2347,3.740404213571963,6.331723136328341,7.3888131729602735
2348,3.8168255237538236,6.259107516086645,7.411321067151699
2349,3.761160218084081,6.177742711503589,7.425048825573505
2350,3.83236763639451,6.237021285734808,7.261763746546852
2351,3.8088317766258735,6.257250824461991,7.377609906064362
2352,3.810771301757306,6.0417932902050415,7.317885843499654
2353,3.7069071006357226,6.247387658138439,7.383364315379429
2354,3.834414829864773,6.347973593939416,7.2724375888826
2355,3.785493595011271,6.300665556294757,7.272139045915032
2356,3.7525813424491754,6.182724309444723,7.4424031563325705
2357,3.7768294465018193,6.225438880195021,7.3967039319097845
2358,3.6794637776280323,6.153532368538387,7.023446788226059
2359,3.7873243880541225,6.212435694170377,7.368500579433953
2360,3.7140400720010773,6.339992414345226,7.258946612727345
2361,3.6964927244252723,6.271268730207637,7.1970785706275135
2362,3.686626561745397,6.214954690309029,7.16207270945457
2363,3.8169979128307756,6.102066347419774,7.155653999824318
2364,3.728519987762515,6.214855394030964,7.166152393441522
2365,3.8352898963046567,5.959711670019118,7.119371615604733
2366,3.730434480668788,6.091736866463223,7.090204241776501
2367,3.670478388260479,6.163955175965709,7.104410764772945
2368,3.698642485423003,6.168280859665975,7.2026245323807405
2369,3.8148823983182827,6.149928674505888,7.169918865941406
2370,3.7439207065915725,6.101175443849432,7.199589462481184
2371,3.7229257367632633,6.040926547696839,7.139075172754136
2372,3.7569661865648607,6.1031616717010815,7.029172585409706
2373,3.772680273006358,5.943005172070665,7.162646550008784
2374,3.8020876248166626,5.942816712501628,7.032166439378102
2375,3.8172698798941798,6.022520793078934,7.1537907553063045
2376,3.725484406699317,6.022803434926884,6.998381498990882
2377,3.675799061142132,5.812135661982208,7.026327621154962
2378,3.720057479372907,6.029506165549681,7.042165910495012
2379,3.7523747399237517,6.050643193435671,7.1148655968711445
2380,3.6898034302898064,5.955108749007488,7.064917052924308
2381,3.6887651773591723,6.189842480228341,7.042453100529158
2382,3.752444147840701,5.873756118900138,7.181817418050366
2383,3.7314548506576695,5.895693387682911,6.874214879695015
2384,3.7341607159516377,5.882150043651953,6.928415094277202
2385,3.6932301805211525,5.903998177165743,6.91540757433744
2386,3.7182696754097155,5.868813610621344,6.850776764267049
2387,3.682213500217879,5.751186472901043,6.9255059663306495
2388,3.771571206405128,5.827509702318118,7.028843207902645
2389,3.777460562768006,5.862818277171392,6.917362840581825
2390,3.632026194527381,5.98597537355646,6.929049356162785
2391,3.6764982173210443,6.074005459851173,6.809005317712029
2392,3.6467861510109945,5.978119732734699,6.87433601122252
2393,3.6877509508831543,5.757956937104636,6.8925017999677465
2394,3.714720463015033,5.756970653719503,6.9723436485858885
2395,3.6450509941437805,5.80181274652158,6.778609435296201
2396,3.6700818374799256,5.987535579736561,6.867993276907797
2397,3.6646192115833225,5.784014295571156,6.9832735717662855
2398,3.7238233774128333,5.659428654136914,6.852801311769368
2399,3.715570836915206,5.733832795188513,6.711391310040036
2400,3.6746610295429565,5.851578269520108,6.975349588668879
2401,3.7182339156502056,5.836942503292758,6.924340231006216
2402,3.680704509995521,5.740158790622776,6.927789374135387
2403,3.6931020778998724,5.8209125488256355,6.711582675444287
2404,3.789004433793617,5.517805531611741,6.965090638505631
2405,3.7710025540636924,5.7482207312194475,6.775404292335852
2406,3.63764878781817,5.816787065057617,6.78984912166885
2407,3.74276349440586,5.640480777605033,6.767887788983983
2408,3.740496400403064,5.6333518411615096,6.893540669367556
2409,3.6411637823890945,5.523731549211408,6.797249639144474
2410,3.73816687780696,5.862930677296738,6.844194686136964
2411,3.772776314639349,5.625666491126928,6.805925399231263
2412,3.6384048754759495,5.715704868943684,6.78662575229061
2413,3.6473100454399487,5.746090571428489,6.71304185646617
2414,3.7427220038316387,5.831185382723461,6.928492691936794
2415,3.7040681129892943,5.659051573403257,6.661369860521402
2416,3.7167222507918876,5.615145751722128,6.806526191879888
2417,3.7048336597189593,5.681228994558668,6.798969042784481
2418,3.7059954287654273,5.787351300813984,6.856663204623378
2419,3.6187941317387247,5.637135959871882,6.871028987030874
2420,3.736141400200059,5.554066417081349,6.744847951572129
2421,3.7409134621489755,5.491069028926715,6.794319211375088
2422,3.6696235435912894,5.51879905147567,6.889318686772393
2423,3.677579021844386,5.723345461887296,6.739349313649992
2424,3.6018579526859136,5.601015897717696,6.655877953057448
2425,3.7027871936965573,5.568693689706381,6.707259760253926
2426,3.7043391253319657,5.554412708877216,6.630666322735025
2427,3.6712891686809646,5.6312746173751895,6.762001090520463
2428,3.7292795224088198,5.595782727538653,6.81482759070932
2429,3.65502179601614,5.589571410202359,6.7176013052088805
2430,3.6986204249410872,5.749172084541816,6.595420030661593
2431,3.6180720503906185,5.765595484619944,6.8048402089526805
2432,3.66654346572416,5.448545289625354,6.57921496856242
2433,3.65766983324566,5.640260024873644,6.596052940954075
2434,3.6763200817126784,5.52796770977703,6.704072562925307
2435,3.6452461449024787,5.579181947899169,6.737292736082175
2436,3.6558173332247157,5.633488027953857,6.749939989341857
2437,3.7023624588422814,5.580041257163788,6.710079227550305
2438,3.6378916909352403,5.623312084376057,6.855583883238368
2439,3.5780715152196523,5.666715531282011,6.719603406536904
2440,3.744550697526399,5.628227871051775,6.796972210566549
2441,3.724816002578083,5.533637126193862,6.777162836023914
2442,3.589802624151547,5.535149786609528,6.610982705873054
2443,3.6875742730363106,5.454046093845453,6.701238184524414
2444,3.6266139313859416,5.512768736730789,6.885283550402485
2445,3.663611480760201,5.794708314789288,6.6758676959985
2446,3.6638234391337545,5.519837626188486,6.663239770220904
2447,3.6360676176347693,5.48043154566069,6.732044044851805
2448,3.6072761612857858,5.632687662158863,6.682298995919297
2449,3.610614490479938,5.590776844730807,6.657859811442671
2450,3.5980097071377326,5.583564349935342,6.684461002076458
2451,3.6009066132711576,5.745529367394032,6.839642687319456
2452,3.637817890575541,5.661228039215996,6.716300162056239
2453,3.604068547312015,5.555194866975443,6.623319586096841
2454,3.6726395517068777,5.56781215298152,6.611148593122216
2455,3.7115803174759883,5.562252007869356,6.911340768109996
2456,3.606897068233152,5.702419325547028,6.719821470977132
2457,3.6465523348958304,5.586747480354764,6.775528523377312
2458,3.6582494035971567,5.441044262051996,6.682306577047385
2459,3.655548958157224,5.6185037436185965,6.773128874748029
2460,3.634430962523539,5.472786110392484,6.867806511204828
2461,3.666452332220509,5.848239768376403,6.7026642249299835
2462,3.6521163284409095,5.536750942060848,6.7954903901271715
2463,3.564807086195851,5.620803269361388,6.650472900968786
2464,3.668834993709583,5.666650910291112,6.929059926290342
2465,3.668429371875672,5.615972413865333,6.7931782472099655
2466,3.584588820341842,5.620007242124835,6.743301060437558
2467,3.6233389685498825,5.695527213707712,6.75728598380016
2468,3.6542981330053204,5.81046006067138,6.745263982259177
2469,3.6083562540059977,5.739240692042944,6.75446308501705
2470,3.6711617636989646,5.815147329713084,6.600639187610613
2471,3.73439805674556,5.567592465588168,6.794017117829777
2472,3.575597355137892,5.70909872752574,6.796229312608889
2473,3.54453730509118,5.698142127323938,6.8522247308132345
2474,3.6274739969057364,5.723125937387139,6.777136737075573
2475,3.6470553773292047,5.831180719946709,6.763303189180441
2476,3.5981287710723904,5.6771578949393104,6.830500528647993
2477,3.6810306130404484,5.664501421052385,6.708405165403414
2478,3.54013343208991,5.764397480112608,6.855273255373509
2479,3.6404064471952733,5.5392564461943365,6.701388321046327
2480,3.574164920413511,5.699595437711051,6.946660420244019
2481,3.6891249532840873,5.716188280993818,6.918521074946655
2482,3.7014805729434226,5.644019908360289,6.796589471305632
2483,3.5622213736708592,5.848326484984059,6.9305973392011575
2484,3.571776394178172,5.643075193943608,6.893763220761104
2485,3.640934343049741,5.742501079296863,6.811367565646454
2486,3.577299763427176,5.792300426195082,6.7376117539416
2487,3.5930877314000282,5.9053299419996526,6.932213926240443
2488,3.595330358543336,5.776029547294709,6.8509140715834205
2489,3.4967805734411552,5.877897797821905,7.009708575413342
2490,3.5907762858722205,5.861632549676863,6.930981422945413
2491,3.5556863742666747,5.811299104909829,6.881729590715986
2492,3.5642218591860497,5.697468523597036,7.089446963071619
2493,3.6597654850351486,5.670510842767941,6.999741791123759
2494,3.523465071599398,5.832247423233036,6.669304247597074
2495,3.625657853675031,5.775030348673683,6.930960123132104
2496,3.5697572720947246,5.929000775807845,6.867376118707293
2497,3.5684258803865747,5.919502676901042,6.922418904359275
2498,3.6206415994174885,5.8343622351571724,6.983187599830252
2499,3.5968353304276492,5.745018500377608,7.031513673458739
2500,3.6070738216026874,5.919886128108764,7.032578975374264
2501,3.625663455446667,5.775092882132423,7.106431958585409
2502,3.5594004982527396,5.809165291299911,7.079710982365119
2503,3.544066419669892,5.795238680454617,7.083388580034744
2504,3.519133712720342,5.8875395293033135,7.062194731633686
2505,3.530834338550059,6.02665512504349,7.157722656997363
2506,3.7182738553414483,5.9174110092983785,7.038212972865458
2507,3.631768024844652,5.881901424757275,7.049056175358372
2508,3.5006958816127387,5.781995028522891,6.928624939003899
2509,3.5008428982637017,5.998123264217253,7.174375357820501
2510,3.589775937106007,5.873241704476784,7.092556676035886
2511,3.5917633532288544,5.971418373008571,7.342240781872176
2512,3.5905624255657402,5.93263828857667,7.083960391970194
2513,3.549089205341675,6.060276506973916,7.132345035367312
2514,3.5542836836979648,5.969134877106206,7.177836055454877
2515,3.5756704147239393,5.9873627088421,7.054817632169594
2516,3.5622917704676236,6.050219985117641,7.180500516053862
2517,3.445753422651859,6.220718316931225,7.163425784698052
2518,3.5439504200763787,6.107233130850403,7.145179096926116
2519,3.511592679068138,6.017873091543378,7.2720848760205365
2520,3.561646809443359,6.035375912884358,7.114756216389976
2521,3.7008730645664563,5.990865757883518,7.217801015819682
2522,3.568708711550895,5.9566169440015635,7.320903943378622
2523,3.533383295393125,6.004571520636272,7.15668828743783
2524,3.5938756434901302,5.99082313060995,7.198115719794332
2525,3.5706463883876567,6.14152371920733,7.418096960191202
2526,3.566243780813728,5.977169775684252,7.276983403826492
2527,3.5743092845256363,6.225662344226472,7.207045489957058
2528,3.6455222676717494,6.175543738359628,7.320206223661166
2529,3.4848796379031817,6.11032903113895,7.2189456597891875
2530,3.563835269105283,6.116188608072209,7.147534901564325
2531,3.492564849399295,6.068240844177722,7.390786662188961
2532,3.565390413570137,6.158720219211591,7.200952751232048
2533,3.490411965437081,6.248190665062875,7.493461285884657
2534,3.5142100941760783,6.076658543176522,7.266227599365127
2535,3.5190567167590054,6.001147204179512,7.484004730453477
2536,3.581335459505521,6.232236270467559,7.211735045214565
2537,3.5772013899389608,6.201691271465593,7.411065589513942
2538,3.467727475942755,6.064483644132827,7.376710197544289
2539,3.53149535984165,6.110318319175562,7.4113628685971
2540,3.4920056032679594,6.104802541150204,7.429297642232176
2541,3.463295924056574,6.125213372148739,7.319446987669671
2542,3.51410752220935,6.172146651015549,7.26186456191657
2543,3.508272071687612,6.184599841011342,7.369695438726566
2544,3.64377050273158,6.152802832857759,7.3986960475428445
2545,3.5428217675949227,6.148578134304163,7.3500755179902875
2546,3.451032629495217,6.207909845897145,7.416878312187586
2547,3.490415162508811,6.253829446556304,7.427773192707183
2548,3.568464015336737,6.211577752261316,7.335205290174291
2549,3.620558606405398,6.3650932223637335,7.446081365421985
2550,3.4355795483807685,6.305923359363766,7.399451911740401
2551,3.4196253696861696,6.1017840287608704,7.371041571001899
2552,3.605913351067578,6.318858434633585,7.49610424057869
2553,3.530589932614687,6.3325172303953945,7.376889249487067
2554,3.4664393463767946,6.233823808992972,7.408306755755871
2555,3.535330823964715,6.132966546670544,7.456250373415792
2556,3.3755579965455853,6.288333791355033,7.5659291879234
2557,3.5062607995004824,6.29164621446088,7.476754091541334
2558,3.5212303500099926,6.184988978433956,7.508788097256677
2559,3.5498006917517797,6.156612226697927,7.447751316872773
2560,3.4516409064641205,6.297400891537613,7.470162790518565
2561,3.5053692070367135,6.287109767700448,7.4772501653668195
2562,3.4535633878225895,6.272788989541263,7.509180024954865
2563,3.5113542020269755,6.310107011072523,7.466427821560461
2564,3.452568717889066,6.211935311994905,7.601527225929319
2565,3.475682636147186,6.282325913401763,7.468526104179632
2566,3.4450491764855977,6.382563585602067,7.365680363152775
2567,3.526149650146203,6.297483255722417,7.725389706392861
2568,3.5352689091159872,6.168356331552025,7.483306940598637
2569,3.479369463100019,6.291179930425801,7.617902741165467
2570,3.491767152435762,6.234149357635646,7.628405614200255
2571,3.41618106550978,6.370413619381208,7.5946314204293515
2572,3.472382809547488,6.377935601923136,7.50598111258873
2573,3.4836130386437825,6.18234177633186,7.5473825958589815
2574,3.6159201731262414,6.426101911658688,7.42492551214179
2575,3.42804003758505,6.240775926234704,7.688349235410879
2576,3.555605742020006,6.509517935643518,7.46305522674067
2577,3.530998930563533,6.350137156831217,7.512759849119152
2578,3.493947544211619,6.231599230576158,7.54267178510758
2579,3.566607100272682,6.243071361491192,7.527646216744932
2580,3.4960423214381144,6.392917424331004,7.48498660399737
2581,3.495656598695288,6.319621396077532,7.650184223517458
2582,3.472304816414807,6.3495341499778934,7.615564740761626
2583,3.534902122080634,6.520729566803947,7.566015319880298
2584,3.527310586975197,6.289582245651724,7.508799550452034
2585,3.439967326356587,6.365360490309095,7.626220560001368
2586,3.404053514261014,6.5010080666646735,7.504037555876591
2587,3.4586321428847056,6.385535736036243,7.6667443071451995
2588,3.4275451644934494,6.197085818396344,7.549729479456532
2589,3.4631373988281937,6.407347284758319,7.63873376288578
2590,3.526952685717217,6.239370712762311,7.530565372445969
2591,3.4409834639229273,6.495014504632277,7.544513549179398
2592,3.4604757612680936,6.2705097776424985,7.635744508773275
2593,3.464287066384744,6.648010283351454,7.711944773292671
2594,3.5025770884117353,6.495859788775917,7.659780106772111
2595,3.346581307298285,6.267323988130843,7.603441728929583
2596,3.427361603686753,6.346650093299304,7.578534244578608
2597,3.46703226189066,6.417477315826099,7.488756992441983
2598,3.5152440980667317,6.4177441914247195,7.550653666147625
2599,3.4294177146488294,6.380678561696983,7.451515286693911
2600,3.3589585020040196,6.458529699716853,7.551947795286453
2601,3.482545623082941,6.317688442736706,7.5542179616842
2602,3.4185664577118993,6.289788484341865,7.359078354167727
2603,3.389626383150866,6.288052908634569,7.515781253305223
2604,3.4166681978493676,6.40466067762927,7.542413346359186
2605,3.437435562653261,6.351231422595135,7.498873672850892
2606,3.415201572175638,6.3395385703753755,7.530368396629161
2607,3.333938088773804,6.385438516292076,7.390348740469281
2608,3.4878478987534343,6.096123898465883,7.431388566235019
2609,3.505517149001993,6.327360464188297,7.571834349139611
2610,3.4731289149773743,6.3131466180815785,7.484478319588727
2611,3.3824485604997157,6.452919775056472,7.506829285431595
2612,3.428038905767363,6.127743957027228,7.4309382052540505
2613,3.436568664675431,6.430701291846986,7.471056436185744
2614,3.4656163071108606,6.276721107883066,7.279990649151213
2615,3.467876078183689,6.312096088380887,7.526306661817116
2616,3.3965334385386563,6.424627081508528,7.597555544149503
2617,3.4361255893386007,6.30677234880148,7.361837675206607
2618,3.4536741227954915,6.284218917550249,7.3657555136032276
2619,3.5023861174214117,6.261723886724869,7.470022302860778
2620,3.4636058344534177,6.182288481983776,7.546260924438038
2621,3.466619455074205,6.220759861487631,7.421612417119463
2622,3.4301446721368127,6.144863097834988,7.3166975042108335
2623,3.495263624523782,6.204598644751646,7.391451670048877
2624,3.4440167397700243,5.967940888513068,7.318682248936493
2625,3.3792627430539763,6.236756570248813,7.340344910062557
2626,3.491274781238817,6.173840007593077,7.362147587896316
2627,3.4547911958059943,6.144399438459072,7.3045881307807035
2628,3.396534185543125,6.191849216832081,7.309012379075529
2629,3.393502697321703,6.018220748086046,7.369368431828942
2630,3.431097686410167,6.346060686039384,7.372622265633949
2631,3.438220316445213,6.134269037563663,7.233370214149603
2632,3.4237184612573803,6.121231784158769,7.370726765256735
2633,3.428212656405425,6.030408248322097,7.30005030314202
2634,3.496439069381379,6.120338254841895,7.379678824195464
2635,3.463812939043896,6.247502419870425,7.375817661069555
2636,3.4185627443339524,6.20313094779079,7.261004603799754
2637,3.454892279405379,6.175589146463857,7.344762901158534
2638,3.354996942743631,6.135267576994757,7.21961405579498
2639,3.4253164796261495,6.035135172496243,7.383290390279328
2640,3.4946830351793086,5.916217500115016,7.204160063607311
2641,3.3921136145413215,6.031260241474547,7.2868983730655374
2642,3.3594330052522627,6.017796492095704,7.2341463355489575
2643,3.3680096500795287,6.136175172529709,7.158172738852149
2644,3.3449324356215624,6.052042827998548,7.301862758981105
2645,3.358976584915332,6.1720423935727435,7.170823553215903
2646,3.3784904677789336,6.120170430557153,7.0740158033550715
2647,3.325539313390201,5.944288745863501,6.969434380617611
2648,3.3954009716417404,5.799852065091574,7.119875694913608
2649,3.438536902883745,6.1072627229756185,7.289749301696817
2650,3.3468388227929933,6.093901097413991,7.2700102239197815
2651,3.466995013645025,5.8105196091195666,7.1015386103077
2652,3.41537520530963,6.087167469520642,7.118629931504639
2653,3.4401700110436795,5.963486108930774,7.10088134582704
2654,3.354555232109354,5.930305838528602,7.020819859937214
2655,3.4289797960565287,6.064614258211597,7.040943668771282
2656,3.3304640111480643,6.026442641822755,7.184637514623185
2657,3.4283808489394776,5.945888783649878,7.135695289589282
2658,3.3912688045842816,5.9168061784662225,7.10641729485313
2659,3.4091483579600195,5.919803772214413,6.966895471371366
2660,3.321515621417173,5.806793446813048,7.0708554473240195
2661,3.334352009396072,5.829882773962552,6.867542464233885
2662,3.407777657010446,5.733717736283125,7.108287952757707
2663,3.3293101849535143,5.779168748303434,7.050530146507725
2664,3.3986998330185374,5.76430330403178,6.911176667159259
2665,3.305995155224318,5.725904775125974,7.137035070973058
2666,3.4155738769024366,5.791557209130083,6.852932243274608
2667,3.3103527145437535,5.733914328128487,7.027936907778512
2668,3.398408184173964,5.804952335048598,7.018799747388836
2669,3.400889633678406,5.580903840267386,6.86407655216285
2670,3.3335849881827797,5.720202046589235,6.949080899306584
2671,3.396340991672554,5.733092899457681,6.810020079496273
2672,3.3790784525089825,5.677277605715874,6.702116298679131
2673,3.337931514070753,5.67951063754693,6.833262666516177
2674,3.313263731433078,5.526645263967484,6.85823986965951
2675,3.2643786307326366,5.709252104588295,6.948002031443352
2676,3.3788114579881183,5.726818079082676,6.89076441334512
2677,3.281908447694151,5.699886833207419,6.881788169109362
2678,3.3637360169105976,5.742907938567269,6.782110074188934
2679,3.3446172065529125,5.647720786928746,6.809852636312899
2680,3.3905681559948437,5.664002949865411,6.766883560153643
2681,3.340330731267117,5.620349255884919,6.732342261476848
2682,3.337783194801195,5.662142866755808,6.77194898349472
2683,3.389672285773812,5.424358607283941,6.814556847419146
2684,3.3686554067241503,5.481467295903367,6.75198573971866
2685,3.36653464581527,5.718313088254437,6.761171480425702
2686,3.373015157814468,5.302435019017452,6.831957500385698
2687,3.2715986899195544,5.523377853427729,6.725678150057865
2688,3.385042834929462,5.643605547117007,6.648460720677169
2689,3.376653532281859,5.506103515823232,6.789763006962651
2690,3.2940232143109553,5.464052872191688,6.7555362369317065
2691,3.331481211429027,5.506697119833327,6.750219140577011
2692,3.3405483210256324,5.447724162310497,6.7637318443421695
2693,3.3346178821096384,5.475486260476444,6.740018347671099
2694,3.356865340916555,5.393515854996986,6.69569511118956
2695,3.4105708879811893,5.56226514347279,6.874713914505385
2696,3.3919216763254214,5.5833625741767525,6.570695725223174
2697,3.271053755780708,5.4174335727476945,6.616773508394058
2698,3.3666001746442693,5.281961793349429,6.731368913164234
2699,3.400775884656608,5.358169581051597,6.655789372879154
2700,3.352502771847484,5.3822066095638945,6.695525032580806
2701,3.3865450774961072,5.441322694840324,6.63909217865581
2702,3.4314438719446585,5.280245865050858,6.726171711460725
2703,3.3808507030953807,5.294527632903367,6.526500139174065
2704,3.340966114118847,5.413029654357185,6.705473117438126
2705,3.379591148712911,5.4464957506076335,6.682856015431448
2706,3.3334177391696245,5.281216043513478,6.483580890320687
2707,3.326205703728483,5.2009551287228355,6.6222157811946625
2708,3.3062776250806536,5.653723845140213,6.559811687575355
2709,3.400857371072147,5.3948143902453385,6.506357405006941
2710,3.2806042167693312,5.2810951736433696,6.395563157499798
2711,3.3969835636176504,5.3861527376875085,6.457698802159325
2712,3.3441984909793834,5.278403262791338,6.587269325548975
2713,3.248080663262222,5.369311905798235,6.587932089857633
2714,3.335269703373349,5.290433464283202,6.4983230203452
2715,3.2107277592844774,5.275672499173886,6.573046977951449
2716,3.3458469103841737,5.2473940640692,6.57597305712381
2717,3.3576760872105247,5.106379312905527,6.505545785799087
2718,3.282640297150566,5.437452799216514,6.428370905083469
2719,3.317279639667577,5.142178797518059,6.514587947141513
2720,3.4076548642695172,5.093184013795427,6.511573719467767
2721,3.283504972567871,5.2009220848998226,6.520009338689198
2722,3.2546928208251926,5.119252264688297,6.528974564782385
2723,3.3805678396077687,5.203591294343528,6.344589407645857
2724,3.4034610749389738,5.271075854794157,6.406762273165864
2725,3.3043641212655626,5.295542370884091,6.289836658890429
2726,3.3536006877491715,5.271375353134432,6.49583339261212
2727,3.3689501058177767,5.153408668742513,6.413615529811219
2728,3.2636014479458813,5.183181775448739,6.459773432624089
2729,3.2753102925174025,5.213444001103808,6.302144653301703
2730,3.359969809550436,4.991495228367084,6.527352438736735
2731,3.381527872041561,5.219136199735943,6.314987739411558
2732,3.3242728496475906,5.011338882592137,6.467948161415402
2733,3.2509903115287218,5.356283239053525,6.411056021405709
2734,3.3931868810990173,5.107166812746797,6.382291470437443
2735,3.266138650392136,5.124691731838109,6.371852155314308
2736,3.274784249164661,5.061961789869703,6.338630316191057
2737,3.307512545773511,5.071882127397775,6.489694824735406
2738,3.3669587635094906,5.358429480156433,6.383686292847432
2739,3.3308052020387824,5.221393350204929,6.277932944628627
2740,3.3077059109932976,4.968968485839271,6.345743342762697
2741,3.3089838669858107,5.271039207380499,6.383913610916783
2742,3.2868525498716537,5.236868838033441,6.442854747320639
2743,3.3114417392941964,5.086548153050266,6.320242678780575
2744,3.155915277696049,5.142662487861844,6.323370669194496
2745,3.266421997238101,5.10802081634438,6.366246937315423
2746,3.2921781258613603,5.304495032622719,6.432425313488097
2747,3.221421553886495,5.025529499698067,6.251429584321023
2748,3.2971492226530743,5.117880905924862,6.3999367868552
2749,3.266470863866492,5.05878659959453,6.321161844569231
2750,3.363330147158493,4.956818372858904,6.331310663923668
2751,3.3530698547194837,5.318007463822795,6.516569697927676
2752,3.2499916648235843,4.979608021287673,6.340104284090935
2753,3.2646037008424065,5.118898246301915,6.415775113292109
2754,3.267312419317979,4.922135234495197,6.412689830680927
2755,3.2472916027205363,5.055817160039122,6.260750872264122
2756,3.2784911721286982,5.137638518634469,6.207695804759005
2757,3.2296917330666792,5.0128836378146255,6.421378460301072
2758,3.2099415502494213,5.154149990718709,6.2695861102492625
2759,3.2964749252946404,5.068875151858043,6.223901767538312
2760,3.295683456748899,5.2122928894531455,6.440091901115105
2761,3.222859369044747,5.233161186355669,6.277602384891028
2762,3.306711673824616,5.039205235246888,6.298706884693709
2763,3.2292343265729464,5.106640775234047,6.520003055987608
2764,3.2723413508811534,5.118592776518105,6.231011382103214
2765,3.299570730478703,5.163653082684316,6.265215269828293
2766,3.2557439071201144,5.104816858450308,6.331059950285111
2767,3.2790331508257218,5.124248662701469,6.350921305294717
2768,3.2293467569616907,5.082922849968052,6.3011353034495805
2769,3.244217607714139,5.121008983240431,6.282621160185967
2770,3.242621226581248,5.2416845548590025,6.498975795745759
2771,3.2144591052665348,5.179086836293358,6.402260259243406
2772,3.2418237018530585,5.187372815352781,6.431260750945179
2773,3.1721064451465733,5.192502038190422,6.3768741345093245
2774,3.2238551851979214,5.107939078448214,6.414590637859334
2775,3.2330451724550384,5.1585029172275725,6.469823774329816
2776,3.2333565958894974,5.021576447805882,6.319418465904401
2777,3.2329679091528782,5.260619500804057,6.424411329179515
2778,3.2408323306462696,4.859256830336137,6.463179115785948
2779,3.266770936716585,5.132819226017029,6.535517852961312
2780,3.28540359539164,5.259769675525473,6.57236849905173
2781,3.2080689216347795,5.013601819558736,6.426891682394498
2782,3.179277141639223,5.194435299010661,6.517319851795375
2783,3.186215525087319,5.09100708873765,6.2176988701544
2784,3.2128387205099713,5.126985074355067,6.560733747909805
2785,3.2184844808488626,5.2633938531662245,6.383871921307473
2786,3.1964629826199347,5.193689881013676,6.42819639250613
2787,3.1690397506481403,4.9756804343707595,6.4884615227657
2788,3.2099228988791606,5.086849968689215,6.446731418991419
2789,3.2406841858330497,5.287544475915999,6.480698601364002
2790,3.260248800596837,5.240562585015738,6.598112322083101
2791,3.2015112047516934,5.376275409355207,6.4466099627608155
2792,3.207618053747589,5.375653321230494,6.396777513651978
2793,3.1808191739270444,5.179220918777376,6.635322540375938
2794,3.224468832153854,5.469953179852508,6.539027679563077
2795,3.182506616776445,5.228385317991627,6.6574307547458
2796,3.252472253193462,5.136099270258563,6.579627945117206
2797,3.1334109079340897,5.175548519431556,6.4116535260901095
2798,3.2036116745836356,5.01990072900263,6.576289727557836
2799,3.2355380062396097,5.413046920868005,6.453172031915329
2800,3.228564401290584,5.418700697860929,6.539819043151717
2801,3.352914949711099,5.164657540712138,6.5406082751619925
2802,3.2346444133439136,5.250504514715854,6.424794124897686
2803,3.165843382165477,5.290035756501743,6.496821591496971
2804,3.2101651535567224,5.191715642282248,6.745994502937759
2805,3.1250188568760544,5.119607026385041,6.596473136185165
2806,3.2086945471805453,5.281534501366629,6.571265428114142
2807,3.1699656460724968,5.27799848015483,6.738337640696028
2808,3.2562824298823183,5.278880935139863,6.56968037729035
2809,3.181930922184549,5.347685090286785,6.602214140783445
2810,3.2024652122865747,5.476128946871173,6.697012638079831
2811,3.175421740244017,5.310699532971267,6.593978512479703
2812,3.293038875944723,5.365949483060614,6.574669238325993
2813,3.1889313976080684,5.429549369712493,6.462504661251999
2814,3.2955191668982278,5.420290677314055,6.576356519592159
2815,3.2434972326133242,5.311501187219287,6.584118462842045
2816,3.2257918613547467,5.390697627920163,6.681059536960534
2817,3.2190246132565616,5.443975608092935,6.628156393389237
2818,3.2191778018512074,5.2845896327607615,6.858294858808986
2819,3.10200483889482,5.532019316870378,6.6097408156576565
2820,3.1833453786733963,5.557098528305593,6.815134229875632
2821,3.238449076781382,5.349965457390619,6.729423719345272
2822,3.1926484979374985,5.449939991672186,6.785172055551503
2823,3.1237365924334135,5.503152012487824,6.789120040113876
2824,3.19027913840614,5.3927316779061325,6.560805679685442
2825,3.2770084611340606,5.5038371071312655,6.746180079672903
2826,3.253052143435103,5.48039364360178,6.734975544279572
2827,3.1865122772040473,5.32567435419531,6.674170781526745
2828,3.236090408942365,5.526782128017108,6.810436079396521
2829,3.1690986086176682,5.3792493129291845,6.919843922683628
2830,3.1011369416973458,5.591575132646556,6.57752884168391
2831,3.1390143296174573,5.43891477129409,6.757449733311571
2832,3.2622897217440165,5.498274112892107,6.709369934557703
2833,3.169353829558145,5.659979084599149,6.823579133639221
2834,3.1697930307752453,5.5807156751670135,6.800570665004987
2835,3.1658796115152072,5.431430245685131,6.78692346062201
2836,3.2749881876104485,5.446155957641094,6.899265303844469
2837,3.2599896856480983,5.495953215027782,6.983692283689009
2838,3.2885416779735457,5.6035457492651775,7.074358261641566
2839,3.168561876602958,5.608067218324175,6.810895484381982
2840,3.1902073765106826,5.496037048899742,6.732962949506298
2841,3.098506583409205,5.4716866360859155,6.931886156516475
2842,3.247098534577764,5.624572629190146,7.024453067507419
2843,3.1137764814130238,5.586177542336112,6.96911588913553
2844,3.1819184259104984,5.827973134516061,7.040873594647996
2845,3.115129252856594,5.623734849834099,6.9026069791010505
2846,3.1394663119157773,5.80925387785495,6.880091211331643
2847,3.1259623479421275,5.518471777162598,6.946230723850851
2848,3.136348064659101,5.485794103392954,6.9186139995026315
2849,3.1387025924191896,5.538632180979227,7.006088215939008
2850,3.1371627291288253,5.77699535576926,7.038520942721335
2851,3.2051608469065886,5.841046989942077,7.052597809852761
2852,3.1071695349804904,5.594482527220998,7.017319314852041
2853,3.1723588099035323,5.633813154240097,7.003764114778648
2854,3.2211493004202856,5.570043086153924,7.055181026600956
2855,3.1335116688943536,5.512747279329428,6.8420147685719055
2856,3.1221962266905425,5.772617759671508,7.023222250080561
2857,3.1454871635998622,5.729835799011653,7.017789156146216
2858,3.2149214181612233,5.715228256013334,7.037740175137956
2859,3.1645628411589692,5.580704705103358,7.020671903690786
2860,3.127219585463411,5.891118887867539,7.069100230590173
2861,3.1768975117807683,5.683079161498415,6.995332315866355
2862,3.0965129889330525,5.792944691616389,7.13828678063389
2863,3.184620027057438,5.600165613872364,7.092313736589914
2864,3.1699074096688205,5.7324783763474025,7.072842906797257
2865,3.133012150844501,5.786443913940063,7.011219428379601
2866,3.105399351697452,5.795653045091697,7.1383423026744275
2867,3.1019211995561804,5.78391001901809,7.095606512002559
2868,3.1719232531020114,5.823254801983359,7.024449595581243
2869,3.205559088319139,5.665962859072767,7.08602483842586
2870,3.1111728887807435,5.803816756081203,7.146406105076537
2871,3.1648863600068347,5.800369427962553,7.145576685577255
2872,3.036544958088002,5.816922059748652,7.145629794468084
2873,3.1105952418981784,5.8055948680451515,7.119134286223948
2874,3.1372035361569695,5.675486565036189,7.198701976520251
2875,3.0922032010100313,5.67531488554332,7.22040429534486
2876,3.089793476600106,5.589792227976011,7.184947712961367
2877,3.102161775151314,5.896931561244796,7.083382008271809
2878,3.1490928809139485,5.901735579263786,7.049982033764167
2879,3.1240498187210046,5.906947073161349,7.0951911483956955
2880,3.0204382664728473,5.856721664936356,7.298906637099777
2881,3.025248912092583,5.616007760289156,7.1688839265957265
2882,3.099875285237709,5.729750084232555,7.320022193898907
2883,3.1520380303941242,5.852386683982015,7.143672131878565
2884,2.9907141482045003,5.851641699231803,7.1357848053131905
2885,3.102039102804854,5.818378844440881,7.153586285681699
2886,3.099649971814652,5.879926497472696,7.154975136491892
2887,3.194316538069636,5.846396811607029,7.103110996460515
2888,3.1045863743171833,5.859319784586276,7.075563448006377
2889,3.141925260842864,5.785160091085849,7.209859268829234
2890,3.1287775460071447,5.9489030289555105,7.256236844893998
2891,3.01412577283805,5.80907020100675,7.369345865928101
2892,3.1580043956491695,5.720336792529294,7.140761811153219
2893,3.1293043279780903,5.777363904233656,7.148765652280689
2894,3.1428889322103344,5.82048599198473,7.116605696136275
2895,3.3127289124386374,5.95540740899511,7.269493895936682
2896,3.011153436136375,5.852259653006655,7.245571163519551
2897,3.2005365004336257,5.838154925598738,7.110957838088198
2898,3.098872405385245,5.731989918324721,7.109480413843149
2899,3.1265548682963127,5.935293577167296,7.258203641729153
2900,3.1088569805791164,5.79124110863993,7.2128063018532265
2901,3.088865473725453,5.845925976095511,7.2427712876019665
2902,3.0805308690539257,6.00324050275404,7.111229288227312
2903,3.124443704570663,5.905192599014509,7.031183991082476
2904,3.0310558622766557,5.690385292130214,7.110756352710175
2905,3.143390311533203,5.674954266641265,7.23492662867741
2906,3.0839989654250752,5.843968883188572,7.347741709348432
2907,3.047253077431727,5.727420511332299,7.143251739371856
2908,3.080204286137507,5.911643941038405,7.358229165396683
2909,3.1645113002102234,5.84891043718152,7.240898283512929
2910,3.073836520759551,5.85891784499942,7.061222498246041
2911,3.1174759169149397,5.769200942242538,7.1877408245745125
2912,3.0619559080011025,6.011310534773936,7.237490111518215
2913,3.1353508246914155,6.118529908635314,6.971889046807196
2914,3.130681653906797,5.803312408434118,7.214841259157145
2915,3.1877887675057375,5.8631777288553435,7.254262926971121
2916,3.085532711279179,5.8341217185609535,7.189318005613585
2917,3.1266967550829956,5.794721492690371,7.149238196465679
2918,3.0971210214290217,5.733598177474657,7.136913954750681
2919,3.155965386206623,5.704229235098297,7.128620247630999
2920,3.054184853187393,5.694893872920257,7.049232358028584
2921,3.12633193619768,5.844512992620363,7.084301369227337
2922,3.0783025260043964,5.747365903609466,7.101777256349084
2923,3.0837842242205786,5.536658620766611,7.1397960249072945
2924,3.090538021312615,5.833939773312775,7.081594484926091
2925,3.097519702413333,5.7804067331362745,7.051845379125711
2926,3.078054037164635,5.913493384697685,7.1772077532876395
2927,3.0935594761743768,5.810547383146664,7.140941404050535
2928,3.1606885682950425,5.6195942747148715,7.062837557117022
2929,3.130014518544454,5.538539562557578,7.140980932921012
2930,3.1231596529208163,5.683426423562821,7.05854960193031
2931,3.0558853559525487,5.686552011740058,7.0939936704541875
2932,3.0331612194656907,5.836892306469485,7.160922767890155
2933,3.124349736818185,5.7350294209296155,7.028417226705272
2934,3.119349015708166,5.842454010868011,6.976549375288603
2935,3.1481426959312837,5.589601113969452,7.052187938612294
2936,3.0432731355346334,5.811442888265886,6.948010677104433
2937,3.0609582571224903,5.779682394379272,7.028016169716674
2938,2.9894255229305813,5.498264389133494,7.020722516217251
2939,3.0507407347700983,5.824693555868111,6.838879898972445
2940,3.119157892209487,5.693963664939747,7.0710686288626725
2941,3.04497019165883,5.7158528682262375,7.006490379362024
2942,3.0992850613937564,5.582036514402259,7.107992127581142
2943,3.056702544162579,5.787778249302374,7.022867534965132
2944,3.081397695259238,5.533248120952806,7.056510610930508
2945,3.006777935041789,5.72647747306877,7.084757085773653
2946,3.0673911537393157,5.716621833605275,6.970766576535606
2947,2.9125425752203142,5.528297898187903,6.972848785896013
2948,3.0517237738898353,5.815069194627163,6.8385055196708295
2949,2.9785146429119176,5.630768468099594,7.054892925410868
2950,3.119308269234343,5.663758264596672,6.935284640163273
2951,3.096849664106701,5.436282964171153,6.857565171105461
2952,3.0802841131230885,5.791269850264476,6.988160363168329
2953,3.131972657176714,5.447421887495919,6.745437943304145
2954,3.0074488155520602,5.662629089246207,6.87619850813976
2955,3.1412356109873087,5.450811526269728,6.973810724216987
2956,3.099450352269652,5.478426758102653,6.856622175944435
2957,3.039986845870992,5.609130016444099,6.8245922845510965
2958,3.1075699667200554,5.622834278732393,6.839015195024412
2959,2.9944491455665467,5.382673829531522,6.701693627571161
2960,3.0075134873779312,5.608475040780893,6.909808955560694
2961,3.017285595744325,5.593457274830223,6.832728341958751
2962,3.020242594883886,5.384604665204743,6.8106711801467945
2963,2.9928405082027316,5.627618509119537,6.800774546161988
2964,3.1057999651662764,5.311338311887586,6.813121887160984
2965,3.0306810244252476,5.383737374415659,6.853918193775757
2966,3.060227436399759,5.483229369766739,6.787049738347314
2967,3.0130635738499647,5.3390145843208066,6.671783146079539
2968,2.9495304417272528,5.4397266005950025,6.816185981750594
2969,3.053043449398442,5.4263609234284855,6.799396033685636
2970,2.94290831731723,5.372393452786105,6.76525732534998
2971,3.0340703580235706,5.463131259423726,6.824081938693004
2972,2.968067812001355,5.345792057382836,6.729687002190207
2973,3.1348293766405884,5.380469645010267,6.805311339533741
2974,3.080016234390241,5.460604482664232,6.818077033776571
2975,3.0387188180595714,5.4136259311780295,6.741142341017404
2976,3.095600000951016,5.4017212328535456,6.623741956879032
2977,2.9890829148709583,5.196729850475196,6.662099238930966
2978,3.057557237203401,5.352625437045433,6.7606260907913995
2979,3.039358852077312,5.200768691590921,6.530636912830882
2980,3.041554903921632,5.148927457207931,6.607998376017158
2981,3.090957651412345,5.258330678073936,6.600806982929549
2982,3.062951164933059,5.1634901114969045,6.547902782133765
2983,3.039749832904033,5.32138967198855,6.675815358955198
2984,2.941556874248503,5.312183665058238,6.624989610486254
2985,2.9752870336684034,5.028867662450476,6.526817046137009
2986,3.0161425099473957,5.124702146961483,6.62100200596661
2987,3.02593568910532,5.04996179539432,6.5487528780983775
2988,2.9637465032388746,5.138095540077292,6.479085759021651
2989,3.1398306473967588,5.21830797602228,6.482156936215968
2990,3.0940571453374965,5.137011463755307,6.562981502412364
2991,3.0473344921107937,5.090736117204636,6.592147117267381
2992,3.019822056978863,5.268227335971858,6.46703965322559
2993,3.004601907298188,4.896251443182274,6.538521038563997
2994,2.966609078473803,5.238985610954749,6.610524468494839
2995,3.0170721766337887,5.049468572822425,6.37233061477121
2996,3.0250794302474615,5.084727121312867,6.490591612151237
2997,2.949097930046683,5.028487852011241,6.517733783944029
2998,3.0268894380599485,5.2242485884743,6.432862078306767
2999,3.001412825678571,4.935650814689316,6.528782749809722
3000,2.9127810634419986,5.048768326421086,6.594930223938365
3001,2.6681671138292455,5.089245539806115,6.4358558167767335
3002,2.689960761747987,4.8643731401743615,6.3791290955234965
3003,2.8045103229322765,4.922523870609914,6.465472312267485
3004,2.7374686863483597,4.98880837711218,6.4442488821493775
3005,2.6424121879612046,4.904148256775901,6.16502256956517
3006,2.7330634182639115,4.9005237843448946,6.356035545550948
3007,2.631001794669204,4.936448220419528,6.3144951008166155
3008,2.762136938967378,5.02583108845929,6.367695124901501
3009,2.6841114935880848,4.916130173974591,6.310452146381759
3010,2.7026811473443777,5.047867643560833,6.3092109367318585
3011,2.773377850441375,4.829969905036137,6.237145805402328
3012,2.642484668624546,4.794375174801256,6.355244024036847
3013,2.6367714685672863,5.102128148523854,6.419268414240668
3014,2.677261575180353,4.833731881249108,6.209542509507028
3015,2.7582042088133654,4.758581804587174,6.156194317728346
3016,2.630191173592656,4.705727449376181,6.260275958282419
3017,2.564453317225072,4.97782081012963,6.2472180118659155
3018,2.683435102033025,4.826678626259066,6.334140843471844
3019,2.7335412773146412,4.826060869425186,6.133210532455829
3020,2.7659576752909603,4.826261700000559,6.179716885728723
3021,2.682805938980795,4.934356510760948,6.0422745345811935
3022,2.6854410725914764,4.806122920697765,6.315560309278018
3023,2.763784717004973,5.049631248875439,6.217212298400903
3024,2.612708656161596,4.819891080306429,6.151840389782543
3025,2.686904445911127,4.9041246807621075,6.075021628636124
3026,2.7160150016636435,4.8700461877130365,6.074398402982701
3027,2.729146538157875,4.777601013954039,6.198158526534583
3028,2.6814154254075038,4.714422408129328,6.068754074511888
3029,2.708876219463181,4.798342487442531,6.158152242723475
3030,2.583014345828164,4.808337931943952,6.3059065048568845
3031,2.6748228554788076,4.69240928176217,6.1074608767392355
3032,2.7307431716652273,4.758801888423832,6.05130958916796
3033,2.6593132681966587,4.858451262286251,6.151905626610798
3034,2.7117650626016525,4.934653243194819,6.016566558596741
3035,2.731574876965133,4.806090277190156,6.245680679010138
3036,2.6925465793742687,4.900093522677999,6.213992841807951
3037,2.7186672681101687,4.644215769068104,6.082362317815316
3038,2.6625046069269542,4.770850504485507,6.017678824765641
3039,2.700834802449301,4.828198728469728,6.049542330646714
3040,2.7422271391938375,4.598575238025414,6.054269608070065
3041,2.720142630819954,4.633690464430125,6.10310627474262
3042,2.6835716111948007,4.850261710311315,6.1502703919004515
3043,2.72473957604255,4.573365632464309,5.97904022186803
3044,2.749916062533654,4.531350922347848,6.137879547983696
3045,2.6123714064012806,4.813036138789143,6.101652830450096
3046,2.7735309925817235,4.7748754583056945,6.007033119400265
3047,2.6994991320002133,4.69356078865157,5.956326098313318
3048,2.7383465421297664,4.641117091402517,6.048358212821933
3049,2.777719998884231,4.597366117287022,5.950280060579926
3050,2.6500848369897443,4.665136002376708,6.113121297214526
3051,2.6840324314714614,4.790837574997543,5.937689114629669
3052,2.705937923289232,4.652823466907655,6.0679833497465
3053,2.682063298917632,4.841967882808131,6.014479789755371
3054,2.8089079822217737,4.531978823994678,5.973037317522971
3055,2.6802571074541306,4.616502737834512,6.006815721333225
3056,2.6962771283872855,4.578060142303976,6.098793234069675
3057,2.735256684464266,4.503945057553171,5.9145643334356155
3058,2.66593634379722,4.594442571064938,5.974721277093416
3059,2.707290002413086,4.648974580018136,5.945502164677116
3060,2.7440003562535997,4.657354710028851,6.000699464206893
3061,2.7125615696971876,4.819866572778693,5.94736116919751
3062,2.7256351871324775,4.647357589504267,5.85923577171241
3063,2.704960707628314,4.714213959545434,5.915017846851456
3064,2.656849221247756,4.6042991336746875,6.129395824813553
3065,2.7498202559974185,4.764184656408368,6.017260210408867
3066,2.822677335722736,4.835113253940165,6.013857289686004
3067,2.737062868848244,4.647465713512048,5.9738053520709045
3068,2.7486399050455574,4.494379544376409,5.99202969770712
3069,2.773268341559747,4.538252204338625,5.961719181361261
3070,2.6764425602003845,4.62101197792951,6.03840140152085
3071,2.8263328574537763,4.638352258105336,6.004652877206735
3072,2.752642541733785,4.662626347425607,5.9034252343173375
3073,2.8254586395069383,4.639081781423349,6.018159973548681
3074,2.708574328019623,4.594234732898709,5.802094030268535
3075,2.8375095210216665,4.530585844121733,6.033028709930455
3076,2.7867646817433194,4.635183272584731,5.888492326482814
3077,2.7770791976934452,4.781625266199832,5.995070694986731
3078,2.762568273839567,4.699368737966924,5.908891383454168
3079,2.7398998144629547,4.652286742638278,6.006585060780163
3080,2.8138311222549923,4.703403417438009,6.054709006597832
3081,2.762319687761728,4.56515931456941,6.130949027136604
3082,2.6584639843356044,4.553445442726232,5.889877630647931
3083,2.7024922994211824,4.531685491796476,6.093873267258194
3084,2.750611621200513,4.596311673110682,6.029161123246395
3085,2.7769740313018576,4.569198776647069,5.9856317083777215
3086,2.760232469955289,4.734966905532419,6.085670809014819
3087,2.825615635163367,4.5695264530989,6.009384806780301
3088,2.6687343410796474,4.539883477210123,6.089215233001811
3089,2.7751080536160364,4.817685832567794,5.956160823348777
3090,2.6786855467725412,4.581736720393959,5.988805909489818
3091,2.809242345948559,4.645844862625487,6.119008592552592
3092,2.7682221319294062,4.679411630314363,6.16659710401137
3093,2.7956297558872385,4.52456476956817,6.049374386670881
3094,2.733174890235927,4.765902372892068,5.833770881913299
3095,2.8420773937605235,4.7103487074361405,6.045570003643484
3096,2.831940552239973,4.80691855196356,6.068988525915561
3097,2.8107965024609034,4.587759427102962,6.052831179260747
3098,2.776922921599567,4.670351312285171,6.103574389399369
3099,2.8141854036492506,4.669284520153131,6.043881864731639
3100,2.751655654217785,4.696798501110391,6.154662177672488
3101,2.831599524131401,4.530156715050877,5.9998811280901085
3102,2.8731306859148558,4.692055473898027,6.1979768754742794
3103,2.8460352354073715,4.543821417527921,6.228988400301469
3104,2.7578855396945823,4.727936676658307,6.0380299190652185
3105,2.814310096433484,4.485010412094041,6.044215909926219
3106,2.733468053110269,4.518622341539357,6.1565223643563325
3107,2.828642597385166,4.791672240270087,6.035182592989513
3108,2.824462974002648,4.661297455563787,6.09737307139508
3109,2.710363194902796,4.623483909507256,6.231729016244104
3110,2.7476972309767915,4.855764022834156,6.209402287599043
3111,2.793572807020381,4.767969950593714,6.315794464767468
3112,2.7946407240577362,4.829059089787797,6.178141373471006
3113,2.751174167442162,4.731980180628501,6.122823061964044
3114,2.8330713080068493,5.023429809513717,6.183109278198815
3115,2.8281801740730894,4.701982956059758,6.174387274963046
3116,2.8078866330823824,4.943952721926068,6.183035741110971
3117,2.7818132929084354,4.770533343322389,6.199679936399006
3118,2.8740498918959476,4.618480137056111,6.134761268411115
3119,2.9064051546174907,4.839568184836376,6.23968930208779
3120,2.8014852892840136,4.830199023886303,6.112315420605814
3121,2.797091587773156,4.701113751898667,6.175642661832798
3122,2.854304596362489,4.721627230148907,6.231538856811193
3123,2.8138944357156794,4.819058995884541,6.068421638037736
3124,2.826884850482926,4.8642558101221764,6.318914637219258
3125,2.8729029894067053,4.590035894004779,6.101421290076347
3126,2.742524664797534,4.950300718179585,6.327584159627629
3127,2.9059859386697715,4.803486488705559,6.178997257178517
3128,2.8457891169803187,4.727766794374501,6.2584909047008965
3129,2.8236703154923797,4.963107156279558,6.340930952890319
3130,2.8418784585102106,4.874747499650811,6.483817602008158
3131,2.8465618363583203,5.00688062647828,6.325894492730928
3132,2.7639852114942856,4.9372560792841105,6.166622175301602
3133,2.9274014980368106,4.901544341265048,6.410219973599287
3134,2.8568342759862095,4.894691936178885,6.324097172573894
3135,2.8790353016247234,4.966535598868844,6.356999712312794
3136,2.9065833722601697,4.885236882463032,6.404819050734975
3137,2.8100716318587713,4.849680758252593,6.190964923431928
3138,2.886930097175783,5.004295282357646,6.378341603625283
3139,2.852003765413408,4.937236296686042,6.353880998205698
3140,2.909855940155779,4.963432921997829,6.493251521099941
3141,2.763289568692073,5.077411586491638,6.46252841822899
3142,2.8668314128174317,4.965485758267688,6.283056122361595
3143,2.843781625674289,4.986774998447215,6.52308167408096
3144,2.8976733716649576,4.933699213144983,6.466883314200037
3145,2.9017007265721855,5.045121090740434,6.315982055260277
3146,2.844955935173078,5.045399203277452,6.453048088860293
3147,2.8468673611996853,5.108845633877768,6.540182781235752
3148,2.87908141433856,4.9691853591585735,6.369060447339105
3149,2.8419206956684957,4.989621109615618,6.585151850585127
3150,2.9309893040281922,5.12289159006595,6.362667548221202
3151,2.872565951479853,5.077140724040089,6.4290783924291866
3152,2.7478116649389435,4.969501778114357,6.425608209616737
3153,2.8765530018536496,5.198941836478238,6.61981255680331
3154,2.8454978991406685,4.90655897877184,6.4789513161165
3155,2.817989934119465,5.16290099686844,6.433732875614899
3156,2.8398083695780953,4.965966816630105,6.570847747685907
3157,2.9092731364534856,5.289025537252725,6.596541164851588
3158,2.972354493555713,4.9538847216355455,6.605404724766782
3159,2.9236978364347324,5.231403312506154,6.538585399815084
3160,2.8798257189591845,5.115780135285947,6.588877743941456
3161,2.9350541828373795,5.094976663242087,6.52464684475619
3162,2.891408045774469,5.157794242566666,6.718724425440462
3163,2.8817313293468168,5.209982888344853,6.684272124264564
3164,2.8608368944697995,5.063808047331268,6.687284643887609
3165,2.8330518568805085,5.080037911832357,6.672003101972241
3166,2.9032296666801276,5.233855513979801,6.657787977662398
3167,2.9327050634611878,5.005345280338426,6.524302005542832
3168,2.9220414218533692,5.12474390603245,6.682059485680681
3169,2.908137852623876,5.494221967049251,6.647980204324086
3170,2.883705565390079,5.100234213621369,6.747247494019228
3171,2.963454622250146,5.318590417086324,6.718003672500942
3172,2.8692276355203563,5.151878728512608,6.704561385853375
3173,2.975919721148995,5.267927721624121,6.5327995090562805
3174,2.8890334447467665,5.288890652599181,6.667306469182311
3175,2.903540082332088,5.34266189544427,6.636563412562255
3176,2.8698314142126726,5.215928075272507,6.708028446174144
3177,2.920100380570223,5.440902140707884,6.661112672259844
3178,2.9959266140805236,5.189010158117889,6.678668152488944
3179,2.974923293219106,5.2771629005910645,6.743720714480786
3180,3.0000339926770065,5.2839295452990305,6.678545088706053
3181,2.9791808204725236,5.152727076819621,6.728822640551913
3182,2.8998405238266636,5.2417168952253395,6.603379740881877
3183,2.940424101248938,5.291691105727482,6.664033351948551
3184,2.9198820885454797,5.237415955579898,6.788654402411934
3185,3.0273379193132177,5.529658754304045,6.643150988422674
3186,2.902875229813803,5.206489666808368,6.846467183233704
3187,3.0092931070016946,5.412924981751253,6.829848769075602
3188,3.0111372634157028,5.3851013492626985,6.735368401692066
3189,3.059839430139906,5.302381890697491,7.001495404016688
3190,2.9497301603232815,5.221397473136636,6.8656523790354385
3191,3.0076736058170814,5.235078358997388,6.694704387642963
3192,3.087969755020291,5.2639256776398495,6.834616331857504
3193,2.9448211229551395,5.140797632567672,6.784297948925022
3194,2.9007533383884536,5.222503308387745,6.720827169413208
3195,2.8852928168378478,5.1779069954728865,6.701133344127383
3196,3.016702436376243,5.46387168735178,6.8699042252536495
3197,2.888668115793527,5.394082818527817,6.745886656404778
3198,2.965953467340314,5.413607412764554,6.7888027516179
3199,3.008163604781833,5.396485903644117,6.7263206342318
3200,2.997269709978318,5.356709781431811,6.743017526971652
3201,3.0109803584449337,5.488307363845568,6.795399280341222
3202,3.002503718187005,5.283203847045931,6.839106124608465
3203,3.056997289526401,5.356800874330195,6.603293747137945
3204,2.9470863534271428,5.422505220465804,6.813838635902446
3205,2.962483727744858,5.217154169975182,6.75472826929685
3206,2.9593147033194884,5.6602188345787745,6.928348957240538
3207,3.0410540775911166,5.354509315470061,7.05313009372988
3208,3.046143591823957,5.36675134381992,6.790324361680348
3209,3.025246212988767,5.478945727011684,6.682451067558566
3210,3.063402771175223,5.4452639255595265,6.830547121280561
3211,2.946850790217446,5.357890761785717,6.80553432777233
3212,3.090620140432724,5.367213804615191,6.980251769868347
3213,3.084908075121619,5.203706554904173,6.956248555469013
3214,3.046995315247876,5.298197415443219,6.892331133733086
3215,3.100752850482726,5.405089109092568,6.776146846693945
3216,2.930260810676592,5.39708252502591,6.877085994987515
3217,2.9882787666034023,5.473935659114353,6.843648164267981
3218,2.979125101018221,5.338695220303788,6.841136896675786
3219,3.053333003078103,5.210743105325275,6.696356225925789
3220,2.9661001908792772,5.453671288250371,6.904941872249095
3221,3.057809372386507,5.4899336756639325,6.827406550167772
3222,3.089767775285348,5.434275730973436,6.809298251598532
3223,3.0572862044540954,5.3260145853966,6.767736861453072
3224,3.037977214390555,5.4445435719391675,6.75044421820781
3225,2.9756378886330395,5.680523633481435,6.837298986468647
3226,2.9839089670234147,5.346476389654506,6.669770991204669
3227,3.089930268066178,5.200917443673233,6.870451013669748
3228,3.0675922111210867,5.2703944527884525,6.7203516656411555
3229,3.0278266387831465,5.388304880021115,6.637177110808572
3230,3.0100121942789597,5.161814314797961,6.944617799733278
3231,2.9307243272636407,5.33557640791485,6.727017707904569
3232,2.97955593370355,5.352815832060667,6.734495148393057
3233,3.129729921213577,5.464246021228644,6.879439770870881
3234,2.9711729754842984,5.43751160597924,6.933246592415142
3235,3.045682706037299,5.3885165222390805,6.658275059632771
3236,3.087569849513924,5.08116484785934,6.700253589805025
3237,2.975416231827948,5.384722760796597,6.701774570790385
3238,3.048338187805093,5.358164764990457,6.842626130828655
3239,3.0869141326401173,5.308016483359771,6.894238330172015
3240,3.041534217263922,5.104022529684177,6.671767394515337
3241,3.1851953163742377,5.193805636277069,6.866262654233231
3242,2.9591859458881804,5.149056208022899,6.691072898911153
3243,3.0963677316936,5.058311929451238,6.769216891351878
3244,3.035581086656073,5.25341610755817,6.634962755316853
3245,3.083581344930959,5.1676426227253485,6.721098973211639
3246,3.067788979714621,5.5034968409914695,6.715962980124475
3247,3.0097780470138153,5.217456716396693,6.693464102978119
3248,3.058571692152111,5.356905045465889,6.7431274083848685
3249,2.9548864302772446,5.063645920714485,6.625250496852749
3250,3.0785769592243883,5.160405381144565,6.62843076160439
3251,3.063928878898766,5.215797283685947,6.727308696249893
3252,3.0815334671823096,5.107822179996803,6.7926289727641995
3253,3.1030588542809627,5.148786855479975,6.67626754272233
3254,3.0690592325188604,5.1614228649467435,6.711054474590929
3255,3.058580686983069,5.151882346649867,6.723919546018142
3256,3.0075933001793747,5.352686887973308,6.722072588617595
3257,3.016478560664696,5.196748839699677,6.57155851880388
3258,3.111841450551869,5.198480402387897,6.577739956248803
3259,3.1247087102108893,5.195952631571398,6.5766097580499805
3260,3.041345601799587,5.194565049803843,6.777878830427363
3261,3.055882274403965,5.116189255308361,6.655876245972458
3262,3.008654130707221,5.08344203155318,6.643781926331866
3263,3.112796975215833,5.123103107453452,6.627377504613466
3264,3.0876757036541513,5.212875844955831,6.483646263489209
3265,3.151682787637595,5.200465383552172,6.735468230942125
3266,3.0108940198119196,5.054323099315686,6.6097265207760545
3267,3.0360691246626255,5.145547117401368,6.620101271232668
3268,3.0666721362461926,5.039585701527564,6.411745321861123
3269,3.0875255014693566,5.052597508842767,6.605981962088164
3270,3.0444895834460515,4.991912561358058,6.505625046360413
3271,3.011667503077863,5.01104632889411,6.41870249052092
3272,3.0993990760706476,5.153184672177939,6.438522000524655
3273,3.09136906069416,5.018032905119013,6.403827825137392
3274,3.009452535543743,5.011959933360793,6.392574661182107
3275,3.122962590822019,4.843256067184949,6.489964527882739
3276,3.113594768731506,4.946508428854275,6.444091796519016
3277,3.0616641260726194,4.942668693542424,6.49158287574695
3278,3.0587636638375106,4.8731692023983095,6.588675906342376
3279,3.0822910495113454,4.947453108396793,6.433897698707679
3280,3.011277240597554,4.891494682416355,6.254250339351017
3281,3.0556079693708904,4.9314658784437215,6.403995350281252
3282,2.946200915909927,4.924600751171857,6.50826486224465
3283,3.0973262009029745,4.8057937136802,6.395293991662718
3284,2.9750816451515965,4.850356004882415,6.513829778283214
3285,3.1279496849699364,4.886762796530166,6.416974981419394
3286,3.035864516303473,4.986200488146117,6.2228803948500815
3287,3.041348383172606,4.882137492539952,6.367860726724018
3288,3.020075578774494,4.778920822810645,6.37196015862928
3289,3.0365601525613575,4.873621217944641,6.423692063265005
3290,3.121357718994662,4.993043585155085,6.471859621951835
3291,2.925478963733773,4.902492783356468,6.387897320531405
3292,3.11312505919,4.854077661180303,6.339477677642003
3293,3.0655544680468356,4.86036028860788,6.347267761357344
3294,2.9876477918911704,4.920250298371667,6.268642921141409
3295,2.99354787964515,4.872252535464085,6.15394534340344
3296,3.130416792062365,4.809786180554374,6.263172686483294
3297,2.9985744293074728,4.84838396708106,6.2779429713187636
3298,2.9874038495249193,4.621757550499959,6.141287192910554
3299,3.1011276541644257,4.568096360922241,6.33256690303055
3300,3.060349057334872,4.7224342880523995,6.29572873279804
3301,2.995653543042803,4.701999340838618,6.094418928079106
3302,3.0524783914077394,4.6291564185895835,6.302299721329812
3303,2.9894257353407534,4.7545621455780935,6.157254586201391
3304,3.09478956930103,4.474137263276874,6.10854429671253
3305,3.09182108046432,4.595414409485114,6.246090993367759
3306,3.064325781156145,4.588889336276554,6.144614823457797
3307,3.054750375754288,4.462277172997969,6.289613605746293
3308,3.123637502382819,4.763936068932622,6.058460496123322
3309,3.0344421205743797,4.467135551613368,5.9772087908476035
3310,2.9742127564238063,4.532855399384317,6.082397199764652
3311,3.0545977862154174,4.671166030271484,6.157105854415809
3312,3.135213062440853,4.633700049360861,6.008981219032288
3313,2.978928371484498,4.44705818593448,5.96598191067325
3314,3.0103178892114886,4.614961244927461,6.079997944789045
3315,3.0479070876620344,4.564587793344249,5.933942940093598
3316,3.023052413062173,4.757874077289894,6.064991651333534
3317,2.9752644956782395,4.55399366781311,6.002692639250883
3318,3.079073777152084,4.4885762269871705,6.059057728162213
3319,3.1375533647154614,4.406226393592893,5.898427427848008
3320,3.0298976277808345,4.406707519548083,6.102699194073438
3321,2.973396698944179,4.387892958134934,5.973998537453683
3322,2.9396305317420324,4.59700412968495,6.039604633154714
3323,3.0284252442843527,4.4512055797093835,6.045284339396242
3324,3.069137702106698,4.4955411539667365,5.865963702522843
3325,3.036089177413029,4.580146085117845,6.019301925888403
3326,3.010567184671548,4.182680302569119,5.824978517635462
3327,2.9795500813968117,4.536323430778357,5.819739320601814
3328,2.952701542516078,4.403992425005253,6.076944101277423
3329,3.0473131988815827,4.432084945726118,5.999356949494375
3330,3.049500048733134,4.295981165278763,6.067000335774003
3331,2.924730821630368,4.29366769399627,5.862305868535347
3332,3.0796851959675444,4.408543853140212,5.891053557285154
3333,3.0270429246445065,4.588721826682367,5.916107569246551
3334,3.066435483558492,4.441322931376567,5.864130240481851
3335,2.927436116499981,4.458403284714702,5.796731539488604
3336,2.924308510500341,4.303643113198853,5.776185035823162
3337,2.983179028687575,4.2539508835951265,5.856565998965721
3338,3.0137651558404155,4.227157603577737,5.745832168545509
3339,3.0764131862470063,4.247819098988996,5.735457392069317
3340,3.0198391805558673,4.082920977463408,5.846542124529972
3341,2.970312251816361,4.207407151220834,5.799600623105429
3342,2.9290100419443674,4.215713430006065,5.874496675830012
3343,3.0396819413375122,4.24621500369576,5.7579864797571885
3344,2.9277713962774587,4.269082882138793,5.738093109451736
3345,3.0552263183937645,4.284467479657817,5.811249521620951
3346,2.9573514761681845,4.239204282894741,5.705334830174731
3347,3.048839354779986,4.1751892147111835,5.710740448158067
3348,3.0009682151793173,4.0297989433298405,5.707172742140325
3349,2.957855268180681,4.161572051643293,5.733298172551256
3350,2.9363907468000203,4.114994946743638,5.885463505404582
3351,2.9429429662149005,4.25215488166147,5.627290815122753
3352,2.9790044053986158,4.289958277770233,5.835013001813118
3353,2.959019169200154,4.286543078422014,5.784508912219213
3354,2.9230162602487315,4.2622146786551625,5.845134855689123
3355,2.9419436116169786,4.167179091100479,5.965180834225795
3356,2.9516454056897827,4.122528949016129,5.823412175798175
3357,2.8387444003102584,4.094389335237186,5.777781537865094
3358,2.9655274012982127,4.012908698010395,5.593744595826283
3359,2.891044328258901,4.257588349171692,5.599048055342879
3360,2.8797488331338106,4.135863137357387,5.718149455899603
3361,2.8504071387883023,4.0238197338458574,5.549064814231522
3362,2.8424126450532206,4.061113719869998,5.729912283258606
3363,2.8616419941487403,4.0525654145274554,5.505840437481258
3364,2.8912447836200554,4.139257079898767,5.764961873670995
3365,3.0216147933647917,4.237586339443123,5.643389243667081
3366,2.8948885830688487,4.09211958002484,5.6757891477648705
3367,2.9272757131699665,3.8979391502407186,5.602522718005445
3368,2.9355930166353796,4.1007442714091775,5.507437334964407
3369,2.919278234972783,4.100709326645616,5.7552186247051615
3370,2.905984312890799,4.090700407228522,5.760619970489881
3371,2.847198985498491,4.0475079437717705,5.623163610631617
3372,2.9765931144425637,4.129258050349833,5.701954221741683
3373,2.991465708792405,4.111587243362756,5.61564467537388
3374,2.814008360852079,4.1001483741101215,5.668110593064086
3375,2.843951769942906,4.141753396126979,5.704077538753434
3376,2.8781512793558397,4.055563629763745,5.6862679917587275
3377,2.8408804072937657,4.048145931774864,5.747853496389106
3378,2.911348191793622,4.2332744059038525,5.68100110243031
3379,2.8465562529394335,4.1498551646207105,5.6408521072979685
3380,2.988120164966547,4.175471641935523,5.577006375553907
3381,2.9362700594661275,4.214444589096176,5.599153700136855
3382,2.884224591525621,4.143685063047092,5.701951899579757
3383,2.921776680209152,4.1833851044260415,5.51691440071358
3384,2.9225323091399287,3.932265966716646,5.725636495768124
3385,2.835828507525286,4.110468269736112,5.614989955883918
3386,2.8199825183815097,4.071831008229025,5.572500096343541
3387,2.861447170885843,4.25811814766875,5.550794661579109
3388,2.8973478355176923,4.183557349492729,5.693542219164271
3389,2.8579246733672248,4.028386691336177,5.639517044968372
3390,2.7688073063708103,4.12954350140518,5.769079589124931
3391,2.8041814806850605,4.110058581950002,5.542415825134434
3392,2.8372699720249606,4.139942392378969,5.5988847306473675
3393,2.8338118338808354,3.9940351125081976,5.639627381081184
3394,2.9328295571130263,4.133521222270633,5.588913893372072
3395,2.7614914713662984,4.076493482994516,5.651798111054684
3396,2.852640089593645,4.1295301068091215,5.679302334573946
3397,2.89836763549286,4.031009166117957,5.695120707474839
3398,2.9340176702018597,4.047288452492795,5.77965956867464
3399,2.7967406235656256,4.225709014664895,5.5578755897542695
3400,2.8380296486690293,4.005881403821338,5.692342699535893
3401,2.8384265071780854,4.016151646128312,5.616914517808321
3402,2.8161757854835825,4.111837670327406,5.706596866450851
3403,2.7979058108969697,4.043051384164415,5.710404139448396
3404,2.82107664292562,4.035156162122719,5.600819760404699
3405,2.6690790718778894,4.137757196793207,5.611728840833079
3406,2.8261923250427325,3.9805034828022587,5.728970084998767
3407,2.7947794650831157,4.0341420642023245,5.694296362838934
3408,2.773713064332866,4.344441604353952,5.679405155945916
3409,2.88353095476993,4.1892365720658,5.754328012550896
3410,2.7437772546762664,4.073050670058673,5.765101626211778
3411,2.7536916215160963,4.194104964143099,5.669227333014629
3412,2.869730187652127,4.213748996461947,5.6486231263233115
3413,2.724842478155698,4.2613433917225585,5.621177002995094
3414,2.735219003995797,4.1542232619076485,5.7303009087551535
3415,2.751639211719551,4.2697738097823725,5.619414074476056
3416,2.797279699349296,3.9736101072012184,5.747009036347759
3417,2.7618726596196264,4.077297440163124,5.842332339381797
3418,2.68307818304146,4.204928830939431,5.722779194857169
3419,2.717315587406072,4.227255540356627,5.714367273204063
3420,2.7097588013285767,4.108998573273509,5.923432955359117
3421,2.7324562150052474,4.232134541039477,5.890854401733887
3422,2.7537887272233883,4.14995233563108,5.71551138799823
3423,2.7495749390394164,4.190909250953416,5.79452621486085
3424,2.6360212988547977,4.327473174193592,5.81654719637208
3425,2.7741655992605585,4.322398815294588,5.813512185138109
3426,2.7297333843676705,4.1384236984752505,5.949475035600028
3427,2.7824579675029124,4.139141354986048,5.818473464010183
3428,2.7315580385564027,4.2105947013829965,5.837776545274523
3429,2.760521665406933,4.255988342241803,5.881298813113665
3430,2.724881121999871,4.199926026334336,5.928909452475624
3431,2.7649547330856823,4.376931532670665,5.916276366792169
3432,2.719837123239874,4.3148526956780255,5.892074780126387
3433,2.684901840951626,4.328060117077371,5.732127050229844
3434,2.7994845261095005,4.1682235142058195,5.825654950604214
3435,2.726372318220842,4.419116546080639,5.938226885204398
3436,2.70665815150039,4.02796131168227,5.900752946831541
3437,2.6101992862662406,4.401051424812201,5.9549361703331005
3438,2.6056361239663524,4.418817998321399,6.048017252345165
3439,2.680718011396685,4.289957173706277,5.811154521743613
3440,2.6693830786974395,4.468364540929588,6.0046777617606395
3441,2.6274200362471944,4.342701959206846,5.895611208931363
3442,2.6611891251384554,4.36325123350817,6.005321763003119
3443,2.72958015866572,4.399011605553188,5.935703924486173
3444,2.680923071655729,4.691817336458625,6.117720208388959
3445,2.585102289385932,4.515750929059955,5.966571636009736
3446,2.6325729900406447,4.459611026859225,5.913571054553741
3447,2.5938920923011843,4.3064465862093675,6.007088433264257
3448,2.6107439932470773,4.420349973524092,6.008134984862176
3449,2.6054336861243534,4.332973420272323,6.0820193114715115
3450,2.5982148985147235,4.504818677836688,6.035594674139658
3451,2.5553206658894094,4.444999010330871,6.20655748389093
3452,2.607672826947858,4.326863842887253,6.008460822873604
3453,2.582001496851178,4.455807160377624,6.018239391767621
3454,2.4595342747598004,4.371142648003726,5.9867449395425405
3455,2.7046289759992694,4.479602716057175,6.050763132420325
3456,2.652391680255101,4.386973068697129,6.071251244306005
3457,2.5751104638561646,4.484028277792914,6.084119213996161
3458,2.590838557660005,4.56472022313413,6.07584825098014
3459,2.527287118274201,4.492752771236767,6.030529415948235
3460,2.6666286584058683,4.467340894445284,6.017610796630221
3461,2.672680399644073,4.535112122678772,6.06694203115761
3462,2.581625196392135,4.592836588961035,6.19706991112913
3463,2.6209430051475753,4.4207088997024515,6.223056915815661
3464,2.574508515925392,4.56577285204236,6.117092930799462
3465,2.4948876733205054,4.679708486554912,6.056627767335778
3466,2.5371149324434183,4.613530488526363,6.134128046230492
3467,2.5602873651963978,4.570109889850893,6.316581995720062
3468,2.5269514800912356,4.636433296536572,6.237748401263441
3469,2.5347374572330805,4.625785759957889,6.210424101098796
3470,2.537095076716515,4.663920421044599,6.251860817778537
3471,2.533620063872543,4.394135122561374,6.306516469709831
3472,2.5362801701659383,4.449090594512613,6.09940691175517
3473,2.4766448936189205,4.712763194691845,6.168574233104893
3474,2.4898372065975116,4.469528804134427,6.165873276837912
3475,2.4574769547382305,4.667915647020234,6.26330236378542
3476,2.566620706977083,4.600186777332903,6.237229185615871
3477,2.408477271593676,4.543323983793704,6.292933525894171
3478,2.567475072535849,4.685376595070412,6.1998034885091435
3479,2.575155528689511,4.67789759895139,6.357950412634065
3480,2.4867784184668156,4.87612146830323,6.250397649298791
3481,2.367787186156903,4.6098058053804065,6.319164855704936
3482,2.475942626550787,4.823400909036099,6.3667938455144455
3483,2.4868708990642476,4.721634927045142,6.367831152274879
3484,2.4356303033528115,4.6271895124315865,6.314843687543715
3485,2.4564878723032026,4.780008338205665,6.358774302107402
3486,2.554855914976191,4.763339104971503,6.439698107643891
3487,2.507698975810544,4.716917403773755,6.348478315863068
3488,2.424340287714957,4.7464134203645365,6.255926458269834
3489,2.3868141364147286,4.6664157625022815,6.367729952655374
3490,2.4464788680048466,4.6497429322949735,6.324767718807428
3491,2.4483028823770008,4.814346516975914,6.146447923127023
3492,2.4799423266771337,4.72195941533569,6.3776560568061225
3493,2.424534145254569,4.742163499193017,6.356303851019175
3494,2.4730538489749523,4.78383681566322,6.44562522064573
3495,2.540427044428992,4.787927850352282,6.299105808989122
3496,2.4806467547816324,4.623869373687173,6.244516676365664
3497,2.4336818336025323,4.900686078337728,6.384183909873654
3498,2.4231557887760493,4.789291034338845,6.406672724442927
3499,2.4107195098842125,4.761869858181671,6.389184677237589
3500,2.483838169090364,4.830029941295919,6.3886020354737765
3501,2.3897068111797735,4.815254943478379,6.306559710637531
3502,2.419613681386178,4.872805101356778,6.385899747164099
3503,2.416206504011447,4.854235593704761,6.373936188700742
3504,2.3848657595821203,4.876398153983648,6.492258801773987
3505,2.3376546449580617,4.943724826318805,6.441257179154217
3506,2.418764487655598,4.900833150685811,6.392973783191955
3507,2.3959185838044026,4.8000985111477386,6.557257923294417
3508,2.4203492970073515,4.707362521809406,6.401797166177031
3509,2.3650415105627927,4.989764959665029,6.471722389989757
3510,2.4491628929300835,4.802370409742531,6.417360468961528
3511,2.340699777853755,4.78181273525018,6.564644249217045
3512,2.466573742416152,4.65825284088438,6.4443600190116275
3513,2.290040070418382,4.868394435072491,6.449803119915391
3514,2.3956277556763736,4.851875254038507,6.432196964941314
3515,2.3941456128124785,4.687730820607649,6.461820411169837
3516,2.3270988004557713,4.886640148286172,6.544590056878973
3517,2.384616952418733,4.793377222970756,6.518635351187104
3518,2.4239120930885396,5.1139234344436675,6.455366599632663
3519,2.245652698295907,4.789461862721933,6.591189704733266
3520,2.3782072103381453,4.804193984091913,6.5266950257619545
3521,2.225001878367296,4.761359151336093,6.423382284225742
3522,2.2979970172382256,4.977554914038464,6.349396536492695
3523,2.4243730693699974,4.813226190221902,6.4278169512389365
3524,2.3104800640675447,4.778553947015365,6.495084693247363
3525,2.277549766377078,4.922086684488401,6.510595784575432
3526,2.323041922701325,4.713505161137856,6.572157183629051
3527,2.4330498758200134,4.914003530880146,6.376271655388589
3528,2.2348071590811633,5.029386599096722,6.428914200720892
3529,2.2705837067356605,4.907463149864423,6.369848095848096
3530,2.3948001892693433,4.913949063033829,6.356769580195766
3531,2.409614848532399,4.936322860874977,6.413262768079392
3532,2.308381269314372,5.019245689744635,6.492232437849177
3533,2.248445514894276,4.968022547276675,6.523830420351705
3534,2.4120581102001304,4.889558461303591,6.385266017689411
3535,2.383878548526169,4.9343389770122466,6.395207763397667
3536,2.3350172218770515,4.753514719005622,6.316179500383402
3537,2.2573863871084856,4.91769606860842,6.474129171910132
3538,2.2925150946802035,4.737269910369853,6.3966258239019975
3539,2.2839322742858523,4.798682620024863,6.586255943573544
3540,2.305500451723576,4.524488891465787,6.483815527237793
3541,2.3585396878988654,4.870049630588528,6.434933862318097
3542,2.3270165463924215,4.762482823153427,6.394781030060706
3543,2.226257542841614,4.934750283974995,6.323719287696154
3544,2.346056618373529,4.859223793966116,6.330889076464227
3545,2.290018869318655,4.928986657554909,6.387377220290404
3546,2.3058712538576414,4.704394524483704,6.377870519817586
3547,2.34202615969164,4.912575358346189,6.350288721488261
3548,2.210326921001632,5.015111396496376,6.4566361973982875
3549,2.2613473460815157,4.876538075595819,6.463663492995819
3550,2.233824671992871,4.874562227496416,6.381693877700192
3551,2.1792894915451027,4.807701970700866,6.568868670236884
3552,2.272329516826961,4.733301270855608,6.269801228162287
3553,2.377910093159325,4.85672575102633,6.409488197102532
3554,2.1576935165336173,4.624650431159841,6.382458020158729
3555,2.2454755973814677,4.727950760818321,6.350813059895879
3556,2.276536277694852,4.586905059780652,6.333797712333326
3557,2.2481100130640566,4.687748130738887,6.38361412069455
3558,2.2337743289744405,4.816241586599159,6.360509136938351
3559,2.1719723834970774,4.796321795071372,6.3414037638517495
3560,2.246103032513078,4.74444313992844,6.262882771004314
3561,2.1941841933039146,4.749787047803123,6.231183717257797
3562,2.1201133835189045,4.537383531591056,6.331231532504688
3563,2.28695471021326,4.681766747972442,6.315655287669811
3564,2.2727887456194944,4.643772874445226,6.325402229123744
3565,2.2251257523565893,4.638721407406505,6.325651918341085
3566,2.231698745880094,4.757141135106251,6.285554513545679
3567,2.271692441930883,4.603527327602708,6.303214037776354
3568,2.226954435790119,4.621346057235064,6.24461759188524
3569,2.2587287812814854,4.4651870592226395,6.427352505669511
3570,2.196473937260667,4.636407794832089,6.233840901017709
3571,2.274797222506389,4.548811364166851,6.260373805038128
3572,2.2231173030986646,4.657141944777309,6.224232834493521
3573,2.2146907336754595,4.545591616402354,6.214827326431637
3574,2.139425482802985,4.6424944185979875,6.2678400908026735
3575,2.215247151377361,4.608769219530154,6.249344773099462
3576,2.157302991555088,4.781502283928143,6.212284132536751
3577,2.165018670897322,4.65494586092468,6.217745983555015
3578,2.154226917315496,4.412054866632363,6.174090712666274
3579,2.139777793035373,4.4601960373035245,6.254937258446174
3580,2.2974530247264613,4.582746760643949,6.3782128077234015
3581,2.255937518284822,4.474660116622105,6.134686180711284
3582,2.283576365135535,4.261108126153066,6.226947741361134
3583,2.1246320936327585,4.683084004142852,6.189668146463991
3584,2.1875899288587735,4.61022381002941,6.230091788989476
3585,2.1176339083701787,4.580262094338746,6.222764986686397
3586,2.1458383517970243,4.457289438852525,6.1737690448913956
3587,2.1330624134060487,4.550544511621542,6.14436261700277
3588,2.239325590724621,4.42699710577856,6.102905693657344
3589,2.155944592107956,4.507479881823642,6.066483037838896
3590,2.2276168798285845,4.384405088217277,6.109858615067639
3591,2.202878036855962,4.617473332430724,6.004677380861708
3592,2.2863603387336378,4.298117323565414,6.049689652621344
3593,2.095745012486067,4.567584939825413,6.175419132546422
3594,2.2312502029701866,4.4373864475294305,6.084347270985501
3595,2.2242144745298265,4.373612917552867,6.137401342030482
3596,2.116860026495416,4.428254840096612,6.173011773145426
3597,2.2145548914227295,4.473818219867686,6.030663919819541
3598,2.1797075160075607,4.526024692750225,6.050736085816276
3599,2.1502613501846066,4.40947246326607,5.99926763227764
3600,2.1192061980094503,4.27784207285479,5.947617506257256
3601,2.12324828135174,4.36117745120548,5.9255484066537365
3602,2.2605281679635163,4.525949635730321,6.058350913300374
3603,2.1569385930958154,4.4676510071586275,5.996659095331932
3604,2.1949109697018767,4.412333360986064,6.11672811608297
3605,2.115192692037091,4.389564388118267,6.03575984713994
3606,2.114711421565173,4.368448170864576,5.888463265498155
3607,2.2068029723213938,4.402858880596108,6.00312505727755
3608,2.084257875175558,4.229777481331042,5.900405745346481
3609,2.1300422745623626,4.128369420583071,6.011055375319463
3610,2.151603963134304,4.259200733791126,5.8636793878236935
3611,2.1546042305283923,4.158953261820346,5.807260200821558
3612,2.1392473447900984,4.1236130574170415,5.816654726789848
3613,2.1671928266640936,4.14548766181029,5.809599470133033
3614,2.181277889843433,4.454447972206534,5.790810724297959
3615,2.1826336922479013,4.207934776657155,5.801085079772591
3616,2.095911795238415,4.218927501167736,5.904300638586227
3617,2.1303278652311377,4.0489275060041,5.968333037651535
3618,2.2036408641079857,3.975232213928327,5.707135205706167
3619,2.1880356470682623,4.066166604906961,5.903552912645494
3620,2.0740943436231256,4.280380397582909,5.753201684641223
3621,2.159778794282506,4.158505930224751,5.808223271827564
3622,2.0427944638362274,4.173487964878882,5.637068201860008
3623,2.143586828517029,4.176071599174089,5.800366368070043
3624,2.235696204210681,4.031706989448952,5.587102649969209
3625,2.0930143797864424,4.218309719753286,5.761770824283619
3626,2.09832739412226,4.004951828489889,5.746413072174454
3627,2.177912907534033,4.197627316623606,5.730341834298132
3628,2.062272525595795,4.090061705099936,5.645552963150054
3629,2.1075093098275937,3.8558141282634724,5.737652206213904
3630,2.1687368181475013,3.9488683996538825,5.714384440495844
3631,2.107001368424513,3.834193529668859,5.655776874550494
3632,2.1267512168957174,4.11810471355497,5.715867381992422
3633,2.1756261661418117,3.988466882421067,5.6440920927760665
3634,2.1593944078177643,3.75734860594552,5.683742165510342
3635,2.151591251549043,4.007082127672827,5.62115137902362
3636,2.1212603940911134,3.905201396986728,5.638425411085751
3637,2.156718628233812,3.800037011337913,5.657024003555839
3638,2.1320608275698105,4.105806904016668,5.569263028716071
3639,2.161202389187709,3.9384281030640684,5.492535446696931
3640,2.113562842623739,3.888145529219147,5.603574989894331
3641,2.129410945221804,3.867438745433387,5.666989676678165
3642,2.089203992796824,3.7460526346481107,5.58622694511477
3643,2.137146449134749,3.7570352137325416,5.57831291743809
3644,2.09857410945765,4.006204784481302,5.540167588902634
3645,2.08368144276405,3.8206645721838846,5.593468065670026
3646,2.1526086355395027,3.860719357281905,5.51038061104004
3647,2.1506364874530695,3.644662418453887,5.479983563583846
3648,2.179499117750421,3.707995418984447,5.59588562565113
3649,2.11918699768863,3.8916243848805756,5.456314353143972
3650,2.1615655742981392,3.85938519756773,5.561343125843915
3651,2.169154171606322,3.9880577799716486,5.570223668484404
3652,2.1643359411204237,3.9382603990921625,5.51879583477972
3653,2.101329009316709,3.7722793038996074,5.365354416725136
3654,2.1506256804316983,3.8341753278800774,5.45945236414655
3655,2.1619415861173557,3.746895880501,5.4332533678837605
3656,2.1447016906645606,3.9758628325686334,5.402016195992229
3657,2.040658087168378,3.8772609484163456,5.445551034370248
3658,2.153676533465538,3.7714601870592226,5.488256757201824
3659,2.256979435383332,3.7668204337161897,5.382782456703774
3660,2.1290823665611107,3.883714783510039,5.3986619979850206
3661,2.111442400532922,3.7897982417521687,5.386155742334225
3662,2.167305948024459,3.880478179347646,5.491782204141326
3663,2.165079891663077,3.4981919739144907,5.371503002829817
3664,2.20995025126958,3.7567896332615507,5.286885783062159
3665,2.0883024990739636,3.6524041287996143,5.2535013995770825
3666,2.1886770836308997,3.8730390373799013,5.402305318228094
3667,2.182570933721272,3.845669524363418,5.30651797359642
3668,2.1469137012795914,3.688118355829449,5.415132735341117
3669,2.1719558686302993,3.83238153221388,5.2495779781093495
3670,2.207523964945654,3.8512938523614086,5.307583712747595
3671,2.200725394978279,3.6747690345571917,5.239054287974393
3672,2.101045973006792,3.9090513341423616,5.375255385571662
3673,2.2003207657505968,3.6534386018115628,5.387566234614222
3674,2.157222773898174,3.6300220269158605,5.358106991703236
3675,2.165273508624481,3.733150829761761,5.239688665271018
3676,2.1664903237402635,3.6064633150022067,5.262638431444728
3677,2.1565468823355562,3.645845799599773,5.336971226823495
3678,2.224900664749333,3.773916487207325,5.179325160723713
3679,2.1624131611736472,3.630749037158383,5.291364927814196
3680,2.111932841017211,3.455373382449219,5.428513304299335
3681,2.149571866993308,3.657849953782155,5.289464428205662
3682,2.1795482344211523,3.547927216612809,5.181673003395493
3683,2.2334661026461404,3.7007187405886848,5.249256027902282
3684,2.203578485519054,3.6806428435597343,5.24468277163719
3685,2.1323416924110306,3.7551939777685908,5.463850073910292
3686,2.3005987660810665,3.6960356158163306,5.423565283606743
3687,2.191074747461062,3.711734097305548,5.346670217953582
3688,2.2431279145669407,3.5334265056199583,5.258832964317276
3689,2.173320519555978,3.678560882792687,5.380612606082015
3690,2.209147315994863,3.7930331821572096,5.192368424954287
3691,2.226050919052814,3.5255488004896884,5.3678541022871915
3692,2.246610173073288,3.772813346475325,5.354848828867647
3693,2.24021637353822,3.536530211658759,5.267586133435522
3694,2.232629677222178,3.505093686998819,5.370111430857593
3695,2.1749614763429133,3.6189361635822563,5.242681286032522
3696,2.163848379344524,3.660131935505881,5.176934046045141
3697,2.2108095720486864,3.679139817940864,5.356259149440774
3698,2.242602523081937,3.4914112025703563,5.2712822960308054
3699,2.186600174112711,3.6308623318912057,5.326522199001098
3700,2.2528078204337727,3.518871412617526,5.424526368519199
3701,2.274015749951616,3.438750214443458,5.221747828544526
3702,2.1574269866997082,3.49518067526251,5.268926803571447
3703,2.163277296515875,3.513571628746229,5.407032425708028
3704,2.2000068042581202,3.6416231487498565,5.336219314040172
3705,2.224330087689441,3.705680614486118,5.22819091435717
3706,2.184666415169821,3.444326810536639,5.209417485812436
3707,2.2804713666183174,3.628223300917194,5.245409313716692
3708,2.2360519363828497,3.476927397670568,5.230609754149143
3709,2.218828936607825,3.6592648147125466,5.3108869805131675
3710,2.1470894634807034,3.5360299645082334,5.3005777831844165
3711,2.1551426011700223,3.4953031421854885,5.319232207186987
3712,2.237052133854165,3.682720296324749,5.232403106379494
3713,2.1184597245743486,3.546562597402543,5.29695957391646
3714,2.277828492257632,3.5763410479731412,5.141310032620485
3715,2.2214150509823405,3.3888009785414677,5.320686106971729
3716,2.393622240869193,3.7084955417373093,5.406618514334288
3717,2.3490267021796534,3.699147993973438,5.202277469108832
3718,2.2267398999292576,3.620993953879654,5.358779570760463
3719,2.232694850035958,3.4712533978998805,5.275244629608897
3720,2.29000772036637,3.748681962181618,5.39251656521504
3721,2.3276215302915704,3.5650203544036807,5.345367060565313
3722,2.1628127237879964,3.5903788925141322,5.3695762808227405
3723,2.1576634113446578,3.871149816495165,5.347074179902505
3724,2.218164891002711,3.5739742362423073,5.453004425163978
3725,2.280704101751595,3.723110246240879,5.3795392310709795
3726,2.2787273423351277,3.7098062846367497,5.300477447022578
3727,2.3097042273001693,3.6974760021927513,5.370127415661851
3728,2.1985780224076827,3.6916718930787993,5.3381899268146356
3729,2.145117901914406,3.706272437239035,5.3863112878573975
3730,2.3062026509034217,3.7011353640723668,5.345502585131825
3731,2.224283319758946,3.674200411732856,5.330847388766757
3732,2.1671739735131634,3.836111901074601,5.406982508540545
3733,2.2777705218138142,3.559446395617039,5.401689907700578
3734,2.312608513137832,3.7987217156648314,5.48866380143839
3735,2.2692923833286196,3.7848051939493357,5.376803065178526
3736,2.25496113802857,3.778534502359512,5.258111996712661
3737,2.272356257187408,3.826641637117802,5.394176887619581
3738,2.2642782227355793,3.712055197398401,5.300000676211914
3739,2.2178998631954694,3.5409083218874833,5.47031663025504
3740,2.2520745927810744,3.727182969887993,5.310214687305824
3741,2.3163902624305255,3.6420119518374654,5.3722331171782205
3742,2.3089387491348154,3.674773894161615,5.4296016299140035
3743,2.3037969620606855,3.6306522218544655,5.589495951904313
3744,2.2481859715286334,3.7141965963905483,5.3876427301205965
3745,2.2914276137993967,3.7094046700987167,5.482059438148788
3746,2.1942185255009443,3.538541583764945,5.535153835771379
3747,2.3145739227472197,3.853644322651798,5.615261261495511
3748,2.3796802676743116,4.0130663502883674,5.56662917319702
3749,2.237126723640051,3.8591547803071773,5.599872188516716
3750,2.2841412230611624,3.785816786641862,5.589539461289123
3751,2.3325052230762937,3.808290217807305,5.431777876806093
3752,2.3813119657436985,3.779395797248539,5.565469752395219
3753,2.298885896264723,3.838298189020477,5.6128440496647025
3754,2.2893189167596337,3.8334592279860806,5.476754299933768
3755,2.2281262644757027,3.7609837750124075,5.515279256485743
3756,2.3343916670780196,4.021364800199834,5.505849149123457
3757,2.433976919991156,3.712402808771402,5.640413785505535
3758,2.3484000838551404,3.941044728703793,5.581611941900896
3759,2.3360826063853546,3.867232347491701,5.570084438676647
3760,2.3559700830983066,4.075619125281732,5.501859493300063
3761,2.3419854624520995,3.927845621561337,5.607681907095297
3762,2.304567786713248,3.86602728093303,5.576382194824003
3763,2.3890649555870604,3.885537299638476,5.650003756131631
3764,2.36187516598244,3.9226164296381265,5.5478740985802295
3765,2.354157221307592,3.812688020300348,5.662342447703342
3766,2.3072007280056996,3.858641079412358,5.621811970284242
3767,2.423839560948239,3.765210205395395,5.565817991112912
3768,2.394596763139743,3.859795120638743,5.568424373160187
3769,2.336415033984206,3.96987930942482,5.589298458788387
3770,2.4168534186277078,3.9989056613838705,5.675804803288746
3771,2.3445860456498613,3.7793543269016743,5.710852645436109
3772,2.3330677973295675,3.971960911269392,5.731610829306844
3773,2.3368868342905693,4.050409509274324,5.743472747610387
3774,2.2890228754769395,3.9861513804786775,5.667017881795108
3775,2.4038576907149145,3.9474214843673447,5.821186867307025
3776,2.291427212712954,3.9779216641068786,5.709931165102476
3777,2.3242654271256225,3.973374578478941,5.790091466210013
3778,2.2846103181737725,3.9720627340072228,5.749689069524238
3779,2.3867869326038686,4.061370805141708,5.801581008296324
3780,2.3862733523942046,4.282973783914086,5.763058715848948
3781,2.380151443441826,3.986011397324926,5.820329321998552
3782,2.347051829712756,4.036699562534998,5.796837001925001
3783,2.343260730070721,4.071428584715155,5.871077052876162
3784,2.427779518677095,4.015895730442222,5.748964941849727
3785,2.379718602886741,4.202431938839933,5.681302765902058
3786,2.425745517769184,3.863437564404509,5.753400365323283
3787,2.3683424601991154,4.055274679612475,5.925094069869384
3788,2.4243308777406996,4.19799943519325,5.835460498827378
3789,2.4831097049198463,4.094475310768216,5.86336401096509
3790,2.4499170353658104,4.0494430143549955,5.779807409687741
3791,2.402645540500609,4.183166546159747,5.877363740156464
3792,2.438777874182059,4.237207281112315,5.798233660332498
3793,2.4165302343078747,4.175033082618073,5.817849893235205
3794,2.431596608235247,4.081154977794229,5.863478319149607
3795,2.417554357016571,4.214112153653123,5.938956745222463
3796,2.428243331288181,4.135405506150716,5.955072528343882
3797,2.4496824798570125,4.2571480579561145,5.964724390173187
3798,2.3920198045182053,4.337871063530703,5.798727017270066
3799,2.3934956008424533,3.935796770235703,5.93250700005905
3800,2.377455762073346,4.214160565768654,5.9244541289213295
3801,2.3694538972520967,4.036066579645483,5.8246653800537285
3802,2.3911787667958837,4.460288494658195,5.955445480320136
3803,2.4625820338216973,4.175647125666855,5.94093968736582
3804,2.4125257707371413,4.303323946415391,6.0085801045737135
3805,2.485392012435907,4.231255949011956,5.980715972499201
3806,2.4639826987326257,4.160451078887914,5.936699608822875
3807,2.3663467777092326,4.154393994820404,6.061003152717562
3808,2.500034676365882,4.410871864210662,5.815405266838577
3809,2.5103283476148475,4.353464363303429,5.993986489868372
3810,2.4225860879798766,4.457654672882324,5.863950475299498
3811,2.495767573370017,4.274123590804202,5.937774224163371
3812,2.4343995080318193,4.302505746136293,6.058327451681012
3813,2.484561693823097,4.251980993627943,5.919850066043921
3814,2.4188940245698554,4.254826501063602,5.913180153021645
3815,2.3948910917546233,4.1840262305661735,6.222770522487161
3816,2.4678194098526838,4.301139264605096,5.92845226425619
3817,2.4831737497211224,4.218177577735688,6.174058195185631
3818,2.4718619014031624,4.345495405648109,6.032899768836777
3819,2.434915498535423,4.322343775199705,6.009184995015138
3820,2.4764783563820516,4.337982905981099,6.100843327146298
3821,2.512279165635814,4.480431163629864,6.166588552847258
3822,2.498895424753775,4.3126792411505654,5.971965600758457
3823,2.512575001529958,4.395483948219573,6.02664840761309
3824,2.472237986480431,4.528147767472122,6.13886068555259
3825,2.5666070603360582,4.45666754827919,6.097616814915274
3826,2.4514732378799287,4.444153435091417,6.166018463125814
3827,2.5369036837119827,4.300818099009773,6.12218159120208
3828,2.5738467153766345,4.356919812728679,6.228556285046688
3829,2.5410064903128946,4.204412968492768,6.100927685602454
3830,2.509025939406011,4.388232078245452,6.106942672872631
3831,2.4949102124442333,4.3677001663261725,6.117306144040339
3832,2.57528392084534,4.3443182361013974,6.082352044019083
3833,2.454466537401632,4.446235511850601,6.16359157715896
3834,2.479225802056661,4.224084340161998,6.116510834599193
3835,2.50995156028823,4.509502198559702,6.162213171318137
3836,2.5937899899216355,4.437153673338343,6.176137192834247
3837,2.5529536771587296,4.34068127325889,6.1360781886060565
3838,2.487600862340831,4.333444407746142,6.142968958180902
3839,2.522505205245953,4.396755542931398,6.022839466970246
3840,2.509301184635481,4.500960168270852,6.06027532946746
3841,2.5065036823919,4.359019297144965,6.172214915800937
3842,2.592892168747558,4.363047318867957,6.218877580358373
3843,2.477293593720621,4.350043448746392,5.9497971829431355
3844,2.6282310868854455,4.525822578554329,6.059448258361211
3845,2.591092793211749,4.309921221864124,6.106413466065284
3846,2.6060913658254874,4.342848620007405,6.033628851474286
3847,2.5302457297649195,4.490933039913519,6.037416474381455
3848,2.5477172846658838,4.35788074334079,6.140258964168721
3849,2.485355282276705,4.455275746278453,6.227622794950474
3850,2.5325549893769943,4.24863207360007,5.937214194784594
3851,2.5852225226931735,4.317221148775642,6.0845694518771
3852,2.6270707896629446,4.483984392928184,6.133517702141678
3853,2.5086135918530865,4.265498115907634,6.156920633831436
3854,2.5473756283647733,4.3153941157108555,6.1178827785619205
3855,2.5597409120655183,4.353385711998501,6.230915107189958
3856,2.4991465775342965,4.225796626065495,6.089767462473715
3857,2.6001086448088806,4.280128236717637,6.189668671811194
3858,2.535921557997285,4.3293730103473616,6.030057071394262
3859,2.563905964445261,4.319181251974467,6.083265999999665
3860,2.552606707671834,4.438756458322791,5.978275478746598
3861,2.537240005916937,4.460880471390144,6.14383247857941
3862,2.5778312739296823,4.216946032931616,6.058404805406127
3863,2.568853252322206,4.309308444888498,6.092750135116199
3864,2.5624644428210575,4.361041910403417,6.0349475890581346
3865,2.5460310433974205,4.440496912245037,6.102633588654982
3866,2.5998001143092324,4.355767142939484,6.083027116830517
3867,2.6678472587833464,4.307877599924535,5.966985573939034
3868,2.5934758221466496,4.340122271230257,5.966755194853924
3869,2.6375747819319297,4.33534175868859,6.0344290911133704
3870,2.519517328866911,4.169506963410843,6.08418716637467
3871,2.5981479947682726,4.275690083974134,6.175041848972615
3872,2.5365947515433063,4.396278118144771,6.044658430116303
3873,2.5187917188860274,4.223399936992149,6.0952524117749185
3874,2.556815554641084,4.250677504885464,5.879676194421015
3875,2.654496425209844,4.206903975126062,6.163620659461954
3876,2.6434905717291297,3.9930199934665556,6.044746554203293
3877,2.6091991440277975,4.219544887002078,5.985860365528765
3878,2.521443633777616,4.240576719856627,5.970021842994706
3879,2.589264832583898,4.151893771741156,5.88782426985767
3880,2.6151343447706696,4.080261188194846,5.903736225139991
3881,2.6097667399835194,4.100084524788924,6.115151449909191
3882,2.5097107707085002,4.256825127299307,5.875914582051441
3883,2.5582648512449264,4.369763400584178,5.866935216935894
3884,2.6004267597854227,4.302704695731859,5.883826579898128
3885,2.6312645496260285,4.021825660026857,5.83640580027301
3886,2.4954322653351397,4.233372991292779,5.925591929082492
3887,2.5978902532729853,4.073097823153885,6.003441187462319
3888,2.6138756800269554,4.0725477141382,5.8593064628587435
3889,2.6498994777803087,4.075796595165659,5.789956784010493
3890,2.64272609833911,4.183682831451915,5.9147107557932594
3891,2.6378446895322236,4.199948629654559,5.8783042021381275
3892,2.5693204292932945,4.085035495503079,5.9542565666375875
3893,2.51448697141549,4.077418028004396,5.828821581018159
3894,2.5907722258717514,4.122512250053021,5.835387619073594
3895,2.6610122746342233,4.123323513042237,5.835133058497781
3896,2.6810771391770456,4.174465407482674,5.8449917370796705
3897,2.647373385912768,3.918608243710706,5.797126221358733
3898,2.633722160519793,4.039137885283546,5.77470647980232
3899,2.6316138462158607,3.920312853347446,5.6614850761460165
3900,2.5851701152085935,4.011895000087427,5.754615394121301
3901,2.6067845627104407,3.9841428440181748,5.847292519947077
3902,2.6970198096423452,3.991757231350771,5.848223246861981
3903,2.566684318458992,3.906033842209141,5.732547660561462
3904,2.6947640747238792,3.8267627858035964,5.864136359264595
3905,2.59810357985857,3.755442892809456,5.747733176887776
3906,2.680623289616058,3.9410783585913345,5.632768664272542
3907,2.544124386002015,3.900324476139038,5.597291005063134
3908,2.6438404694778352,3.8649811857067338,5.81654987171098
3909,2.577753464426758,4.053906016425818,5.678782300693195
3910,2.5438418338831608,3.824713151297924,5.60096037956022
3911,2.6255115532576987,4.041279517460211,5.506739729817203
3912,2.6650044619505877,4.050856746594354,5.645157940440274
3913,2.572196117403511,3.6821995214296526,5.698469636828299
3914,2.5393709386417127,3.875289675963582,5.5994933813971315
3915,2.609574214783538,3.8147924640358206,5.560216786022996
3916,2.6096055137884226,3.552244798441646,5.589646559996263
3917,2.641170145019255,3.687580538776976,5.722128597043977
3918,2.660976780522386,3.8981180494227203,5.500271623583571
3919,2.610235138234012,4.011088370027879,5.5493752194658095
3920,2.7056558209712187,3.8879484387545475,5.68654124365403
3921,2.6237330219746045,3.818528180143066,5.618156178902811
3922,2.594806422975965,3.772492097959503,5.581869846939214
3923,2.5311216437337865,3.93133210134814,5.504561547621457
3924,2.5981050682886297,3.966314258047399,5.547759294440241
3925,2.593922471621816,3.6812186421309163,5.491162298892785
3926,2.6582265514908285,3.5283088653853403,5.454299488073566
3927,2.6327706835428066,3.5068894235458083,5.425503571848789
3928,2.550078917941616,3.837296954276302,5.563493645627265
3929,2.617026632654943,3.6888077224937046,5.484795371708138
3930,2.6413226689314993,3.700250523429386,5.503658860459159
3931,2.6834455265645962,3.491286017966291,5.479513543554646
3932,2.650682653465028,3.5834730298806807,5.49155114166991
3933,2.643578933038193,3.617704646231785,5.424818081565848
3934,2.607735697962746,3.656521350530263,5.39560491610949
3935,2.6233074565177787,3.584391036938116,5.357884957335345
3936,2.6654932302984715,3.5090622484753458,5.298991623347197
3937,2.5354709297767717,3.522918637379174,5.311384111561022
3938,2.5836953508895766,3.71082790210779,5.360990727253619
3939,2.561562121936555,3.603137952661618,5.251102046232144
3940,2.6181372067410713,3.628586663202891,5.257930967319311
3941,2.6596454285748354,3.4662465431176313,5.441105115616178
3942,2.567206183718228,3.249569821950131,5.36494367213564
3943,2.476426102399018,3.4815191232471,5.300196901393553
3944,2.574182589339369,3.4361128280185365,5.50746726874488
3945,2.6392855442121403,3.546678169671667,5.183345536740389
3946,2.6192775545404716,3.8294268603980908,5.3827891054325665
3947,2.612555593336883,3.5595228527432607,5.2854318215019385
3948,2.5758629096365624,3.752831943773698,5.346839689668374
3949,2.524593459836646,3.5254241571325955,5.2825206278374575
3950,2.612958322121825,3.394955041888974,5.113878346380911
3951,2.5440943751840286,3.4822205710789595,5.261237229243006
3952,2.6935944784577552,3.6150705061703814,5.27047968602235
3953,2.61146256439626,3.60963650295479,5.058407133726427
3954,2.552418810173858,3.358919508207531,5.379519965658848
3955,2.549362519845786,3.431647471544353,5.239225709508245
3956,2.573731744250591,3.253384535786878,5.258527385822055
3957,2.564817729557669,3.468869839858735,5.102074911937773
3958,2.631015170873126,3.531943155974582,5.241228516412071
3959,2.5828418224132244,3.370908573211049,5.263917555993062
3960,2.535253927606773,3.2906306286605425,5.187940206633297
3961,2.664639115003923,3.383945183819423,5.157925221152863
3962,2.5708312292117834,3.3803668293947684,5.078333876266579
3963,2.6050237974953925,3.3375530143440266,5.123799220593542
3964,2.534353865371721,3.338259748644055,5.091540160784002
3965,2.5810718353070348,3.2940912364243355,5.169803801034117
3966,2.5765900162432698,3.402290505872498,5.047733510469036
3967,2.46463823120785,3.367680726450402,5.152715753939888
3968,2.6579384668896884,3.1872541281275697,5.03238845496647
3969,2.6197289097477534,3.1761580927820083,5.070628948765067
3970,2.5333269826386684,3.243581369824811,5.133159506145636
3971,2.4960315394684116,3.334655769789965,5.0199826054948495
3972,2.566449734670059,3.267885210658585,5.12089381695914
3973,2.5513016522638656,3.1810285231367113,5.105811668191258
3974,2.562613953466163,3.2639186559706967,5.0327764567136715
3975,2.552241882843927,3.197270504392132,5.140437069595681
3976,2.565776483766249,3.3111488163285747,5.0469229176643315
3977,2.6106002040125684,3.249320742169285,5.122254163646551
3978,2.564379779893112,3.1775701167039303,5.171089415153604
3979,2.481200916670155,3.22550328458489,5.002018754215567
3980,2.5994904362916382,3.3272821789509024,5.066802343149246
3981,2.611041315735817,3.1324148141966637,4.958258102111185
3982,2.6842315749732326,3.223420371859879,4.920872378077364
3983,2.46804221206506,3.1700637436810877,4.982273005136773
3984,2.533919385750071,3.213943280234205,4.8834940323251805
3985,2.4151990913419543,3.100105287786006,4.91226744528808
3986,2.544460772977469,3.171095564533894,5.029548057735072
3987,2.486863316391283,3.2655295177591035,4.936283839710088
3988,2.6078865479153457,3.0559180746025154,5.029545613982589
3989,2.4703955335264682,3.0117376718342324,4.992173994350996
3990,2.422050440184891,3.010781197579251,5.112019078989477
3991,2.480301193490438,3.018299495819964,5.00176987454321
3992,2.402416453919109,3.190528679754713,5.045048082302078
3993,2.5360441487204715,2.9862336995400143,4.984341869748194
3994,2.3925054297108104,3.093047196487753,4.973576782476923
3995,2.494425143462003,3.180877422946245,5.038512850269954
3996,2.386326838842338,3.157121734406791,4.995702482764011
3997,2.471390397641243,3.0735036372152646,4.956064624248108
3998,2.5667349586643575,3.1279527048627345,4.9529698478187445
3999,2.499732328602094,3.11657339041291,4.977031488099872
4000,2.4356324750490397,3.0806315774834934,4.87791722005295
4001,2.4743277609514687,3.0793677878769623,4.8723758738798955
4002,2.4738433414005945,3.321588762779099,5.0415642081789525
4003,2.4936025859736572,3.1767713641998307,5.074936224058358
4004,2.3986309587658736,3.3418993572936486,4.8499236688696215
4005,2.4935795177937834,3.042331843616446,4.869365745170462
4006,2.325683552826795,3.081925370656778,5.01313814162021
4007,2.42633582706966,2.9558033117766027,4.963468916327088
4008,2.430318462270428,3.0068529730349636,4.974152473098165
4009,2.483276016858997,3.2769944825300774,4.991216985537786
4010,2.4495944054026966,3.0337927651819565,4.899880478369464
4011,2.3750138104710348,3.2773165455652546,4.945386009550024
4012,2.392847570092998,2.960643208874543,4.9392119498555225
4013,2.448812905038171,2.9794218725420993,4.850603733644076
4014,2.4316838851973905,3.05063276075127,4.9449345868822965
4015,2.4034163211265684,3.0785651286655704,5.019385547954032
4016,2.405043297487536,3.1776295054626678,4.8944758313959005
4017,2.460583295050802,3.130974098488991,4.934445453812495
4018,2.3965578868550708,3.045036566274009,4.940004805289281
4019,2.414683552217205,3.074301352897507,4.902116912371638
4020,2.5242087902070165,3.0568842635121922,4.980656940220498
4021,2.3411301939421407,2.998674481287863,4.873906032891465
4022,2.316303346183285,3.0028833581980683,5.036919864782476
4023,2.4446351905950308,3.196197079870438,4.98259084994339
4024,2.3680631243307086,2.9125091470631554,4.8599270089448945
4025,2.38260259650319,3.2591649622562957,5.073269867302691
4026,2.355955757090722,3.0654181448029543,4.953622827121248
4027,2.378502863957784,3.0249386484327214,4.885267993407419
4028,2.4678795498661987,3.178819217985401,5.034579079486398
4029,2.4244996071646807,3.25619886385388,4.98907949842358
4030,2.4239259569866203,3.2224527292953264,4.811218423081922
4031,2.3064063754357456,3.1640634880885643,4.914568314915924
4032,2.316044632374769,3.2259280330089304,4.98276947101447
4033,2.228014917770298,2.9491279447788825,4.791669511138999
4034,2.325848580141615,3.072301230034429,4.97540417672852
4035,2.4104840901125146,3.0372423005422537,4.985569084932588
4036,2.3848104074254968,3.2548644527633313,4.88274980048032
4037,2.344184714517809,3.098258045148058,5.003743152226958
4038,2.3504261104285806,3.22551344238929,4.987512750983944
4039,2.3133613528697405,3.1990847062062713,4.896595483486607
4040,2.3542921471944744,3.0639513787546355,5.070604058977173
4041,2.3785810687861924,3.0963236338138582,5.069362044107197
4042,2.2557104584938643,3.2893903534931725,4.98460104603494
4043,2.347689830927098,3.087598560739221,4.997488891164888
4044,2.3755171602971887,3.1829182442122868,5.077218312486081
4045,2.304314011573049,3.097605674763048,5.008949609089606
4046,2.356263624028728,3.150033756290557,4.876556318940531
4047,2.458107161776189,3.182519935982051,5.076148197828186
4048,2.3082897468549044,3.1146916957919335,4.978431886876887
4049,2.329291610334411,3.102907952124298,5.018736631740707
4050,2.268830024346471,3.233683336540517,5.173114219727463
4051,2.3108896331065814,3.1268115907233995,5.0524527679675275
4052,2.3209227561765555,3.1365717465449516,5.070119154127586
4053,2.303721624482393,3.130204019267292,5.117682715674578
4054,2.239053637003201,3.2229067929124153,5.124381455912611
4055,2.296404281709445,3.3317691820825943,5.017577482966673
4056,2.35523300776057,3.3948631401021396,5.093557823799593
4057,2.3005815783538655,3.178536198040101,5.108648780302116
4058,2.322265625771661,3.4731798815029293,5.134996668185829
4059,2.258322377294719,3.1647987287879578,5.143949827274824
4060,2.3036652680349827,3.380840608989935,5.335481054959345
4061,2.2761218376074632,3.207625255664637,5.042183262276345
4062,2.2105923478185363,3.200100757559759,5.222514699876882
4063,2.270034962733601,3.220201092267033,5.246718200983546
4064,2.2004870386761843,3.2969973679691464,5.199493427276512
4065,2.2143830911358067,3.3678829255660956,5.116146191158602
4066,2.251441370367518,3.384590526017023,5.309520021790808
4067,2.252777980165491,3.230993950609409,5.009233822964983
4068,2.1743882612184313,3.2342822140978,5.138243949928643
4069,2.2824769433983465,3.2495031428541648,5.29501587368263
4070,2.2542997381841188,3.3380098125096107,5.180107753045789
4071,2.186379118381736,3.336163472934239,5.345924766765913
4072,2.1406471107904412,3.270246954415247,5.105805835333668
4073,2.2061869754201724,3.4003581499034237,5.1463724861241165
4074,2.187036265130931,3.6078318606292883,5.201443926185598
4075,2.2108874627820017,3.339320641585331,5.286041272828911
4076,2.1829676891544074,3.354694295543719,5.243598151347957
4077,2.0966402056767666,3.462297065329299,5.230870396663296
4078,2.1734820240459514,3.35876289645307,5.392504811543204
4079,2.1735018853754493,3.48987881251081,5.408743676655838
4080,2.2163468622463856,3.359486178752708,5.263332925316865
4081,2.145632650236217,3.622926758558063,5.16853337321396
4082,2.2603533965880067,3.4825789171010326,5.141559856363956
4083,2.0767132237548407,3.3944940261316883,5.342153815936073
4084,2.2337281276563035,3.406026333618866,5.384343381914725
4085,2.1528275727449273,3.421914992610597,5.345763362156256
4086,2.202896154608365,3.618965680958673,5.343903780053039
4087,2.1597803503790884,3.3632036439975157,5.294058192724975
4088,2.2086417480795797,3.4316608970280345,5.419653447587092
4089,2.128170252600791,3.45064962619554,5.510327655057138
4090,2.088482748159099,3.513587817409932,5.2075206856130665
4091,2.210315796027162,3.496362915161605,5.3874452178946965
4092,2.129495109877465,3.382640742995094,5.324764229609625
4093,2.1421277291834593,3.500039315124828,5.291870018245781
4094,2.188670521836813,3.5382890450669913,5.329388900865592
4095,2.0712210963257642,3.493617403448513,5.458801015411244
4096,2.1484825014813613,3.6332444400031467,5.469421009762816
4097,2.085105836839499,3.6646001729347333,5.562396636667637
4098,2.1038885986357316,3.572861957020169,5.454774579336174
4099,2.1100117336731445,3.6117410841944335,5.321857766548366
4100,2.02729199179222,3.3805087914816156,5.451846542112179
4101,2.059271465572715,3.5623689360392183,5.368311744620996
4102,2.1616824811204074,3.7127597749991166,5.390933934909565
4103,2.134359552799167,3.5776621513706557,5.542107677218246
4104,2.082845161168814,3.553933926054815,5.51930885185585
4105,2.0940668006602845,3.8630056488524938,5.558813432455656
4106,2.0631386819185455,3.8246398458316513,5.491161270458905
4107,2.1416271979134076,3.6969000586032896,5.590870646714817
4108,2.05973501272187,3.7713555349703345,5.502335099101978
4109,2.0773070997749987,3.4421007357744076,5.632428904189595
4110,2.118986944850353,3.5930733027320767,5.578256704809813
4111,2.01879574246239,3.631867700627981,5.541618024020813
4112,2.1315914385274333,3.6621979372332403,5.582534819225452
4113,1.9731257011467385,3.6436280093515685,5.571422126799543
4114,2.127137145663259,3.444336881307357,5.707713745969739
4115,2.0230373471122762,3.744546379292168,5.606721784370473
4116,2.0255624395779903,3.7667977635105974,5.593903336890976
4117,1.9392336253629288,3.8789914541361923,5.5817794492702735
4118,2.0070420032088956,3.6462174762443316,5.675017425975715
4119,1.9738502068330734,3.6441533795119727,5.6707741909856715
4120,1.9915285395255264,3.4691639156710785,5.598683605271087
4121,2.0111274999397284,3.7136666890290595,5.534457765804038
4122,2.0619770262705837,3.838860914354165,5.560935142320537
4123,2.020574553076544,3.6931617382799176,5.624405521335814
4124,2.0216980364043327,3.9741313438767754,5.7529582053690795
4125,1.9476712652477282,3.739432445997631,5.630792084951116
4126,1.9545561071529043,3.7849501936556087,5.608892505000937
4127,2.084690517506113,3.638950957390625,5.521032291817464
4128,1.9541688785757414,3.8088422207282417,5.788289215344611
4129,2.0699285448680556,3.5868931645450908,5.717890252851734
4130,1.9711691406197709,3.8587434125099787,5.741054414609133
4131,1.979655858770432,3.8662059634619452,5.759155332849897
4132,2.0292944998274343,3.9339204772215637,5.673727202201482
4133,2.035621485137155,3.7000589807825492,5.69819453193055
4134,1.9627530230736006,3.822010645550743,5.814871160505732
4135,1.9451647712336704,3.866066534552494,5.714337064045089
4136,1.958080979500266,3.857473219063993,5.7509899355789385
4137,1.9740920794039645,3.730102972057028,5.777476956946554
4138,1.9980940277091357,3.580648227605653,5.762938066012222
4139,1.950092730624819,3.8575797105490484,5.704744432953567
4140,1.9771960137896838,3.8104928697936344,5.715603558770941
4141,2.024558524894303,3.771755043953952,5.783661909716743
4142,1.9581135460153347,3.907314302459357,5.786485709168302
4143,1.951057230846985,3.8287422333118286,5.820635652191686
4144,1.855974870966989,3.7034442953754763,5.773851559317044
4145,1.7968493352730808,3.644161885957461,5.77989270681159
4146,1.944289966526003,3.726166385979989,5.698678328864836
4147,1.916635514965555,4.079930480813295,5.689908719022293
4148,1.8921636463113038,3.914283142216977,5.800684490200391
4149,1.9266261474618536,3.8620513967063412,5.693941071353244
4150,1.9079974062901994,3.8260161378315125,5.7396690074436005
4151,1.9639959517133927,3.820241338160059,5.852902491432506
4152,1.9085235105608598,3.962304006330217,5.841287174239057
4153,1.8635048009341937,3.7969331023973085,5.768650068765711
4154,1.947014531697147,3.9038966757226055,5.721484896838907
4155,1.8833274614129687,3.8113767624056547,5.735777816035905
4156,1.9172114677832641,4.040052462165489,5.815335324552146
4157,1.8637378197581485,3.9198846431757914,5.743078707365125
4158,1.851864113083502,3.969631731629992,5.701213458720808
4159,1.8853346275390868,3.7858561866546676,5.842816287493272
4160,1.8785623365541402,3.9491324171256528,5.759561102713538
4161,1.8987311451715156,3.8108829842100076,5.698131689641566
4162,1.8581508641269708,3.85176624039575,5.7817065445456475
4163,1.7766332566933767,4.002689577880279,5.8199679981594485
4164,1.8437056454549055,3.733129370700608,5.6603358883360855
4165,1.9019536179683847,3.8557537989781587,5.7233927127793836
4166,1.8443377659835454,3.877051936219485,5.717973883817682
4167,1.8438570521904103,3.8828746990548044,5.771971519951687
4168,1.9024907312147743,3.7832194392089997,5.784229982918563
4169,1.8145952110822667,4.034149093615253,5.687233342060657
4170,1.7701022101372808,3.693055927555317,5.6094147363025755
4171,1.836286092352848,3.9652662744549536,5.808664493102516
4172,1.8172112507343559,3.9375157311319473,5.633613548926606
4173,1.7902371963675763,4.002533007395366,5.741796007695649
4174,1.826937656477726,3.649860685298225,5.706239208984838
4175,1.857466667520321,3.7178446862503365,5.726294776027062
4176,1.8296397353580593,3.9497726961547075,5.841705679403664
4177,1.8426941984598064,3.6085321650476114,5.948784323886103
4178,1.9152849422366218,3.6310561126388934,5.570969866973903
4179,1.8047686830450667,3.7381465518562567,5.77608982295404
4180,1.8331570054457889,3.8012626925535034,5.680420634734207
4181,1.791134951602789,3.936183785161977,5.77210392460839
4182,1.7716629950117186,3.753146032119503,5.760025098278301
4183,1.7821504888411523,3.7053749117436325,5.791206982554511
4184,1.7849025737838347,3.791680429846556,5.696024343575643
4185,1.8242888716450882,3.8016617234245573,5.596678813441573
4186,1.921273604375643,3.7928064215095905,5.736494398389334
4187,1.765552732735589,3.724685675669512,5.665981245413315
4188,1.778089284428737,3.5406008744153707,5.6319163143107405
4189,1.7933607963046878,3.6377983182701548,5.60643343529582
4190,1.8139342321796277,3.8648646788736527,5.718772987303889
4191,1.8049803090845247,3.734651387973634,5.760099767822278
4192,1.8536973602743338,3.6766305939171873,5.529597458274779
4193,1.6658942768200586,3.8134715447425753,5.6682108693034925
4194,1.6656203855431106,3.5812507343422624,5.581728565602489
4195,1.7579578362562425,3.664173432318227,5.487040739548444
4196,1.8354336621836127,3.6927704563350687,5.608982510050134
4197,1.7001353732377136,3.626986203004537,5.523101502347407
4198,1.625917662672759,3.6731750487100747,5.455964222481613
4199,1.8027723032338834,3.6361522319223396,5.51192524442941
4200,1.7843429582123447,3.5066608552580587,5.484373246603538
4201,1.7156293108406138,3.656269850020538,5.506844256444704
4202,1.7188754113379254,3.4966699004488233,5.4443486391581
4203,1.717711044380668,3.637308532548097,5.5105072399197566
4204,1.7698041635225013,3.7492643286909675,5.476619387457811
4205,1.7310742756589654,3.5747168569973176,5.555154001182289
4206,1.7852394947204948,3.4765069709169687,5.563881259968789
4207,1.6159849820669707,3.571663311979161,5.528373979441935
4208,1.714087631872001,3.4917455712475167,5.479764268282632
4209,1.698875463485325,3.624851078104581,5.4685202559003345
4210,1.7406432201690178,3.5409388828013646,5.413343187132169
4211,1.7248742411856801,3.7169349712190862,5.405947644728405
4212,1.7900195985347138,3.652365074441651,5.517840138605931
4213,1.6555458763519215,3.5107554304712774,5.311230130170238
4214,1.749207235273516,3.5875150119279975,5.435896110065653
4215,1.7733041830196048,3.4664177502282976,5.406716209076829
4216,1.836709297300961,3.4988244724483697,5.470673637756129
4217,1.7183131596426318,3.448876348784199,5.298790238316871
4218,1.7571839927041686,3.551163464080434,5.403744895962911
4219,1.6493626977108309,3.6072254712729475,5.420051105196433
4220,1.6185880680705365,3.533114512027834,5.230014050961658
4221,1.7790899961717561,3.534684302004094,5.28614440404662
4222,1.7352741085129633,3.5239565025237267,5.354367113912274
4223,1.7932141352838644,3.4758665291860362,5.392386975277595
4224,1.6643903472927868,3.2958290851763565,5.355329074557828
4225,1.7578632810607207,3.568804356345485,5.374972116068391
4226,1.8241525143723345,3.5680343096144354,5.233129140219054
4227,1.75057618793068,3.3530316138524454,5.181662403348397
4228,1.7423351723145242,3.3281202839332567,5.304750539915418
4229,1.7278850588514345,3.415149747720501,5.188817466228977
4230,1.647900368324421,3.397660251092517,5.207067467204628
4231,1.7932463597106685,3.311010515731412,5.339958819564252
4232,1.6939842412617738,3.1947883913755075,5.269547492904188
4233,1.7488468846125058,3.3389105151672234,5.197974517957526
4234,1.6446028392701086,3.352001033991191,5.176557716945217
4235,1.6629496809040396,3.3579279770569315,5.271019586804185
4236,1.7928814592148488,3.3087390840409197,5.2272246245146405
4237,1.7030027507935708,3.235141673284487,5.102002942449148
4238,1.792308797561823,3.350080192663932,5.032225518636658
4239,1.7150470599156402,3.2456790474867723,5.327466915769964
4240,1.6262137083695305,3.1810075079180775,5.067987185614858
4241,1.7622984370279724,3.197835483003927,5.1968593986153655
4242,1.6876233742704558,3.029704329506483,5.264356667341036
4243,1.751511850641541,3.1744808612751942,5.1441699920568436
4244,1.7173338698160237,3.249959904355508,5.07319560396495
4245,1.6384498345319056,3.2035171563762246,4.996026359398074
4246,1.7233894094290287,3.3100432572002148,4.9838045684250645
4247,1.8245912583383488,3.1201367028587246,5.11805549644012
4248,1.7390713545344245,3.1836462104679155,5.192935857141439
4249,1.7112245664843677,3.2026969248273356,5.034186179460396
4250,1.7675825271174683,3.3462478908544475,5.0103616959109
4251,1.7241001481060105,3.1150132359165874,5.099649459784003
4252,1.723831250080317,2.9847316097179806,4.978045975863432
4253,1.658597516902008,3.162599902173127,5.043994230876445
4254,1.7247318106638612,3.2530834172917067,5.014540511987416
4255,1.7647085810568601,3.0230102995622747,4.967650583041549
4256,1.6710666369428409,3.1281825054443204,4.988431298884757
4257,1.7840641662049526,3.155814866413696,5.120051372919946
4258,1.7082599600282478,3.1235786656925106,5.016749032537857
4259,1.668498882850356,3.023424142898677,5.045239783563226
4260,1.7628472225536795,2.9300869845398494,4.8738673829161305
4261,1.6987402786722559,2.98094609907133,5.024634659967009
4262,1.751206162835555,3.024151120572782,4.977755570365395
4263,1.6988289122819198,3.0584113497763585,4.796421409642437
4264,1.71064789717077,2.9903662658888757,4.949412162615803
4265,1.7385754440341419,2.9084518765105933,4.855095027935363
4266,1.7287363156009838,2.991543370725312,4.762512539575714
4267,1.6147446288761973,3.01167199848971,4.886674121730209
4268,1.658824435613495,2.9533814352701735,4.9096295511994485
4269,1.7617580958244217,2.8216609645059907,4.868951178594245
4270,1.7091172265020924,2.877104043424588,4.838513560108646
4271,1.6900093481655745,2.9801007939785955,4.8113290321178255
4272,1.6487743769504537,2.7372034336697064,5.0257465410057645
4273,1.6632586386350174,2.6564896245688083,4.724573304297062
4274,1.6167330142616394,3.007036877150198,4.879890922152944
4275,1.7133714149440693,2.8979134274574365,4.802291453912081
4276,1.6891609845041022,2.8981134990896114,4.723826035479094
4277,1.6714356811512368,2.720555777878302,4.779565551190722
4278,1.7170758041140533,2.8929186786202035,4.663388404123603
4279,1.7394319786056682,2.837753547233623,4.718703731646524
4280,1.8266792684301465,2.642996070845565,4.754245511134985
4281,1.6472454562558672,2.9351975440057414,4.625708409318997
4282,1.7816631396185403,2.8001209564388003,4.782248941441686
4283,1.7732377012434812,2.7362734630573757,4.656723833535237
4284,1.6865504647767173,2.729860642960442,4.60992194091788
4285,1.7366231847267786,2.558066356023231,4.632012270557343
4286,1.7045696769714076,2.8110048949930655,4.885061853691054
4287,1.737759245196032,2.7700959305143016,4.545436507011651
4288,1.804988221615933,2.7168999219405072,4.731426353703972
4289,1.760902065763899,2.8567153327571835,4.629421624616188
4290,1.7571753314373342,2.5832032747761233,4.6547217800971605
4291,1.7113855245915,2.65480005250656,4.7243917744377475
4292,1.659886994727952,2.622532561615947,4.713976027136243
4293,1.7248878515072308,2.672880077038513,4.608818147197011
4294,1.79689553433451,2.7009049358959376,4.548503441410981
4295,1.6614928593714982,2.73073181512673,4.700930312070216
4296,1.6864149977598852,2.6467817487551843,4.689554983792157
4297,1.7468329793779585,2.5876701143004817,4.616950984255773
4298,1.6926687130059153,2.838112728276317,4.669667584003943
4299,1.7036886905137398,2.904963867099023,4.593390632299267
4300,1.7235797098156258,2.6725994436861726,4.5578220570094725
4301,1.6779547214435788,2.577248353906781,4.619414793669982
4302,1.6990364369721667,2.795313601061516,4.65591937867318
4303,1.7844516526628782,2.4981218811440042,4.63462332762676
4304,1.6854800870850306,2.604538617790608,4.646291821810081
4305,1.6725536795084461,2.5638128308895562,4.540578226161056
4306,1.7225749337160352,2.5130709905469057,4.724032178429758
4307,1.7923328334080852,2.596814675631054,4.566340916210427
4308,1.7475776122782296,2.534386031044523,4.5806614154152205
4309,1.7359128486368252,2.6182493776346836,4.48132002991096
4310,1.763107381424067,2.6160777801576827,4.568137365172367
4311,1.6753807287537383,2.5477992726417216,4.6232543210848975
4312,1.7892069395289134,2.569650471393871,4.638902656068671
4313,1.7854776372731354,2.580583905011515,4.700281203633972
4314,1.7477031351984769,2.6818186085347433,4.614567079803122
4315,1.820355671064957,2.583354962712869,4.592922387054692
4316,1.7156035066431705,2.678231091495983,4.5330858799247995
4317,1.8303203702460715,2.6521046793555256,4.514069862627134
4318,1.78362371624944,2.6486386182634876,4.643048286889723
4319,1.7610727769795447,2.728432192299165,4.640133223403681
4320,1.778935114280532,2.476070528277081,4.476705743040914
4321,1.7766207156140577,2.5392533160951154,4.6197335834123905
4322,1.8450797743480367,2.761663441914959,4.613135685768097
4323,1.73233961333238,2.5585636269010323,4.471419137587396
4324,1.7501815566001835,2.301944178281573,4.6033788059410075
4325,1.8422823621542124,2.562520234008835,4.475996208707936
4326,1.762875658771932,2.5958704089350677,4.365633018504863
4327,1.8398894726143802,2.3204229345748146,4.547383196079714
4328,1.8820699900281281,2.7154834604119396,4.581229358557829
4329,1.7792685017051713,2.5108715376085113,4.552008548175851
4330,1.8357108502122856,2.6154485194208106,4.791389324705668
4331,1.7462667454236136,2.5605392338661286,4.593331201025047
4332,1.8440205184298326,2.4550423255264975,4.5759916701336545
4333,1.8186111365041024,2.4777606955771994,4.599978813305869
4334,1.8346712434353813,2.492430215956452,4.531890122104342
4335,1.7811431427098345,2.6958245392807925,4.643329959044197
4336,1.73279273143975,2.574013069019807,4.599818472095419
4337,1.84345711201628,2.538279322571885,4.59830818196703
4338,1.7175941178011491,2.4988920967445463,4.525509084459929
4339,1.8073883847043293,2.714041856512946,4.452823265387263
4340,1.8728282086898793,2.743106071060151,4.540575056681608
4341,1.8378984830777259,2.7176031626242936,4.6061966241115595
4342,1.9282761848179657,2.6509974380355685,4.551092031454841
4343,1.884690640241774,2.6335420521782305,4.613268649927978
4344,1.8033367632047983,2.4859492604902473,4.574782663567905
4345,1.8400139157342001,2.5861219408024843,4.631435926529426
4346,1.8389160319187436,2.5456535569527685,4.522636504360243
4347,1.7648314954023452,2.4349970286071194,4.620179440456396
4348,1.799595288518435,2.7269321386478915,4.557608607880386
4349,1.8212709100710307,2.5554931425729754,4.490127787556038
4350,1.7502101557700205,2.748685272428119,4.604450180413747
4351,1.8571262664317552,2.7214450243215893,4.745204361579603
4352,1.8450462798229688,2.693283530914579,4.510411334909273
4353,1.7766210014229915,2.7034011594174596,4.641606989415535
4354,1.8832593862298752,2.5852396126816863,4.700977165950195
4355,1.901642323583927,2.837368991108036,4.826443573647669
4356,1.8800169236888866,2.6608616555016456,4.60842875952489
4357,1.8552945457790908,2.691856952716007,4.60287516440722
4358,1.9039187280136145,2.602017672236502,4.565818501346596
4359,1.9112218834666959,2.5792144059786692,4.7562579531297775
4360,1.89546053448942,2.725607462317488,4.601627572240276
4361,1.8417541444079577,2.7053145846511293,4.647515520515223
4362,1.8997237697608436,2.6104489022759125,4.535526251533612
4363,1.948590973950109,2.5514949327231875,4.760569637729295
4364,1.8619225940168287,2.5744283022425782,4.789052702009004
4365,1.9996016738467732,2.8272434565989903,4.770720661405201
4366,1.871387031902725,2.6526375211939244,4.581422594436348
4367,1.9022656687246322,2.6865250366935562,4.765330831666341
4368,1.8700103000752275,2.872019855484346,4.5899721988305195
4369,1.9177995591482833,2.6214543936857835,4.735569816856708
4370,1.8225381978649382,2.667763956029752,4.754583930714447
4371,1.8853719361237642,2.6704877555698685,4.770350524446027
4372,1.861103837575805,2.9161758971378897,4.795768543060854
4373,1.9255234628307394,2.960812178716237,4.759916854658968
4374,1.9715359855733845,2.8438316180804812,4.6112237916648375
4375,1.9571810671252305,2.8543084016141194,4.818779609902658
4376,1.809374645319989,2.725318671613146,4.791619966045782
4377,2.033147310193286,2.9855572787525793,4.719529132466738
4378,1.9489030403129806,2.825146701143412,4.674196710588046
4379,1.8984179455313677,2.891319474343362,4.931038794200909
4380,1.948211442369592,2.803162360331795,4.9145046115578594
4381,1.952284606148711,2.7946893134678374,4.880712021928051
4382,1.913260311803033,2.9956420768709693,4.778433858012582
4383,1.9596334161225666,2.8912192803294485,4.639544411035839
4384,1.9225056436177295,2.9903534991426333,4.910504572784699
4385,1.935809310648916,2.878773962637094,4.887147515942424
4386,1.9248677190032044,2.7764819860456615,4.836374226390768
4387,1.8907081255306,2.8111102715552305,4.964914783664624
4388,1.9727989113213273,2.8879115549339995,4.951397690547424
4389,1.997942475230398,2.823176107560935,4.906313768223736
4390,1.9975967502620684,2.7833277951049262,4.903735752254528
4391,2.0160281847223374,3.022496215282113,4.91374621522567
4392,1.9944322014183133,2.856176898391332,4.972830523871891
4393,1.9547657341780593,2.9328174272324277,4.858628616158429
4394,2.0265752015461644,2.9569666384644724,4.970117643504429
4395,1.9199089429597207,2.8769099920914063,4.871220886208753
4396,1.945946505815978,3.0891901858497084,5.0606346529590125
4397,1.9459674003746399,2.8407899133008634,5.005131518004486
4398,2.0513792402908995,2.9870653841821873,4.916358882607281
4399,2.0477162309371097,2.9939143156907897,4.98672163954694
4400,2.0281433994022575,2.9722736910804155,4.920824812393159
4401,2.0605765572984853,2.85639741692877,5.118303419557747
4402,1.9662180751830216,3.0815488852293345,5.136640065943541
4403,2.0308139738527227,3.0771815825136644,5.071328410085233
4404,2.0103269827391035,2.9436179964871734,5.148964517615805
4405,2.062130407822636,3.090244874760845,5.045354115664394
4406,2.0172244310853427,3.065281229802713,5.1030428951180475
4407,2.0069362094853425,2.9079925986162416,5.148660346333704
4408,2.0564244917171286,2.9588893733130406,5.058908491414618
4409,2.0763808664294428,3.166300029265471,5.073703050504758
4410,2.002345750875466,3.0915603759680765,5.151311285568184
4411,2.03589671993423,3.012288689602082,5.136895964287967
4412,1.9892124853454456,2.9909210958857106,5.033246113101176
4413,1.920411630899324,3.0332246203501594,4.927189079031413
4414,2.05851361020165,3.048253138673415,5.096487418081993
4415,2.0821072566487393,3.015979841529066,4.951108724739691
4416,2.067931734465664,2.9342089584208764,5.047846839913619
4417,1.9605113903131324,3.2301263313384045,5.065382046122294
4418,2.043602396403354,3.2208546754418097,5.097957066162599
4419,1.9533768141259362,3.0040550345268975,5.217129916954952
4420,2.1359221677781433,3.1525202712493634,5.242474933522846
4421,2.016270503702042,3.0560895305620677,5.208041179846693
4422,2.136472378545055,3.127492875243244,5.225735869936557
4423,2.1241171257208387,3.126417649523151,5.2353268011628655
4424,2.034907687603211,3.125260521329554,4.990697543603668
4425,2.026403272333319,3.37538971240851,5.198767961418594
4426,2.1036577358532127,3.1380114620324235,5.061641618520728
4427,2.0470107570688114,3.1080612203955233,5.253390189527368
4428,2.097429592798821,3.1193642009413036,5.052402263534004
4429,2.071232690756366,3.3066226153213356,5.212495551138819
4430,2.0093748078943214,3.043541808182699,5.277716480576417
4431,1.9899575765040378,3.138878174519368,5.151319830297615
4432,2.115852672026669,3.366089282861687,5.324401418548734
4433,2.07946693150995,3.251947111706409,5.294592552217069
4434,2.082905209114555,3.252754052340466,5.290999256075317
4435,2.1483559408627078,3.452658676413462,5.322712728828506
4436,2.1752257265202313,3.2698268311165464,5.244341743086078
4437,2.1059047034025498,3.179984312864514,5.291299295243873
4438,2.1054674432625173,3.2280661199866616,5.285877951453032
4439,2.1504567323310146,3.148058666675708,5.289855124866618
4440,2.0605414190182283,3.3923780775790675,5.242736173160019
4441,2.142470534950911,3.3292747125242013,5.202587400164142
4442,2.1618175878455337,3.389143160576518,5.280381649064843
4443,2.171130584856195,3.4027297876636555,5.281161276518891
4444,2.0431622598365435,3.244583878590346,5.258609334824605
4445,2.1047976459792954,3.195944676659252,5.390584264404943
4446,2.101802115419948,3.2895026932871576,5.233354617846657
4447,2.153543510057608,3.211488635738743,5.317958295820584
4448,2.175403954421605,3.3191855883804675,5.429368506335893
4449,2.229003152425152,3.4196569565777857,5.413006188130852
4450,2.1322032744834134,3.2932207383013097,5.441623927999724
4451,2.1348395178063746,3.328449638161467,5.300930540123612
4452,2.219950685268271,3.30730697956175,5.414634591242303
4453,2.180026891550465,3.4000297596899145,5.2703765135450364
4454,2.231293272231306,3.255866407405742,5.336689016083534
4455,2.185041115439701,3.1057080531871404,5.347383643060463
4456,2.1154239461639968,3.3749662627787456,5.318840731293938
4457,2.1092791428238513,3.429006530810671,5.338763683918824
4458,2.100996133553335,3.3770196619111434,5.330855020378358
4459,2.2142906073968933,3.270332269951281,5.294163814609947
4460,2.2432138948370177,3.222639695864456,5.443511129020669
4461,2.2788276532738805,3.387187394978929,5.362455927285242
4462,2.231069447965266,3.3532921444932295,5.3950306012845735
4463,2.249589578146525,3.327780262510955,5.393690246400787
4464,2.164958825547959,3.5236286782584534,5.386446172253591
4465,2.1386290635505394,3.2475316467359905,5.390778876981495
4466,2.241421948941068,3.520350192282195,5.360013112566967
4467,2.2222477621732084,3.3464643425883014,5.498814844439569
4468,2.2091590005959802,3.1599721785048236,5.446903092837025
4469,2.225555431288364,3.325655309724495,5.38801756634952
4470,2.224722930046621,3.4393739481370442,5.351088557028387
4471,2.275107728377544,3.3065694393866716,5.377454989534557
4472,2.2779955346916827,3.1950490273785754,5.420279459955011
4473,2.24276249588466,3.325328283041714,5.506574943624235
4474,2.2601224119742676,3.2551159283042272,5.276246504977338
4475,2.245791470212379,3.3888683486643383,5.4381831749611695
4476,2.1992609337288376,3.4156807649234278,5.4746501028303864
4477,2.262353457089694,3.2311676476554427,5.264485782266406
4478,2.1569807224484654,3.2644681968234104,5.367642246482188
4479,2.281554482355955,3.408766829974015,5.295484002759536
4480,2.1712620922099024,3.245072342388332,5.413399139152391
4481,2.2473803754715873,3.2203955673349167,5.348400449186415
4482,2.192907857081944,3.208197600527942,5.364569874071442
4483,2.2648834570464116,3.3585270077378815,5.33981011043122
4484,2.2375390482302,3.3512969084846267,5.427822782582914
4485,2.161491404396138,3.24883661772817,5.38584957189964
4486,2.264230412875497,3.314412554700246,5.383121013353452
4487,2.216237705570164,3.4630834527715497,5.374419960362553
4488,2.291101228182678,3.2092345763746,5.404097005359736
4489,2.248991912305263,3.1075417391380578,5.333872537364884
4490,2.2705497570169033,3.3441049256519335,5.487230779654599
4491,2.2047244430121373,3.2832455872178423,5.248530694939092
4492,2.2249313271801645,3.2187795825715457,5.205194329685198
4493,2.2332316846225484,3.3502957161567766,5.194336104075456
4494,2.300734815419148,3.364126259297844,5.168236695287571
4495,2.343474788621719,3.0543037600293332,5.383842290060106
4496,2.2210235308048856,3.204612741874105,5.3692962344641515
4497,2.316770427585774,3.496179743883279,5.416821668677069
4498,2.1560595486879794,3.317140355179737,5.230497377852048
4499,2.2064186284807734,3.3205997363951036,5.3693120032307435
4500,2.219742919947735,3.364287759663427,5.30868711391508
4501,2.201579006351953,3.2425353801823196,5.311755417594816
4502,2.191516264917258,3.314150114033477,5.342588672509427
4503,2.29280531388991,3.299766035926475,5.225971577172045
4504,2.262879905473631,3.2751690165739067,5.487216226302419
4505,2.293949521574724,3.1821976449481264,5.380377837780467
4506,2.3108666908199345,3.2245697554528383,5.224713101182298
4507,2.290955361895457,3.1413259480060374,5.1732459169617035
4508,2.3118615883007867,3.1940772367568475,5.246563473355822
4509,2.2767630078320047,3.0684181860391013,5.261105093592734
4510,2.2221232378855853,3.0985164834892944,5.32454238910754
4511,2.3355638143857838,3.14150185948626,5.138406819324715
4512,2.254384433306455,3.0673617735368093,5.247199843564321
4513,2.2381937231419187,3.103077474758716,5.094343714165764
4514,2.2771775362602567,3.128883742622026,5.243727804913324
4515,2.2414990035372977,3.177052647594527,5.192226075491445
4516,2.2673002143414953,3.2231578903895897,5.347623684044303
4517,2.3063725183290624,3.073117941996321,5.060730461310842
4518,2.307550746672843,3.2441323858617293,5.2856420232255035
4519,2.246171589688577,3.195472812754063,5.031133769506788
4520,2.2675727041188645,3.1428780685873563,5.052577577726156
4521,2.346534803279183,3.0985607956761125,5.015771175211533
4522,2.318463497239348,3.105708450157583,5.161024574646813
4523,2.3981871006634057,3.1829783698351486,5.038034492765354
4524,2.354195498240351,3.176987684254573,5.014877483570489
4525,2.353123735338532,3.1783636466468455,5.12966181050978
4526,2.227200269748475,3.0391269687346965,5.140164887845542
4527,2.3354358282519443,3.0805056797590216,5.097682621876901
4528,2.295200960602264,3.149271011624304,5.071881686183231
4529,2.2708849592822427,2.9423482720918512,5.2214326461784655
4530,2.3073767097209887,2.9625812602310333,5.076946989759365
4531,2.3467424464142024,2.985632715977612,5.119798653304331
4532,2.324993302863038,3.0635015790427484,5.056746903871432
4533,2.2564617100073754,3.054481682199631,4.947362935495965
4534,2.3379057457586865,2.9292145149808997,5.068977654938569
4535,2.269264449962139,2.7906937620211885,4.962233779684433
4536,2.312302544362214,2.9553478639982673,4.997050578525531
4537,2.286588891777988,2.82799728866854,5.018318259809997
4538,2.2910644493808845,2.75986310559612,4.828057566423497
4539,2.340534555970774,2.7714295332171743,4.844027947950637
4540,2.250390566949814,2.9193506687659845,5.034897873209805
4541,2.3998009785696097,3.0116518997478665,4.898334162212384
4542,2.2115909489174057,2.868216753567862,4.891364399958386
4543,2.272828884478327,2.8741918965313835,4.943168902856452
4544,2.3212528049621355,2.960021114169397,4.888134955368998
4545,2.331950726726699,2.675919067435016,4.94148591458908
4546,2.2976668507083358,2.8709741941066773,4.893038237419435
4547,2.2997394783190175,2.8063525457313396,4.902028331606229
4548,2.323017604613981,2.852639158756133,4.818970455939261
4549,2.290780378989579,2.7361777783482055,4.879556612193919
4550,2.3717992931497665,2.69120002683293,4.941400882822414
4551,2.343876651224564,2.775491036195353,4.7964774313348
4552,2.3452819329454093,2.9147884525070005,4.904009069909613
4553,2.2530269242470773,2.8243762777473185,4.815531870398788
4554,2.29702188363757,2.675922703595662,4.867279084520478
4555,2.285587029340191,2.580996253718348,4.80768087707044
4556,2.249911739214617,2.535286968307828,4.783563680212629
4557,2.3177439433289746,2.823506643653032,4.803075073034092
4558,2.2723598066695474,2.5847982325400163,4.861051409194922
4559,2.331481073938017,2.636175639996596,4.771729050547582
4560,2.2446325165967385,2.7892833625621933,4.780016144998536
4561,2.3834877628216455,2.484226107540406,4.70116603143074
4562,2.2520751663485825,2.7833194199113387,4.845249601169149
4563,2.307175421201501,2.597232321373102,4.7597661927795825
4564,2.335084224978878,2.4962720734689317,4.7037470817948055
4565,2.266202658997885,2.5749639371934574,4.676743878985118
4566,2.3365640193191775,2.5160464957877786,4.753853121184061
4567,2.231649822933269,2.6210377339539463,4.616230856471183
4568,2.364845839721937,2.500838426963851,4.511250240479493
4569,2.2920409372230086,2.363233583207881,4.648875486539455
4570,2.26056902484809,2.5211417638816433,4.727541240314548
4571,2.274449268520768,2.3964016439790576,4.748960854102485
4572,2.3288357654685625,2.541408004974138,4.602449643957739
4573,2.258111211332003,2.3912483781236413,4.603962710181602
4574,2.2487730443220397,2.4502148189370816,4.631549962426995
4575,2.274033884362534,2.506402598703918,4.558424436201955
4576,2.2250952840266924,2.4561024047218916,4.610546467382325
4577,2.37376621160915,2.491676182476706,4.552143871233997
4578,2.25317792921835,2.524030811635809,4.629711555639248
4579,2.3218002253148144,2.3296653422177096,4.596554296095809
4580,2.2893777744509562,2.4285668287284485,4.5935390950894
4581,2.228325685150285,2.091698867847207,4.502395264585282
4582,2.2758660825935153,2.4391235395977002,4.6630929664982
4583,2.3139387839212304,2.3741515187475346,4.538031601461091
4584,2.263863888882024,2.2958358611138916,4.509507218883493
4585,2.3314344883477123,2.415809249414158,4.4193618687391485
4586,2.3213201655039084,2.491675435972837,4.463097075499588
4587,2.3146194611359485,2.3170874684530847,4.470753909783475
4588,2.2440840720700694,2.2606097995020744,4.38944849338373
4589,2.211431955998636,2.3621174195292514,4.4200580930524245
4590,2.2330659505849826,2.202702661262817,4.421285040764927
4591,2.271842828098697,2.2610015159216967,4.430256162991966
4592,2.287569881323377,2.4401871339621684,4.2761303585937895
4593,2.149916174607808,2.3152060423684464,4.397823618988019
4594,2.2562678424455886,2.112219504772182,4.37009279223469
4595,2.262721407421178,2.1117848870789118,4.390384748408288
4596,2.239047993975592,2.2991530733373824,4.466795200795697
4597,2.3155621110246294,2.3607893912826894,4.540227687346332
4598,2.2701257249206095,2.104542112376444,4.422517291353487
4599,2.3125498503578834,2.3031801968083476,4.261855162293389
4600,2.2342111395942696,2.383301315941069,4.325491551902638
4601,2.2898174766350854,2.4312667811389144,4.393472232763824
4602,2.322597036215163,2.267975437848199,4.377287830147962
4603,2.3042943373525175,2.2780664742126593,4.410600845022229
4604,2.181934526862733,2.00676394496645,4.316980022471731
4605,2.221655900340793,2.422919217032125,4.289006799826143
4606,2.2148458889146214,2.148424132253948,4.451767073876844
4607,2.254297762880547,2.1058249941317153,4.309922901100934
4608,2.2618502908943325,2.1670222983686314,4.217723247445191
4609,2.1832523980487006,2.337254912109432,4.411069691824951
4610,2.226220397542601,2.4006126334351774,4.167548960797839
4611,2.1194307500984566,2.186247025484388,4.001988254023431
4612,2.2900904032449674,2.2675921752076316,4.337677555733129
4613,2.189908058521288,2.1663629636829604,4.34369863649638
4614,2.215821359779796,2.0527046692608613,4.298862394775397
4615,2.195015040532893,2.298784681555024,4.156628113471117
4616,2.265236439500728,2.083709614029833,4.251384202217515
4617,2.0634656473932727,2.294474871800828,4.229296880007901
4618,2.201884941619552,2.265964104829305,4.20421256526672
4619,2.1947678002797852,2.192891805313684,4.355996590525563
4620,2.1746892011285492,2.3099550999626555,4.155324339646686
4621,2.2809638490481006,2.34605404361284,4.260564939399921
4622,2.1475369881172592,2.101250345731108,4.327212726434832
4623,2.227713869521536,2.0340449155661053,4.258811078004699
4624,2.2041271853893467,1.9248422928210935,4.324387317774941
4625,2.2465511080546885,2.332278576980483,4.267193243517487
4626,2.147246636401804,2.060580094733314,4.253639126407379
4627,2.1410591712473868,2.2149874596201817,4.246030563416579
4628,2.229583455130915,2.0244918353302173,4.2633499762703195
4629,2.193089427364229,2.2497761607736804,4.181220754603782
4630,2.091591199071272,2.0234691156283224,4.105902395231469
4631,2.138859068994782,1.9720396405787604,4.284563598286131
4632,2.1821015041026754,2.0682912586984177,4.299567000119968
4633,2.2016006849945318,2.03409453612819,4.225373268239695
4634,2.1226533499007396,2.14523225369293,4.160132225576059
4635,2.0077770560323516,2.0789929437734043,4.078372210027429
4636,2.1764988131124468,2.1456327776542885,4.209041391907253
4637,2.086142506801522,2.052690300921316,4.093647849223836
4638,2.0430858446530826,2.0144112175260775,4.082031525845495
4639,1.999104356733968,2.021894710810993,4.199277957645059
4640,2.1781614616898857,2.284272389438869,4.139819806683583
4641,2.1406092289859653,2.1020218288735752,4.2287295001440635
4642,2.1195859248006257,1.8810526922279158,4.188742407825414
4643,2.196985079088361,2.0275295312066874,4.153533952968573
4644,2.156040224702864,2.089555208450298,4.066446827315821
4645,2.2016044201785734,2.2649226320066176,4.1355801852437235
4646,2.047743657745781,2.183961634582408,4.139686558075046
4647,2.112219789772219,1.9898231952811771,4.108313222191029
4648,2.0296547111388903,2.32492688579368,4.181567766817044
4649,2.095540786991449,2.0812636425378135,4.117856662581132
4650,2.091075397311898,2.2104919104725202,4.198473795296015
4651,2.131310221360342,1.9720269800785588,4.2329321554834705
4652,2.0987084488919403,1.8495687633368458,4.149920047939372
4653,2.1240289980541416,1.9505861266072224,4.25254768028326
4654,2.1244370125342,1.7686256329128265,4.112293207975438
4655,2.1933960926865326,2.30728158842135,4.135098463824356
4656,2.0662480792440143,2.1201219876071318,4.218068454765652
4657,2.0313039447105123,2.0089810203948275,4.285322995305008
4658,2.086980659298506,2.1496634876252387,4.3031644765177965
4659,2.0308634257105864,2.1264672642950853,4.366353681878244
4660,2.1413562846155205,2.1729351969032304,4.211000461642145
4661,2.049358356930001,2.2352762516019204,4.2348658631368865
4662,2.031481971779917,2.0889834753800427,4.166561548361105
4663,2.0324173811376847,2.0338132633928434,4.153153030300803
4664,2.088107590253114,2.20856327431763,4.276185805500926
4665,2.040484427794762,2.2101723097544452,4.200440740581728
4666,2.0124553329087873,2.144328310836838,4.365873637454658
4667,2.1239553408542253,2.3564858997242712,4.155225336592518
4668,1.9940108350069572,2.0995816419549875,4.316214967849986
4669,2.0347120625890573,2.0581665597498087,4.202093217807972
4670,2.06164668869393,2.1949025763075154,4.222314699072232
4671,1.943545780589041,2.0906906821369113,4.33662771876271
4672,2.0451905930986354,2.2129744358175505,4.2451237770858565
4673,1.9644714389719062,2.085504819462262,4.263771491073185
4674,2.05439978687302,2.134306031412943,4.24604330490772
4675,1.9611468419143094,2.3690778196358897,4.459939018103907
4676,2.0399218592234734,2.1452345578386387,4.273994388627006
4677,2.0565646989444706,2.1118406932410134,4.333907167894507
4678,2.040320486777041,2.314856305969403,4.320149624790552
4679,2.005776440146815,2.098873771923156,4.360662760461194
4680,1.9775941971913054,2.1409970284751765,4.30054096716118
4681,1.9562739499240986,2.2743815275155113,4.340545750986994
4682,2.054569755333445,2.317118087744875,4.395135963219918
4683,1.941954120709239,2.351990319773521,4.3017021096251735
4684,1.920974570402239,2.1619971319822566,4.4651221665917005
4685,2.0019838085026493,2.3032043657306933,4.480156225669699
4686,1.924784869706298,2.20398101683416,4.4412826754527055
4687,1.9129541099203649,2.1971153317018985,4.405899577169252
4688,1.8841322409912593,2.3851884759470146,4.1687047961471375
4689,1.9280120945344232,2.2171917907931618,4.449633378134335
4690,1.9438573006679034,2.307337900744405,4.392211008723997
4691,1.9559738074801722,2.3025321889657104,4.4117294319863865
4692,1.9872017784059375,2.1874385728466734,4.287638109752984
4693,1.9617900563195088,2.3987423762060622,4.4869915981117945
4694,1.921702065921892,2.3658558844711055,4.339769882785625
4695,1.91712860756604,2.1189653448339825,4.47335408398605
4696,1.9483315528425873,2.353171288028113,4.544544632600024
4697,1.9822304257482557,2.2560309905540614,4.442982079465319
4698,1.920689193466243,2.4509956083251536,4.586229358559309
4699,1.8866822126367264,2.2047646005957686,4.437659639731556
4700,1.8562548121425804,2.3217263104032186,4.553980081976082
4701,1.8293916705619675,2.4016949341194493,4.410138190332493
4702,1.9307140841225092,2.3790901416922066,4.605632261338176
4703,1.922043419644362,2.4581568273866803,4.601883089464484
4704,1.917752170514645,2.238261026906429,4.577971859344455
4705,1.8781865128043378,2.5635702805826988,4.517773258823999
4706,1.9506980860777983,2.4591983816430227,4.445838151604233
4707,1.8518740437307106,2.550986291516679,4.535534673570462
4708,1.919569189674993,2.5107905550870893,4.664419683652187
4709,1.8655918661675621,2.4305751274657403,4.594818802922488
4710,1.8328326639719472,2.311699463660524,4.469019187533501
4711,1.8885962018164146,2.3921566644348586,4.512133771406133
4712,1.8751696546464267,2.6158665686758806,4.7112194903149485
4713,1.868253712269284,2.6038538222391443,4.658857349958023
4714,1.8501856698644483,2.41174741081085,4.529958827733453
4715,1.8399436036999386,2.200267902199948,4.496260382554769
4716,1.9569735868662244,2.4692098404042517,4.596361157352473
4717,1.8924851552758364,2.470074576991954,4.5070790263085305
4718,1.8651319959192818,2.4822152392385313,4.6515257412420095
4719,1.830300315621046,2.568371659009793,4.8689049114307
4720,1.8707896886780302,2.6114378689262705,4.553774410652456
4721,1.8420551887557532,2.6311151122379766,4.675374533042957
4722,1.8131918450737095,2.5848903451549248,4.803902128596459
4723,1.7924324706088557,2.368438428063614,4.767528241205599
4724,1.7992972069205797,2.522549467305916,4.704313040534172
4725,1.6405578667818415,2.7951863350075414,4.713069463039166
4726,1.8053493532504732,2.6102570369312605,4.6408197237141895
4727,1.7661401277377398,2.617621554740865,4.72034142201032
4728,1.8659468993469366,2.624734812400667,4.76963290413392
4729,1.7830353020142575,2.6382093687611023,4.846909061401002
4730,1.7183802416054794,2.366180150100792,4.717163032613918
4731,1.771100717326728,2.588289903969722,4.759798382558609
4732,1.7170613643677346,2.6161312854230725,4.707183490142007
4733,1.7888172464068468,2.7556718957903947,4.809205513085437
4734,1.7754808459699287,2.639811306318385,4.861860658595158
4735,1.8046195876947375,2.4778307643728636,4.8574251726788775
4736,1.71298555168507,2.6928413149789745,4.721246004754982
4737,1.7500403677731726,2.576709460938914,4.834326696805416
4738,1.6759078605509832,2.542578374436654,4.776014793427638
4739,1.775061720806322,2.5879080271467028,4.918607933070588
4740,1.7617679937191628,2.7325398618685917,4.832241563937399
4741,1.7564619370824053,2.811026157683515,4.730903252362508
4742,1.7276100631645197,2.7401953266271004,4.842089544232152
4743,1.7441357309180958,2.761745315661348,4.903449370264128
4744,1.7994929398387698,2.7523732484076193,4.893274920460957
4745,1.7009114659490663,2.7216089830851256,4.839675441449778
4746,1.7180003007545572,2.7874554867107446,4.840540552024777
4747,1.6526756287737652,2.4820464935050754,4.814980831211854
4748,1.6594952071299307,2.7410668469789004,4.868892327935878
4749,1.7037380094462529,2.631368781174562,4.838378395886152
4750,1.7499962574415677,2.857921114622475,4.990666307690817
4751,1.6779512863701413,2.7325482517897175,4.847058505338588
4752,1.674949125945723,2.7558519752200654,4.9348827805251165
4753,1.6623945562839693,2.6076009849292516,4.935252484620738
4754,1.6520094549400606,2.864997108787035,5.012224558573686
4755,1.6895192963744532,2.8311047987657543,5.029235735569329
4756,1.5959466014447892,2.8289741980485723,5.003128433848458
4757,1.730910906113557,2.6967314010148544,4.980896525123518
4758,1.6296632964090758,2.7052682898703586,4.873826296962362
4759,1.6951164655857374,2.809432640303816,4.877105944983022
4760,1.5916249913805904,2.7219026906044244,4.899697266048033
4761,1.6846876600626706,2.838958729085609,5.032080255645252
4762,1.6809810693697638,2.5833298514642418,4.982201791715251
4763,1.6627499303555742,2.7544508921601416,5.0500693556310745
4764,1.5899925382766351,2.9864953339175413,5.06487277754907
4765,1.648384007088853,2.8542115274764672,4.930472506938665
4766,1.572965261299664,2.830211569044216,4.994841005938549
4767,1.6157105626716046,3.015148467046457,4.994786319184634
4768,1.6760695577928855,2.58594653807959,4.972976027646939
4769,1.6607040374661457,2.740747544179163,4.959605513010283
4770,1.6179183243956465,2.7847170287548497,5.1001862147739025
4771,1.5647296172421907,2.9130424318544104,5.012393618119683
4772,1.642080965906985,2.9169615907215722,5.011933251769245
4773,1.6071234728274353,2.7447980971581374,4.94911941120977
4774,1.4865129869375542,2.9330097406636475,5.069631302882472
4775,1.6380564661621029,2.7945097326749417,4.937289752197213
4776,1.5941317179861874,2.957442142777117,5.055984908234062
4777,1.6519068063780242,2.734259736304625,5.059873783492673
4778,1.533484422282574,2.8262463889219642,4.989804916311265
4779,1.4258996000568005,2.79042101542809,5.049535627746115
4780,1.5951992804573054,2.9457066536384495,5.040100038348294
4781,1.5923573363685593,2.7882961294027586,5.023025401074564
4782,1.4898037158807933,2.8366039695708447,5.027941483740782
4783,1.5219948536780308,2.8916077206825443,5.032383412486007
4784,1.705287947761041,2.895332703613639,5.0381712176962195
4785,1.5488787599014895,2.9291843143136758,5.032736987502426
4786,1.597364772025617,2.8610851405044957,4.9395492418887725
4787,1.5249669666977053,2.7974323581148037,5.015423230705196
4788,1.4496938474771894,2.8033725856758194,5.0483383483074435
4789,1.5424313086649868,2.839795251972423,5.034268261591947
4790,1.5344257080173649,2.860872983752505,5.101928042610963
4791,1.5245005152218463,2.8196823282245966,5.074177848740826
4792,1.5355779396693454,2.8346055988397367,4.953681065367502
4793,1.5513662969361646,2.6790456869820636,5.008526618680637
4794,1.5275175671299948,2.8953925960124773,4.995292992434091
4795,1.468721546200312,2.8444546748106667,5.017995566991548
4796,1.5531577190817745,2.9240175348966675,5.016049124412606
4797,1.4283349753491679,2.821134626339005,5.06295459485177
4798,1.4202695035146085,2.6443683789891077,5.025765834464007
4799,1.5567592121894926,2.7792550824988935,5.107371873274817
4800,1.5421932752952503,2.791800880405331,5.025359838015876
4801,1.511044093332687,2.8825816635562203,4.936586948528736
4802,1.4412428215476782,2.5975654888558006,4.962410393693682
4803,1.4727511269943987,2.8048171946628098,5.044659511483601
4804,1.492171059751289,2.847978970984073,4.863592273958573
4805,1.4227059685530241,2.7261816691737195,4.8812314530924965
4806,1.4627722985657174,2.795320141201926,4.985741688218831
4807,1.5295943524013884,2.7204895952535524,5.056752729935945
4808,1.5656284891504744,2.7053821078214852,5.080845092842772
4809,1.4706083889923423,2.7324551216266952,4.954328646878085
4810,1.5267532060301983,2.696998540282653,5.051791177345367
4811,1.390606435129721,2.8310145827041895,4.967748470006354
4812,1.5166948692483104,2.6835584808442356,4.834311898519744
4813,1.440970199565636,2.660981089456091,4.9508545386711855
4814,1.4940128820399057,2.9221025556694307,4.896482753301467
4815,1.4637688490125,2.8352422110862636,5.0137695374849365
4816,1.5397211437597322,2.546698133381188,4.932395448618749
4817,1.4275559523959631,2.6498785260632416,4.82617944938112
4818,1.5002688697395796,2.743934121460795,4.802224925130125
4819,1.4525577372786072,2.7452244108350823,4.914141936090206
4820,1.4562963313815986,2.556791403443247,4.715651863728731
4821,1.4527315451174838,2.814521894499304,4.861097836316554
4822,1.4173875557506195,2.7738475416940807,4.914150382978203
4823,1.456747764271394,2.7320124129191465,4.804060929390685
4824,1.452136523741501,2.8118320051671963,4.960935271505553
4825,1.4651820771291915,2.7135672433322284,4.9693330537694775
4826,1.4552315428995055,2.705220089859617,4.785197354285705
4827,1.4888275050647182,2.808000907267932,4.835018017578561
4828,1.4930601479726857,2.754075748123432,4.930614956442093
4829,1.3923461113524889,2.5513763575250925,4.842965357818696
4830,1.4863442530031425,2.690275168633281,4.723397364518168
4831,1.3816531134533594,2.551815434092452,4.815233677960304
4832,1.468463154868875,2.6598051132551572,4.750069678090748
4833,1.4681940031263425,2.648062215111802,4.898428124695321
4834,1.3398143559005344,2.4529320635107625,4.849581933730899
4835,1.4382388843655227,2.5698418967962273,4.767211616591794
4836,1.4084115710854221,2.599172617113466,4.794761612900686
4837,1.3921814463067201,2.519514257854767,4.669693550796384
4838,1.495982676866031,2.58498970011243,4.704873652045888
4839,1.3941136103963663,2.62436618893448,4.880153031964058
4840,1.3848735176665432,2.5308603434234573,4.750772250624335
4841,1.4274093273625847,2.5464116719751204,4.811387160116174
4842,1.456373829718613,2.652218389521912,4.74592274302467
4843,1.4135193434954105,2.551015470439158,4.8227812167018556
4844,1.477465517652208,2.513497076576123,4.5479076450007385
4845,1.444278893317625,2.387228022528349,4.682835696628107
4846,1.3074406777136278,2.539665863264759,4.81946007953747
4847,1.3885371502308888,2.4950150964090763,4.754265404886164
4848,1.3856158731962722,2.579724007039401,4.773608415801046
4849,1.4364118306906342,2.4453046229488047,4.656761315411668
4850,1.2799771564083648,2.2481772195003615,4.603978213423548
4851,1.5374812346765672,2.2489029645091017,4.554341894616893
4852,1.435433396445762,2.4815221060323385,4.538256925180588
4853,1.4152159616232223,2.339905188821156,4.680003679281938
4854,1.4657793052282728,2.429507154973489,4.645858692467535
4855,1.5228512654289208,2.3860985854619026,4.588778016493809
4856,1.448212457097803,2.346779227165417,4.624004160608657
4857,1.4511613299117831,2.342561714795706,4.5839368412215515
4858,1.4093397802461205,2.254344184777667,4.638660551394149
4859,1.3948527107062687,2.327945186581519,4.626995038721282
4860,1.3773021187650512,2.2596718645847815,4.45456556553972
4861,1.3589884111441886,2.2694561610161736,4.550744920597756
4862,1.3651847027250998,2.262843802120874,4.384327938004835
4863,1.3312883298308438,2.2610365106744377,4.517433210997272
4864,1.3943426414466336,2.364394512912539,4.544064366780814
4865,1.3132623249744102,2.2476475837996626,4.379529119136679
4866,1.4064404582316177,2.3514285497657625,4.440198440127029
4867,1.3945164986372538,2.39126159776169,4.463152498520912
4868,1.4031576863686754,2.3113784841449054,4.46996864092059
4869,1.3692217533948883,2.2677329155445585,4.417826337208291
4870,1.5487282975990575,2.2353694516221343,4.335188892767122
4871,1.462487572818406,2.277624395651752,4.4135108057360615
4872,1.331890713891451,2.188433017065283,4.274517457850381
4873,1.4054368736240046,2.266372467145634,4.376961310472486
4874,1.363108364697494,2.217758715759671,4.349152531849234
4875,1.342539459358476,2.10881484197601,4.362629062750324
4876,1.3260541823260803,2.2228568085964486,4.3175545338166845
4877,1.4145025180863495,2.1309186041594366,4.230641850794898
4878,1.3586961141348906,2.0996862965341645,4.310934888791092
4879,1.44106939735741,2.0512424340583038,4.403727960101189
4880,1.4423196843905748,2.104064981485268,4.419237103874057
4881,1.4613182530444366,2.175751918206238,4.502566684676767
4882,1.3500346096445852,2.153687933404802,4.4318973940887405
4883,1.4164930641874114,2.0888711895454226,4.190005347094649
4884,1.4244577152900413,2.102287516319914,4.242333858431311
4885,1.3692756612366017,2.1583414826763243,4.262491809879904
4886,1.3545848380836525,2.0050849549245497,4.24683679730294
4887,1.4738775874042123,1.8975142894083412,4.248676099010202
4888,1.4050436661157077,2.1282126758931623,4.425221290113396
4889,1.4257737220630913,1.9342377040952679,4.1356228342063766
4890,1.3532170801391383,1.9073737068368386,4.154753599702657
4891,1.3337412237238069,1.786059567841791,4.3330711320680875
4892,1.3666564769699594,2.0121629583754435,4.142099002755083
4893,1.3893902956068844,1.7823318035228368,4.212763518004917
4894,1.3428815689755806,1.8589842842786073,4.254039897494381
4895,1.396140258819057,1.9824611763618276,4.20027170396317
4896,1.3127858120378708,1.9855546957568189,4.166875249735609
4897,1.3418258275517092,1.838018440897823,4.216906288723736
4898,1.4320293522945469,1.8797044491936756,4.060760011658233
4899,1.429367276145039,1.7958992839117978,4.082992543335591
4900,1.380316142385,1.8184693852236704,4.156160071082002
4901,1.3497921633876435,1.8901955900243579,3.9384760661290694
4902,1.3501186606801514,1.80379232257713,4.208197982038637
4903,1.383671836348373,1.820039546052888,4.110103868657707
4904,1.4354454205293523,1.6886187329592184,4.089160512772039
4905,1.4505537468701208,1.939140768644904,3.93768983623872
4906,1.380274439293997,1.867738020115178,3.956545487908949
4907,1.3484234405235482,1.8870415696223972,4.019064339294609
4908,1.420524622276939,1.9279496515807348,4.107158649999839
4909,1.3670272802844423,1.7076812307533533,3.8681875230463234
4910,1.3834000585020414,1.7458006234481103,4.08928068438453
4911,1.4767220893931348,1.5837391275755777,3.9894486298337
4912,1.4529964394088155,2.0789950139788695,3.9925645594350283
4913,1.420758407571826,1.7418746839713433,4.0230635079812025
4914,1.3505192552522804,1.8527394396446497,4.016812028680872
4915,1.4259768812287643,1.6172394575267868,3.9309184276225473
4916,1.4698679403121588,1.8330413093371638,4.030709559564656
4917,1.3993174283017116,1.9116688429170916,3.788129332631839
4918,1.4870546987087863,1.712551719501358,3.9307748549073147
4919,1.4855718183985702,1.6103267264779357,3.9723951314767625
4920,1.5055922590332438,1.6905375862488965,3.925964138269149
4921,1.439174164164101,1.474912851516053,3.801036179694497
4922,1.454823129703408,1.6871436302589076,4.0016316335190725
4923,1.4977394084807691,1.766545851936735,3.8350923987495573
4924,1.4510110152286082,1.6745657057072951,3.923711778113812
4925,1.4052254712315049,1.6435972243142019,3.9356825189770794
4926,1.4095402824594612,1.7188168905877357,3.9195319655634755
4927,1.4456096110700278,1.7206923928022086,4.006153639319216
4928,1.370902221368353,1.4887117789374966,3.9032413303885205
4929,1.4300495608946349,1.6581812514226937,3.9367525304277127
4930,1.493855653593881,1.88767980185186,3.893323252491122
4931,1.3313147612809062,1.5055491603436522,3.942258700213185
4932,1.5194838651637044,1.6256669305061302,4.00031700898181
4933,1.5007937089091437,1.8237312850222764,3.895645733460596
4934,1.4236347150023427,1.735513098461521,3.9431864685566507
4935,1.4757729198707235,1.5694870200798339,3.993253002948016
4936,1.4507734540231496,1.6373645943524988,3.9817829390053223
4937,1.5141603002045136,1.6126585097267632,3.838960811150635
4938,1.5038714430714004,1.534376284251347,3.9494694817145564
4939,1.3868418058888068,1.5982680409731342,3.88342351595479
4940,1.4883478295207402,1.5744031816213595,3.9500639090064396
4941,1.4508737491932404,1.6105786653900473,3.903537395410265
4942,1.467498022048902,1.521567462083802,3.8776592262358003
4943,1.4291796180049072,1.4660445197684087,3.888081249077726
4944,1.5552572000816884,1.5870778129245304,3.871739212461168
4945,1.522145628314508,1.7604166135512662,3.873022863915738
4946,1.4354759669611121,1.5950236172580816,3.835125307213821
4947,1.40808551679724,1.551742311646008,3.826249456576275
4948,1.45791320571178,1.6586085876093346,3.9861968585981558
4949,1.501331758832634,1.5658663567428501,3.882300550891283
4950,1.4940554352052102,1.767199875402734,3.7973893319854537
4951,1.547168753076424,1.5789034315872978,3.8204155737167196
4952,1.526503241366968,1.6484421239149492,3.9266645224463974
4953,1.5380087439235437,1.502229070829746,3.783023143690556
4954,1.5084237105268374,1.6274945234356684,3.7233090978428356
4955,1.4251939760367915,1.6043895939712962,3.729347172171614
4956,1.4874789931515227,1.571122323285898,3.7040548877354356
4957,1.5529001571361993,1.5266872933538378,3.7390150236667954
4958,1.4999777228451656,1.5133469548377023,3.7491949819331607
4959,1.5303927382576146,1.605868153210563,3.9554233057526775
4960,1.4920110060955791,1.641204893531035,3.8420452169772177
4961,1.4591935803464564,1.5664670678119725,3.8180079785961625
4962,1.5072779641642464,1.6089757854516855,3.733118804640977
4963,1.5316834699969173,1.57771538382027,3.8388567398358404
4964,1.4862572678904935,1.5928083841082168,3.7132266794696855
4965,1.510090960308231,1.564550064692934,3.8247554749720334
4966,1.4777622264446895,1.5882191581299623,4.021752879952054
4967,1.5835801798942297,1.8582404681076445,3.9121692801509824
4968,1.5158010508301487,1.6218001137790115,3.844938545355621
4969,1.606090557223383,1.6575508603994196,3.9204139101316815
4970,1.6128418252899865,1.6393906311937152,3.8258648164107
4971,1.5353261714991826,1.5720546530954465,3.8067392588519597
4972,1.491952124590781,1.7306625410102932,4.010508275758039
4973,1.4410974813873911,1.575251935532857,3.786357768833298
4974,1.4748297240751815,1.713153987188067,3.8531474048681957
4975,1.482800090948082,1.5776816270066276,3.9098707036880676
4976,1.6234962814911555,1.5187304227690444,3.8145717953657097
4977,1.5634653701680237,1.6550621066584852,3.945770882125379
4978,1.5802757376623435,1.5120177668047747,3.8736141833007482
4979,1.4529155167512509,1.6801758221530023,3.9558389115709756
4980,1.5071986396551134,1.5114859211322722,3.954351949692874
4981,1.6146303331184724,1.6034514047215753,3.892939808747366
4982,1.587813071472627,1.4967876729935021,4.054299050738969
4983,1.569330409033727,1.9271413090218499,3.8694406009497593
4984,1.6081670288496086,1.484245602612715,4.035951196218246
4985,1.6649666134299252,1.65569026147061,4.027560689698356
4986,1.57539362798678,1.7742543552418053,4.080908790135925
4987,1.5932001249646233,1.7689225446412724,3.95897986550144
4988,1.6026638580957868,1.7559203936519803,3.8879278959089993
4989,1.7159580012186741,1.6447049311465867,4.123257211080812
4990,1.4947189781198449,1.8173147174796123,3.9365725625506602
4991,1.6371976115270892,1.7794564980236456,3.9046339831269847
4992,1.6006610467140037,1.7153894255010305,3.96103366691974
4993,1.6381191025213369,1.724387066265219,3.9043080189142794
4994,1.5803055325054736,1.6762305967475115,4.031686196090345
4995,1.6141334663208053,1.6220727167579947,3.9480130202291894
4996,1.6555733434259443,1.8432860556209025,3.980457938766355
4997,1.7790825838588387,1.8574395239573511,4.087983890673251
4998,1.6672859278372936,1.6445670058141713,4.06767337673126
4999,1.587940289318667,1.7244666839516247,4.02634910912896
5000,1.6126270620323826,1.9856576783541071,4.046201347459165
5001,1.6146274621755368,1.995401520638331,4.041042291198446
5002,1.5510103922174698,2.003764598180009,4.0131976435917
5003,1.6277933023518867,2.090690143499284,4.055210400460297
5004,1.6844550198242294,1.9199520406123276,4.102493094038034
5005,1.587627820030118,1.9087097329577805,4.061033188282513
5006,1.707299137898739,2.1156779529022804,4.112691510373067
5007,1.682808656479806,1.9444239364192573,4.020240435188532
5008,1.6252621007167367,1.863058191919522,4.047002496477245
5009,1.6584596872678432,1.9395229338978837,4.044780899972783
5010,1.7490228214504764,1.953705738985669,4.066597340677582
5011,1.709362451080165,2.1408832526675488,4.223128633322939
5012,1.6767099468205588,2.076546450911795,4.1866447456439655
5013,1.6679792823464763,2.097493622922674,4.050872658739702
5014,1.6872931716192705,2.063417538297961,4.1805447684559045
5015,1.6614800004809553,2.0747240346598677,4.12286638233694
5016,1.5854419576488001,1.9099718283196874,4.108136044975101
5017,1.7964049805291566,1.9576010783795823,4.0525233783268595
5018,1.7056839871559275,1.8771518944215062,4.257829714868236
5019,1.7214513548051744,1.9537776327650878,4.079694876688107
5020,1.7022790620600365,2.0419208227078656,4.193404661145491
5021,1.67205287216468,1.9856534170069484,4.130640719753482
5022,1.7031501559712359,2.1020288118642685,4.277219185930538
5023,1.6361173150039698,1.855425668135056,4.197227742111083
5024,1.833584656113,2.018278475180394,4.222057274426406
5025,1.661650213769775,1.842112627456303,4.233604132716819
5026,1.6754247854431694,1.975049696290144,4.274723279216231
5027,1.7086588276430343,2.0383554069722494,4.260415005076122
5028,1.7987252632101562,1.941562696410062,4.264767933444443
5029,1.738697215328566,2.016817374327296,4.2356069891372226
5030,1.6798154615272172,1.864424113130217,4.159940353125847
5031,1.8079894510665395,1.7927218527765245,4.205260386472706
5032,1.7854722399144547,2.013488187534672,4.361030819666542
5033,1.7794926239179816,2.1308814935099933,4.287873097734102
5034,1.7920048456412259,1.8555720904488668,4.267978352206446
5035,1.8795816743483602,2.076092985807375,4.217371666688086
5036,1.8727615562857802,1.9569137603974598,4.200955285720103
5037,1.7328116614837858,1.8177009868751866,4.290930064204267
5038,1.8519792788469143,1.8368191956691584,4.426848898791475
5039,1.7935776215467123,1.9502486565535637,4.319811704762492
5040,1.8030043670662335,1.9069252699138797,4.40493951991388
5041,1.6970621795948901,1.8147823860177335,4.333126090685846
5042,1.7767779582524237,1.7753728054799531,4.44089340826959
5043,1.7482725728679278,1.8588087150640267,4.369996378105007
5044,1.8339277800228369,1.9615663267131813,4.307873448416781
5045,1.8496841331959337,1.9402509918367026,4.393127292473249
5046,1.6960048430019423,1.8894737751822395,4.569510780487307
5047,1.8022198552254447,1.9584936562400233,4.574052844761263
5048,1.863000099632228,2.041015836144664,4.477776574043524
5049,1.8011510935570259,1.9751349034441017,4.43579781895852
5050,1.8505084363969355,1.9223013338250536,4.4788964663282105
5051,1.835175539777888,2.025950209941082,4.487663905084284
5052,1.8382536953419562,1.835869646539088,4.466762221894441
5053,1.811149363389753,1.9080752488929966,4.512768664045537
5054,1.7674211187594007,1.9091717934062093,4.501590335042433
5055,1.7756989241749417,1.8042995026977462,4.4669890694640495
5056,1.87075816443793,1.8847225107760017,4.403873230270652
5057,1.8397680028695946,1.7179299136928687,4.469804840680155
5058,1.835363084049724,2.1153604970715243,4.577572482373276
5059,1.8245764667738908,1.8291189791589888,4.517977721838557
5060,1.8339820783211602,2.0801902914467774,4.551280496911174
5061,1.9050455548871237,1.924106703213711,4.511255107413238
5062,1.8393837134004447,1.975504893660394,4.455640198972873
5063,1.7925257579978306,1.8688595813098758,4.527699055926118
5064,1.9001813997330228,1.9372544633700328,4.471241169180039
5065,1.8561611547164205,1.9802332429623009,4.472246533530248
5066,1.8713669376258617,1.9803631563855115,4.661573538504457
5067,1.953553816747335,1.9901097405619368,4.5373467417494275
5068,1.8755098537947175,1.8745244672178678,4.517321136974701
5069,1.894344892631632,1.8620479571322939,4.7116155315784445
5070,1.8242718341662758,1.7493933269405328,4.652766277835415
5071,1.8755509351541588,1.9598607440313087,4.563082718953622
5072,1.9203108367178823,2.014505445287354,4.6320950573936415
5073,1.8153493320113923,2.0665953206182612,4.583944003271651
5074,1.906426746672762,1.9342448412214106,4.552155408571626
5075,1.9046731411670577,1.825810871710571,4.650145229702925
5076,1.904929312839806,1.7314813514478484,4.590661067271469
5077,1.9579361310338264,2.0040906008342887,4.626913251509804
5078,1.925994889646206,1.7190300770080256,4.706681404266606
5079,1.9863525084114688,1.863331975919141,4.701796973808217
5080,1.8659262009289885,1.8736971941924265,4.5886466594239685
5081,1.9255391255978629,1.8879186992184946,4.675115506704727
5082,1.9260835599719441,1.8971816511858897,4.549406104438643
5083,1.8714945697634098,1.906154166598422,4.6788903147708325
5084,1.9758485181913417,1.6495419455729396,4.657778590075924
5085,2.0473229582988655,1.8912835640661962,4.679076630557588
5086,1.933273218960944,1.6656009568855172,4.627637948548198
5087,1.9623871670766702,1.9605217021826966,4.820648882366814
5088,1.9443526443688455,1.8305295986701122,4.584121806668473
5089,1.9074157727070304,1.6690814993459855,4.736064096069628
5090,1.8550026175859982,1.80210859942996,4.577728539865507
5091,1.9136745863872298,1.8252662656742695,4.702345429132454
5092,1.8822646407320527,2.0000893303386373,4.709602476017301
5093,2.0399433017422552,1.8994295477572023,4.669285549536971
5094,1.9518343609795394,1.9129575084677626,4.6264155518526655
5095,1.9431212101291702,1.9953832527999955,4.678291225027122
5096,2.007677557460085,1.86639557026901,4.6891242530139445
5097,1.909910037518619,1.9501785386304757,4.811524639002289
5098,1.9304068345087828,1.9418964306127937,4.598911408580667
5099,1.9748804939009308,1.7436147792262964,4.624396475867903
5100,2.0256162597981193,2.0183123278262185,4.691620811673322
5101,2.0019367660439897,1.7277368650979592,4.648131116684724
5102,1.991916938817315,1.960257612102212,4.660186264468522
5103,1.9860278938814644,1.7155683779670472,4.753192209864427
5104,2.0047279786500907,1.9261549248762952,4.441117439344893
5105,1.9973655616740844,2.050979127626914,4.6178775626200075
5106,1.9383232861671562,1.842246996702181,4.525098729700298
5107,1.994636801296768,1.8366673488593852,4.5673977503568155
5108,1.9411310110270632,1.9221057915540964,4.853807975047833
5109,2.0013235477344105,1.8268818516424736,4.7074667625058675
5110,1.9756620852114064,2.040409899816689,4.7337144203662325
5111,2.1290594252640114,1.876562612628444,4.648923739894498
5112,2.002462004851836,1.8240886205866496,4.713641506412214
5113,1.9365813645485725,1.800840027281142,4.508999442929388
5114,2.0023909138178277,1.7603375661014624,4.730571184891226
5115,2.0373441325077994,1.7896215713277281,4.57890566594827
5116,2.0972900824927847,1.8160952108099475,4.598777736913945
5117,1.9863641069454852,1.8011649457372205,4.67828964557367
5118,1.938899057549182,1.7828784507752715,4.659593513555461
5119,2.0610146625000847,2.0573480479688167,4.637254227865471
5120,1.9532636005952762,1.7432231851243225,4.517451481107537
5121,2.002574601093849,1.8596655399254818,4.630307651574029
5122,2.0135580476702333,1.9030247905255884,4.694800899758467
5123,2.0249817109079267,1.9055547169510707,4.570801795381311
5124,2.0649132854556838,1.835455256566084,4.713853201366993
5125,1.9982321526935345,1.8160185720739157,4.533914500437388
5126,2.0206530946059202,1.8840172613141999,4.599140961278622
5127,2.0355183804707995,1.8642891773919301,4.716147868196188
5128,2.0455705549907246,1.8105164458488108,4.5333330820432085
5129,2.044806963856001,1.6790006052678588,4.666507978639816
5130,2.0635068051592884,1.7871730389610638,4.734327838406224
5131,2.0856551440610174,1.718088158673498,4.584030005140423
5132,2.064817048469091,1.7648057984400185,4.522002218033195
5133,2.0695520993349685,1.833623469710453,4.495989853335569
5134,1.9694142395363183,1.8649549661377307,4.655652922172843
5135,2.0526542431224226,2.005907645671697,4.646728510457554
5136,2.0757003762473873,1.7729035638397683,4.653680712692754
5137,2.0897186779704846,1.9028894082872552,4.528088948488825
5138,2.0201649794787766,1.8548063015339644,4.606559981631992
5139,2.023305540335002,1.9525943312447633,4.512289475891473
5140,2.028991351095898,1.8794025114507869,4.438057687722018
5141,2.0859196680627656,1.7197173817529023,4.59098852051054
5142,2.1121591375900435,1.6470476156829834,4.623965692054732
5143,2.0414215345859597,1.8492658913104458,4.403661677992515
5144,2.1084852774756757,1.7640829323473732,4.394063919997159
5145,2.070516767900435,1.7176857758596693,4.472183087513465
5146,2.0593469287823005,1.6877493053041681,4.537101367820138
5147,2.0561731053413776,1.8293953572665573,4.3613953934284
5148,2.1052164814057126,1.962860115099711,4.461618287254185
5149,2.0852707393992387,1.7700144536313747,4.387448221460462
5150,2.1838512400053607,1.8687018671794513,4.481846357992889
5151,2.028478890617628,1.798242153220057,4.352922142935778
5152,2.097987249278279,1.67832533526531,4.469348947281415
5153,2.0465758993399685,1.8795402376887953,4.385680903056543
5154,2.030486991170662,1.6953862607900854,4.313985238144955
5155,2.074284844011458,1.8058152922652624,4.384558375436514
5156,2.082534023288957,1.7682985533418791,4.214823659717894
5157,2.2223744859530723,1.8905571050246655,4.3154273353008445
5158,2.0680190129059857,1.6942338296020156,4.377338818597655
5159,2.021438829379269,1.8379362869320441,4.198700104270578
5160,2.0922806145245807,1.7136707222083476,4.12474871892401
5161,1.9755411280692508,1.7453419074574996,4.13319843219137
5162,2.075278972400563,1.4317351701068595,4.416338802322677
5163,2.081242283235977,2.0032686120843786,4.293764660926726
5164,2.120695671526875,1.847918807626405,4.2469648264410464
5165,2.1301317273930582,1.71493352199924,4.354754604841693
5166,2.0567173333822857,1.6780086543060704,4.236293622096623
5167,2.0747704614212408,1.7397160961640996,4.279564861852589
5168,2.0443605324060656,1.8597764684826597,4.2495213609757885
5169,2.0265888414726616,1.597688360696939,4.199092505671419
5170,2.0987720104879726,1.771547543757123,4.24955797798286
5171,2.0198431309730225,1.9615800990110839,4.2770872156256985
5172,2.0629959664046846,1.6699319973645084,4.189583824615487
5173,2.034133218211508,1.7901766466237694,4.15663585232692
5174,2.111500321668376,2.001281428120721,4.155141059028898
5175,2.1741714985124156,1.842978704945125,3.987732529847816
5176,2.019063958374445,1.7911698104117435,4.183199437639175
5177,1.9914952818830394,1.828055750720135,4.052784519962115
5178,2.0778641506598445,1.7361210385463772,4.188823237113915
5179,2.084815073915382,1.904986956821421,4.120121663972412
5180,2.0948442029120633,1.7339078711442937,4.124656648113105
5181,2.061435597587429,1.5767405460777062,4.16115016410254
5182,2.073519348632779,1.73234701792259,4.019868292885318
5183,2.1016858049914644,1.673623284017584,4.112389923252839
5184,2.1350500609552348,1.7409975312727084,4.093117074217966
5185,1.9849535550266486,1.742029508345807,4.045783754052677
5186,2.0638957326570946,1.8865020017459926,3.9751756428686917
5187,2.0926290817987185,1.8351115071701263,4.085923410930979
5188,2.035594997467943,1.790732120702658,4.083467986050917
5189,2.1675666687622877,1.7629351524335726,4.0251845308923535
5190,2.0487113063901745,1.656168797960417,3.919398368325566
5191,2.077850017004103,1.5427627634944392,3.9517782504167984
5192,2.1071078579469242,1.771022759428566,3.978128547505306
5193,2.0490938833839443,1.8379981317668557,4.027049052654089
5194,1.985640129391686,1.7465286577759338,3.8343419280281834
5195,2.0558060289995512,1.7027054295624526,3.9050095846295068
5196,2.12794010077343,1.8014706746325748,3.9070379344443196
5197,2.05881201189408,1.7455176143278712,3.9217808737390714
5198,2.0324831636888625,1.9212564093561426,3.8135722895905815
5199,2.1201960567738483,1.8747867591038183,3.889572100477633
5200,2.0564407718644513,1.846297443788228,3.8714929704165844
5201,2.0464980990832977,1.8249535406276585,3.8027455609930234
5202,2.0784651740635582,1.6189976562957151,3.8658048556950835
5203,2.1084757746446887,1.8131488133756302,3.8215099299594635
5204,2.1879295622253885,1.783317860742096,3.8940871061892346
5205,2.109071105574442,1.80516433548377,3.7733300168380577
5206,2.124526576385348,1.7926201843362524,3.841141864594924
5207,2.040021483607753,1.7874736422764033,3.759169470299963
5208,2.0127716197071406,2.0111229525931824,3.765835798587213
5209,2.0658869222709177,1.7322574345835997,3.8276686986404913
5210,2.066794365082742,1.8323502088805448,3.8128292033057707
5211,2.0061360219596325,1.6904587317529358,3.7509570879714285
5212,2.04988309186709,1.8154638853977292,3.753137188566787
5213,2.077160325863732,1.8291745019950736,3.6488801897105723
5214,2.0737213134777526,1.770528677867152,3.867979360560466
5215,2.079383911319765,1.8998550922780053,3.8014583879904222
5216,2.0671464174756062,1.6433478924823681,3.7893987920117795
5217,2.0256373121064666,1.6818992697076691,3.6006220680245398
5218,2.023643297968599,1.7507060093980007,3.671650935150501
5219,1.9877024860563637,1.8163960917177078,3.6837188496916085
5220,2.135161803224407,1.7451065322126216,3.5473199841818395
5221,2.044829963613761,1.8545884250763138,3.7644562706609923
5222,2.031110719585964,1.658693242787459,3.8011623299950617
5223,1.9940713661377427,1.609654855999533,3.8415365300708517
5224,2.1854132758565386,1.7533767797609001,3.584782895508597
5225,1.9830453480809085,1.713697925238746,3.6698558490330693
5226,2.0133128303727315,1.7745550967025885,3.758459034070432
5227,2.0535528068702695,1.716382031960673,3.6246576104770645
5228,2.060739770452412,1.683974582419901,3.5920541023055828
5229,2.07655646182251,1.7093378682899647,3.480752854868646
5230,2.116933766016452,1.718572341958052,3.7134227797528414
5231,2.049717618305306,1.684045912038082,3.6142108493541723
5232,1.9694276762143839,1.6930881889543559,3.550505467449524
5233,2.0071647026048964,1.67190017296355,3.6248271876348594
5234,2.0331497620311874,1.7967848927289776,3.6077917410075546
5235,2.1188792555696034,1.729380115769499,3.602613834171212
5236,1.9432513025564495,1.9345136571029349,3.565558246020305
5237,2.0709080286513157,1.7237700190648095,3.7066609525204544
5238,2.0173767474093545,1.6514757299326144,3.5603009180688354
5239,2.0478387782130474,1.9724916859521,3.6948379420788693
5240,1.9983783370932915,1.7456502157038563,3.604898915065592
5241,1.9588520674317653,1.8021642435495073,3.5825212149372336
5242,2.035977977635498,1.7612270070646456,3.540206002983044
5243,2.0285817562065778,1.7631835120102408,3.622208842275948
5244,2.0418543620756693,1.7533142704995484,3.5485414486400884
5245,1.9899432535296968,1.5884076206144975,3.460328346249269
5246,1.9579402415430571,1.7342369485165547,3.4532445243024616
5247,1.9072809630820176,1.5638666344810799,3.560057354151512
5248,2.023444289354818,1.677785956265131,3.4496338200305456
5249,2.00089198989316,1.6215307227224705,3.513403210965802
5250,1.9285970877960137,1.7287104683661008,3.599307121315345
5251,1.9471132938201836,1.7252478083457083,3.5355947357570185
5252,1.9478270932156887,1.7388222584458362,3.4502461207009363
5253,1.894106414078588,1.7183105638273175,3.6177515724792375
5254,1.924429913826766,1.6277723604817356,3.54591489272021
5255,1.9056489637901637,1.6612292842575995,3.580837945848887
5256,1.9387112861589577,1.7782447377749169,3.3155374144125123
5257,1.9193636845154494,1.7918670272601358,3.5211363608211603
5258,1.8718804672548746,1.5692800364743449,3.5599657322781897
5259,2.0512614767127917,1.5297433183179985,3.6267404705308572
5260,2.0096296216479703,1.6090256264082303,3.3719357583035787
5261,1.9048918751129154,1.7851145535200879,3.5840540834729704
5262,1.9542740945696198,1.8009621758539311,3.617838949292529
5263,1.9583066546014158,1.585883308747091,3.323829010561731
5264,1.9937385474847102,1.707966902047782,3.5226229854669553
5265,1.8899756227874578,1.8595613153133317,3.5330687888171854
5266,1.9822038859209328,1.716532289989973,3.45702161020212
5267,1.8968672988114827,1.8160351755008457,3.4436971721313077
5268,1.8541051002389057,1.7726419526462909,3.536254607766361
5269,1.9537126413171846,1.5806346171286825,3.4337479544866234
5270,1.9786235641906806,1.6515422804728361,3.4658848776255406
5271,2.0400334611413937,1.6729025481852366,3.548775489732762
5272,1.8471769644942633,1.6787278586593215,3.6248168966189533
5273,1.9386075818549917,1.7588355761753278,3.528441088260133
5274,1.8796433713743632,1.706960059012291,3.4971853182188624
5275,1.9357469854543363,1.371361130845394,3.4464933914089864
5276,1.8194742861384194,1.532587580344071,3.4084492614301825
5277,1.8262544057869443,1.444024638084397,3.57974798746951
5278,1.846968023731963,1.6791911145818774,3.4805814616026507
5279,1.8860539019076388,1.6845959549106415,3.5869794838944804
5280,1.846370963006429,1.6877630232934595,3.470813611185853
5281,1.9076727923313757,1.5624417756585987,3.4476766163836006
5282,1.9223359095882748,1.7246438149773602,3.5359115427541123
5283,1.897217549152001,1.727751212693949,3.4989371450887834
5284,1.9444022749594994,1.5295063409638816,3.411613004625104
5285,1.8804555128331195,1.5073144477418374,3.656621261124789
5286,1.7949980441428537,1.652802854541171,3.4644290958873944
5287,1.920168158330265,1.8308927403872675,3.5923288243444644
5288,1.8178760756648433,1.8205880112032289,3.589179569115712
5289,1.889767818415614,1.7058541305917354,3.4249574440437724
5290,1.9190254130930888,1.5754147180697131,3.4495787600535617
5291,1.859244068359712,1.7360000744860122,3.509874131549761
5292,1.7576522055104804,1.600975537506069,3.4691359158651944
5293,1.7825798871928087,1.5683701474218672,3.6810623493169135
5294,1.890638299549863,1.4296277861941735,3.5316531478404665
5295,1.8120361163638214,1.6531670381358323,3.6237292949014224
5296,1.8204430600476902,1.5788471625226363,3.598680938830873
5297,1.8503590614487233,1.6503827442285126,3.5839082501168327
5298,1.8431691342145928,1.4097104747089184,3.5713620521333427
5299,1.8182101957119239,1.6555361783796467,3.6726075105483806
5300,1.7897364363083041,1.3943493897588009,3.513278454949915
5301,1.7804188923003283,1.7451642542782007,3.7231869801971387
5302,1.8348129014831656,1.6874688024359201,3.4880392123612687
5303,1.8154456460803123,1.6063233787420144,3.6596147333764146
5304,1.7707353219957984,1.6893727450613722,3.4908943444025002
5305,1.8335234145968733,1.5342049617780866,3.584398653728711
5306,1.7687682774381317,1.6381622939360747,3.6235985283981744
5307,1.7284241505971298,1.7093152254062303,3.5838046831351975
5308,1.7288314785054082,1.319322700209061,3.6149381657316915
5309,1.713601591497417,1.582943716598089,3.5253672086913226
5310,1.7446630073027554,1.6243169904070511,3.5643004149363557
5311,1.8157012425449501,1.6058680154260538,3.690244485924252
5312,1.7094788279110413,1.7701242560466186,3.659955869491115
5313,1.7548633647588636,1.5109413791166744,3.609647316244231
5314,1.7082989255232703,1.5601337069302141,3.778244454845941
5315,1.7237999794587415,1.4295815893095294,3.58222225585157
5316,1.6569840298214151,1.7711167382526822,3.6585023403814425
5317,1.7171188568521185,1.5943793600886516,3.654684778774584
5318,1.7141095962209323,1.5740885063293288,3.752139308100356
5319,1.7464481795183264,1.611602866765154,3.7146761468630003
5320,1.7262269676121489,1.6793971763030149,3.7101407106598185
5321,1.6507630812766294,1.6494331103969755,3.579307952628897
5322,1.760503395708835,1.8784090856294877,3.804176208125978
5323,1.7124108673841056,1.6579388645073387,3.7257486391239145
5324,1.7074094654289245,1.5649460608300512,3.7606981967321027
5325,1.6926169958052457,1.5542609742837463,3.699896459844603
5326,1.662767222991344,1.570047512815512,3.6957132181742955
5327,1.695117261306131,1.4580671908701355,3.8965785250276306
5328,1.7035720920923814,1.611165494136401,3.643286547231914
5329,1.588007299406748,1.6844547883640943,3.7093701233412317
5330,1.6439677549015375,1.5437012358626334,3.920752231597637
5331,1.6537068722612633,1.5232299218283694,3.8622218856951656
5332,1.674806299041569,1.754493486492688,3.793613073779327
5333,1.7172024043392855,1.4591824130072018,3.92810033566532
5334,1.6144848498192381,1.3939813597524366,3.8728747011044815
5335,1.6237052003640804,1.4844061832166133,3.864518709172961
5336,1.618504769886823,1.4445869970263006,3.8727536529424844
5337,1.5995804745323563,1.6361874768089353,3.900749340321663
5338,1.6178205195465833,1.560429732042124,3.9128220903828823
5339,1.6692409733087132,1.5734674988289645,4.056891766236984
5340,1.5735285496998679,1.7096663513558763,3.874476557287006
5341,1.6431293672164926,1.5241768864793908,3.885801097240122
5342,1.5321611366905654,1.6697574608454717,3.808829137447553
5343,1.5847066439415844,1.7423196543325017,3.912479352461233
5344,1.5918164864084052,1.5445606865465042,4.074503479886681
5345,1.6875518721521916,1.6627694905622994,4.01305955263299
5346,1.5855876571983858,1.563826388664685,3.8996184091425254
5347,1.4847858469669242,1.6793596734940164,3.954305084287179
5348,1.4904256051843512,1.42874332785574,3.8569515488211907
5349,1.5875957587649656,1.420284112945287,3.891872849387961
5350,1.6121096674327822,1.5446523611828091,3.990060450203717
5351,1.595723796092485,1.4938311508851907,3.947214595714726
5352,1.5808628373497033,1.529997923398535,3.9118279082843346
5353,1.626134507742666,1.5586620816111174,4.043163294672754
5354,1.53658344600414,1.6515627010492306,4.005927494115402
5355,1.6038547134749546,1.5377426000460777,3.8955823947602815
5356,1.4730597352517223,1.4950705384368579,3.8633971979600266
5357,1.5049699122231517,1.541254044511651,3.992170347407768
5358,1.4554280039301073,1.4984402675198936,3.9190083472000756
5359,1.5276069383111515,1.4809043587650115,3.904787140547346
5360,1.5346120459102492,1.41195404077541,4.152776537359026
5361,1.5382132719109072,1.5791550461418298,4.062725811433656
5362,1.531193055298051,1.5142888750054289,4.057311696442636
5363,1.4773199233797651,1.6667402290271263,4.071397049277655
5364,1.509792673275333,1.424326353164029,4.003278808301425
5365,1.4400483416174181,1.5138119114940751,4.13492950591779
5366,1.578707327228523,1.7482659905915998,4.099248030049222
5367,1.4909994312082482,1.4719700147762806,4.056667100217028
5368,1.4773813464707128,1.541234035206138,4.076104848155847
5369,1.5769280549407063,1.4422600515684176,4.033869970629939
5370,1.431034972864696,1.427959483050064,4.106811539530957
5371,1.4325454852184045,1.7164918116929342,4.127274462732077
5372,1.4297030508178399,1.5778238358197831,4.118881862329217
5373,1.4768218122325671,1.573047637205042,4.164779575377039
5374,1.4975107674240113,1.3890086898858955,4.160868585095581
5375,1.5086396554553991,1.59347570495364,4.192269773851749
5376,1.5959956354496134,1.6723057057548727,4.255788161043073
5377,1.350677924523756,1.670473854057054,4.234184651762408
5378,1.489354091938286,1.6213227990985084,4.269379586494989
5379,1.4268430328469002,1.4405049374262804,4.131327571815364
5380,1.4211759315856174,1.5837305463768494,4.1644524042899596
5381,1.4153204821691656,1.6181421001406129,4.26328313565467
5382,1.3966986686071763,1.3709053345233133,4.2704231407102355
5383,1.522207512014937,1.4371885118676095,4.167977783722217
5384,1.4759566984031265,1.637099669758841,4.276606951334126
5385,1.430879023899582,1.634856669946618,4.157458147926134
5386,1.4931646226110415,1.3913626312798364,4.276530769765707
5387,1.3458995981604296,1.6246926101407733,4.2408908256346285
5388,1.3509209853942794,1.553691020452441,4.13702806220825
5389,1.3045064159627096,1.6212324786146788,4.2176832001249425
5390,1.3744013805012418,1.4786510392637384,4.431452224970262
5391,1.413443460577512,1.6055937950876045,4.27738818078608
5392,1.4065073873413998,1.624431281642904,4.449327783653338
5393,1.4048573494887655,1.5038885538695805,4.153732671581108
5394,1.3228834510980128,1.5397716292631145,4.333088081462221
5395,1.4296606817357367,1.4721192224799244,4.073888752550493
5396,1.3975719537625284,1.7011109741820003,4.280046784872302
5397,1.4183522725175937,1.52289626190703,4.3338142265002935
5398,1.2831921415285945,1.4416980820363106,4.353418735793559
5399,1.3895575586324325,1.4612956636145633,4.225334436052614
5400,1.3107699521441927,1.5445337368435086,4.37510791503846
5401,1.346490040820899,1.6061688964595926,4.251802810215645
5402,1.3892955840663663,1.3962328776906756,4.2837046983288305
5403,1.3633766548108222,1.7135620253419823,4.26431097583611
5404,1.312513461596638,1.5586446967602339,4.2100203530520774
5405,1.3516968039645,1.5734045859706476,4.428273049588917
5406,1.2711236118787042,1.5160225341699725,4.30810896051434
5407,1.4015558689117504,1.526650563273392,4.392632043115015
5408,1.3301456512882912,1.5088802083869348,4.390408486254007
5409,1.3927302735432094,1.6244726519284793,4.230386429153943
5410,1.3068950237510353,1.520885405877249,4.405906077646704
5411,1.3034878824578493,1.5973691723710353,4.349486706190728
5412,1.2879289900723048,1.4762659599364438,4.226341807572169
5413,1.3664455764593026,1.538202002253211,4.345724517131657
5414,1.2836911020142987,1.4372338270985405,4.2279830794778706
5415,1.3479457650014808,1.6382672713783475,4.438142346345808
5416,1.2931745817835343,1.4322289847032843,4.374334510941835
5417,1.2101084383385654,1.4820956986025384,4.302946009123031
5418,1.2770288108521215,1.482088209189427,4.409028714950998
5419,1.2432558367724418,1.4771803917778914,4.180292014206956
5420,1.30060224956777,1.5838170598557446,4.2457103311765785
5421,1.2361120326126795,1.4788943306117646,4.2840706961759265
5422,1.3386862251815097,1.6489458556735865,4.4815258166825185
5423,1.284618774341079,1.426699860453161,4.2152394880201065
5424,1.2771082101033882,1.5244797529726692,4.162301292357714
5425,1.3156287003374925,1.4289587139780535,4.18114348361636
5426,1.3279064577556017,1.547630567665539,4.366801480284515
5427,1.275614414924763,1.5029349623437256,4.244180542855519
5428,1.2349990896741807,1.4880210448805606,4.276203111030785
5429,1.1818321704095505,1.6213727285441244,4.346973838314332
5430,1.23323178499996,1.436089695120642,4.270121438621779
5431,1.2337096347478258,1.5591747156643052,4.29572553261228
5432,1.2669917209115855,1.4226271932106034,4.31864211755805
5433,1.2414830035155486,1.5097923555244708,4.237608372378711
5434,1.2902716615759937,1.3779676197270578,4.254802221207038
5435,1.2223939456217994,1.4302754205264565,4.283317769511359
5436,1.2473928393173725,1.4873154783307678,4.329079280869146
5437,1.3066800087136003,1.6759980120312141,4.191710127338474
5438,1.2618418413983743,1.5036174589926916,4.0087408048436775
5439,1.2390531045017759,1.6580085439754715,4.299854649252637
5440,1.2092968652248222,1.5135793453518762,4.314621800467689
5441,1.2051065727819654,1.4518445584390833,4.251140776750897
5442,1.1916467261125223,1.6434952643184566,4.2511536546521524
5443,1.2045717202947437,1.5322686654640576,4.178917917440306
5444,1.2668856933862702,1.4233026966520879,4.258272046803564
5445,1.2155242196516851,1.5336406159084373,4.280529399967445
5446,1.1566823327539424,1.4563332696094837,4.2106403955409295
5447,1.3101681489126349,1.2856992598784192,4.399093145922349
5448,1.2353832071038002,1.5772105901408517,4.068196615013443
5449,1.1466998226853014,1.5921179338809262,4.199667631148872
5450,1.1926535864025152,1.6654306443626634,4.085851637761345
5451,1.21802659622262,1.522863382134774,4.243193382853197
5452,1.2954855360400002,1.4547899001250584,4.039132506252185
5453,1.1526615747665645,1.5621750725169223,4.051623050850417
5454,1.2547183102930815,1.5626727107461218,4.100211923290886
5455,1.2737776772690945,1.6405339937144756,4.164509957616029
5456,1.1702959180760726,1.471258970594538,4.087831171821775
5457,1.185816612711646,1.458180349021122,4.080710726757381
5458,1.1458790578448197,1.4022009731179725,4.105006294094127
5459,1.1855624354686078,1.5265194475847204,4.091886948522206
5460,1.1919858875600542,1.3169655504734,4.2219106984181325
5461,1.2249168732369835,1.5484195870966992,4.149299061704887
5462,1.2446017952385682,1.5286141482047164,4.0598372345897955
5463,1.1508854922326626,1.527358095729754,4.244810297050098
5464,1.088161301679875,1.4816946914226046,4.107500021628682
5465,1.1837423173259831,1.620191737201687,3.981642855449617
5466,1.197798328551661,1.553115655620297,4.070551665731241
5467,1.193949275016827,1.4042316380874564,4.083623565653009
5468,1.1635418541451497,1.4050451514868607,3.976409070896326
5469,1.1845505752195398,1.3750200249970317,3.93774260089275
5470,1.2525631287276957,1.5171407397145733,4.019275418315076
5471,1.1943961117168667,1.3610241641948542,3.973850815373753
5472,1.1552002223714934,1.5684035699092915,4.11120656153012
5473,1.1474588429919255,1.5913886345351322,4.042277936797285
5474,1.1626171764931825,1.3702172734402023,3.9217374554860793
5475,1.2516289396794584,1.4385922915635005,3.996996936093728
5476,1.1593502523077714,1.457838135467543,4.054126525477069
5477,1.166290223961609,1.5436038928761577,3.8310018912468764
5478,1.1419703273794355,1.6151701006461263,3.8503531892646836
5479,1.2198827498937548,1.2847173563812582,3.9208740646052753
5480,1.261814628115989,1.4204800023947135,3.914134426574479
5481,1.1852843002465687,1.4247285285364477,3.8965595288165726
5482,1.1658649620394967,1.3102959815845958,3.8652563231268537
5483,1.1625799977556175,1.4008853787293996,3.8533547373382677
5484,1.0405820054115114,1.491207332857615,3.8994429916167235
5485,1.196153401496266,1.4195972496482319,3.948626071948913
5486,1.164744788186343,1.2920383678989433,3.8085921851174045
5487,1.178636341511125,1.7329447422773019,4.031251375422223
5488,1.1208711259762343,1.4711908891740322,3.9821029537827632
5489,1.136488671971273,1.4547797878740991,3.9206174026459606
5490,1.1344698870945973,1.3328556523711794,3.8530699656423084
5491,1.2054542888950346,1.4677574598665049,3.9528736722216316
5492,1.1348295872004581,1.4243046610064534,3.757961654954821
5493,1.257337509616489,1.2509135342029953,3.7034756954911066
5494,1.1742270414296274,1.331780807432996,3.7169003292971947
5495,1.0884217600488306,1.5173400686312468,3.6676215818111877
5496,1.145343125435727,1.6312909863366536,3.7464688814213507
5497,1.1187938301581082,1.4726481549311263,3.749571835529508
5498,1.0413082284547177,1.5452829735382232,3.7305100599166487
5499,1.2306933002909861,1.4184427838991631,3.7023066904644155
5500,1.1856119292939549,1.4244080050795183,3.702816737496908
5501,1.1768928721804455,1.5412054672163635,3.819942304796059
5502,1.1583230520013663,1.5974308731714768,3.7195254164988167
5503,1.0808150109899206,1.5603090294672928,3.732623668747829
5504,1.1256407055055324,1.3226099040936325,3.6630086708634946
5505,1.191858917529168,1.4215978093325363,3.50744567765788
5506,1.097199823226601,1.4550942883408595,3.4805582240081936
5507,1.0232059165634844,1.4004227794458115,3.7813023717826617
5508,1.1385152292422973,1.4642257199928492,3.5611771835029704
5509,1.142901362387031,1.5065476702018066,3.543468817549195
5510,1.1569286539225612,1.5238216207207333,3.6015924188988584
5511,1.186780155951877,1.591178949922434,3.615150397863493
5512,1.1824807135799307,1.388699745665966,3.6144981673014533
5513,1.1638275275530194,1.2842930929344232,3.691589802686008
5514,1.2109965885188745,1.4555730535203546,3.659042269312495
5515,1.0756448275323387,1.6071845129377875,3.463519458191238
5516,1.177237964290225,1.3701602701036157,3.595371136745002
5517,1.1837935479328412,1.4855976302441785,3.476694600799966
5518,1.090988406315618,1.48554321796296,3.4860456496962753
5519,1.0783649469226257,1.4341691789474644,3.399230352320916
5520,1.1167953206707049,1.4147744107146942,3.3410891260684483
5521,1.1216412202182027,1.3207966109163878,3.463881437523932
5522,1.1930569651921425,1.184031545186711,3.3798887901560515
5523,1.125368501248789,1.3000715303460764,3.5206465137429905
5524,1.1140291219140155,1.3712856619101987,3.414085864199113
5525,1.1270575334250768,1.5191184481796975,3.45151015609079
5526,1.2144049763266953,1.3981241022077835,3.526579366869128
5527,1.1600010323556214,1.3555956915285832,3.2888150140780117
5528,1.1513030746264454,1.3174616997573387,3.3402408719012713
5529,1.155723260897243,1.471303432473823,3.403366213708078
5530,1.2268254954776043,1.5405217966574183,3.4046996648030095
5531,1.1258037495418038,1.510093506897534,3.458899752357487
5532,1.2301183987932567,1.4634293832719483,3.4310377660639673
5533,1.1759891118146035,1.2543182407162163,3.360592184578258
5534,1.1586051735386727,1.3657778161861276,3.3684113362038803
5535,1.2928734112747573,1.5947420111178188,3.362059013298058
5536,1.1162889143644543,1.511273607406116,3.2095654129004347
5537,1.1526692188041292,1.2443958281895788,3.306340219510197
5538,1.1100545308855048,1.391655310889894,3.330577225950947
5539,1.220661594225408,1.432593040656879,3.3393766063342727
5540,1.2589000066836509,1.3191368058394402,3.22088343535229
5541,1.2593782654832186,1.1635023249092216,3.1856181410651523
5542,1.2385604692765204,1.4033758262032512,3.2608009477443196
5543,1.1690020849532363,1.313788909921498,3.4295491088188186
5544,1.1621801364874191,1.3132524946746909,3.199373471674117
5545,1.0984815988990577,1.3552411839949094,3.3517406146115416
5546,1.2854703125226206,1.37641479802034,3.377680615312392
5547,1.2088005510276416,1.3879478972551733,3.2477781746723693
5548,1.1624670895107914,1.2995315912208971,3.1831589931844313
5549,1.2552191524147007,1.364984649456104,3.272147115504737
5550,1.1419673463725861,1.2103389031326075,3.2404663562055127
5551,1.2127636308342025,1.4162614004991918,3.150057301373925
5552,1.1856655198163195,1.098606822043345,3.1601747605536383
5553,1.2281325654703366,1.3543628399644712,3.2434355270787547
5554,1.1949588382765395,1.4743085628111892,3.2762731439089596
5555,1.1275667887844112,1.2755345925472268,3.1704038508926167
5556,1.2059043142273707,1.4521910094577595,3.1855076120816777
5557,1.2566174381919801,1.4952012016983254,3.2395243060320706
5558,1.2047983449777246,1.047918489798706,3.1674144304557186
5559,1.2471358259457492,1.3626533620124286,3.152634092548196
5560,1.158260238718264,1.0892940892797127,3.1117079585426275
5561,1.2114158195128102,1.3641329791008643,3.106064853270155
5562,1.1837307465391824,1.3743197057103003,3.377325313183575
5563,1.2545677426919664,1.1258660424953242,3.144245468261822
5564,1.2210904852535982,1.5656885022925886,3.2654661065456785
5565,1.2563513227323884,1.400891082159466,3.287494693684305
5566,1.2785991640804322,1.2864726034056693,3.1347973127944875
5567,1.2611945907526505,1.5169989440815925,3.1758626926737565
5568,1.242703358136911,1.1899863430791777,3.1516875224468124
5569,1.1816040895330917,1.2457178342911204,3.011812818016203
5570,1.2338758875819387,1.137777266057722,3.0141255771447875
5571,1.2098941179268528,1.5469158267372356,3.139885701837916
5572,1.2219115656485176,1.3991350403608072,3.099878007142103
5573,1.222986584913056,1.4309302853956296,3.2832900279697714
5574,1.1953476658620779,1.394180539662093,3.111329827235168
5575,1.149139506885219,1.420548108502154,3.2848218203186343
5576,1.2162933284236093,1.3700706257486932,3.089327949991764
5577,1.2620947606477548,1.3884471160514167,3.279307045518209
5578,1.1877732124784643,1.371208057871227,3.1659366970271616
5579,1.2587531263775034,1.2986818708037142,3.1697776957200507
5580,1.3557997591730937,1.3539725161913752,3.083264541911969
5581,1.314786560121017,1.3850889952290066,3.1700498012204266
5582,1.3486879675437513,1.367879598483421,3.259203390278189
5583,1.288973902286767,1.208143227411462,3.112288712371897
5584,1.3307287608531728,1.2205181256158668,3.097009977788919
5585,1.2391196246678138,1.4623978923879684,3.104905174039255
5586,1.2460939519183236,1.3225119027559662,3.254936551783853
5587,1.1443752510848875,1.4107820018231474,3.194633428587139
5588,1.3436886998309994,1.2421962369490125,3.2430928941175154
5589,1.3644743321915909,1.2031930016841996,3.153636042401951
5590,1.2629031912404605,1.2652478897488988,3.1331531084164386
5591,1.2809952698450464,1.3264516054037472,3.1655769792966284
5592,1.25915709784762,1.2812952434571154,3.219119478542419
5593,1.3191664388226474,1.4763043856271623,3.115772924083636
5594,1.3594898155310304,1.3639657220285188,3.2472611074077102
5595,1.2193395431859435,1.5300102105173374,3.1694455867764573
5596,1.3302102032988807,1.3846607186841822,2.950275293291139
5597,1.2991896564288872,1.1020689735320384,3.2162401320208587
5598,1.3220024157584809,1.4480329650497898,3.0467425113709856
5599,1.3426159773040522,1.1905789878718998,3.2204084853360655
5600,1.3136135107909486,1.3636934587924125,3.2271236376756365
5601,1.3212250621032846,1.2622782240973403,3.1848991321291655
5602,1.3191144746469958,1.5531248665455584,3.2056838566670534
5603,1.381750564867166,1.481921284123707,3.253954912356144
5604,1.3576216029917547,1.2628877501416451,3.130423104726898
5605,1.3511835931812364,1.3234429646841104,3.2377458971408815
5606,1.2800992330271126,1.3597480495027796,3.2716795944100228
5607,1.3282314543305456,1.4207397541971183,3.3239763403094407
5608,1.395628367486941,1.336424235842512,3.0994028386104895
5609,1.3561346754618153,1.2301308449116861,3.225403267062586
5610,1.3908014486426483,1.2599763534452555,3.1208183579353217
5611,1.4497452041390724,1.3303965121240773,3.122595572803627
5612,1.4169639846770525,1.453403455521273,3.236957198939768
5613,1.373324608852744,1.371855200673814,3.219908300512765
5614,1.3467688014174841,1.250844169632542,3.3109373792489936
5615,1.2483105169100603,1.3921377780436177,3.197414430871368
5616,1.3712562659235656,1.287717444274773,3.2202988124833083
5617,1.3670797890057917,1.4145727460894353,3.2539979207737955
5618,1.4066206177296579,1.5773495939371052,3.174323317039151
5619,1.383145537608446,1.2878831102760944,3.1917505420165715
5620,1.3785762361975333,1.4030440469496455,3.3453419987948316
5621,1.3093960329520018,1.247462569328052,3.218724109365232
5622,1.3551534775941547,1.3098944849239345,3.363950384735251
5623,1.429785307482136,1.3231966366063632,3.3247712105043323
5624,1.4955636161744412,1.29999217496434,3.159336673909018
5625,1.4087216318199036,1.56478262927839,3.3326381722424228
5626,1.4338319012169498,1.2869432583568516,3.339187468218452
5627,1.4689220735266009,1.375409610728141,3.3385137315415445
5628,1.3846232486678185,1.1228382461531667,3.3007254470792953
5629,1.4473909777688716,1.3581696504792078,3.244368697441528
5630,1.3959202380744944,1.4282990988653381,3.4348685337673612
5631,1.48009215679681,1.2604581349017143,3.3267379779147612
5632,1.4483385872248171,1.0613204682374924,3.271976564490697
5633,1.4596194175197486,1.307602901904151,3.3871195733714634
5634,1.409505763373242,1.3123124431455093,3.2990574046235075
5635,1.4879362333382609,1.3821281249877297,3.290591706336903
5636,1.5607788193929877,1.5099380673590606,3.3445969559259057
5637,1.4101153615158886,1.2699701243722428,3.3295928065539653
5638,1.4474995619586617,1.2214749840032633,3.3181050638693246
5639,1.4800528223525538,1.1895409041042069,3.463923393925063
5640,1.5117856420257783,1.325170014364452,3.398692641870343
5641,1.4484884217715055,1.3524276271240618,3.5164282695375975
5642,1.3388217224787782,1.2490572901612054,3.3563868795149436
5643,1.5524468827005706,1.380622311913241,3.295095417807677
5644,1.526533127998377,1.3484242317675934,3.453801613013194
5645,1.4053866747956507,1.3053413584111222,3.5990211073551692
5646,1.4661872278919785,1.2099096609635056,3.5017037586439765
5647,1.579011362939826,1.2510982229257002,3.7251720470040235
5648,1.5770331645697817,1.0554432236020403,3.503255476391536
5649,1.5556205450054679,1.3211321357612433,3.504310938958748
5650,1.5039317897834803,1.299322810877763,3.3218371762259045
5651,1.520938886308308,1.3146724100796499,3.537320848745766
5652,1.5142981337546548,1.3453928174168652,3.5254127890662166
5653,1.5813136946885307,1.3326800449315455,3.488171447616392
5654,1.4851688073752207,1.2821971338062759,3.518676074438452
5655,1.4927316753006372,1.2972403865410438,3.5330270450028634
5656,1.5875971931732604,1.1510806452973208,3.5329369329869644
5657,1.5389278393618024,1.2322795011456467,3.7233601041878917
5658,1.614131937661963,1.294838523453526,3.5353570568083272
5659,1.5156953935571842,1.2153464861051861,3.5874017045601136
5660,1.5505938629260723,1.3740879217535376,3.5503585940792073
5661,1.5112728184914093,1.2213512050174802,3.654138753619404
5662,1.5618207651055669,1.3079870972798313,3.614374462021409
5663,1.4915824908176496,1.297155836592596,3.5865811922500335
5664,1.5451829835169213,1.3592703163611963,3.463604885975536
5665,1.5018039555632738,1.3738655314443473,3.6458189343551193
5666,1.6123615493422048,1.3523341027514335,3.6102198744751557
5667,1.6175399056908792,1.0714752193209551,3.638714259493135
5668,1.49923823314825,1.4006362218767152,3.55751635557271
5669,1.6564820359944086,1.4330983665427541,3.7752631152983662
5670,1.718689900661964,1.2313018217913019,3.737571764462356
5671,1.6001454447839767,1.3023262162639093,3.7918609481830994
5672,1.5698095483924772,1.1887262000507544,3.7774715535950585
5673,1.7470956516255856,1.0821199283731209,3.741340137533947
5674,1.5439378529542305,1.2022352310114126,3.610742745531958
5675,1.6148916231213166,1.2212423992971857,3.857692236001483
5676,1.6268598730533543,1.2389213425668606,3.644027995843397
5677,1.6891206101159317,1.177665685562811,3.704701707381338
5678,1.6438262305555378,1.1993658227684503,3.7905763422791168
5679,1.6048747965140164,1.2707595178222693,3.8023080014943154
5680,1.5862052136508227,1.1939898274802305,3.795231430278363
5681,1.6206215887943574,1.324517899746859,3.7250008180062237
5682,1.5913044424582803,1.3374850368502178,3.7159409359117266
5683,1.647969667477095,1.5065118156873265,3.9746263607182932
5684,1.6212852219524205,1.3801956674094442,3.775980244476455
5685,1.578698388418842,1.2910931765462585,3.7733352066364367
5686,1.7200510125808979,1.203912200577598,3.736230591852604
5687,1.636291321368951,1.2944696875821267,3.819810296331342
5688,1.6016366934678035,1.2969114328411675,3.8228801876294143
5689,1.6604861086468332,1.212077974273497,3.8124189222488774
5690,1.6761597057072757,1.3409404306891397,3.850807637734135
5691,1.5892459697210755,1.1219160585264925,3.9677757468811388
5692,1.6969655719788581,1.2364450061888266,3.7853794981876225
5693,1.6318244856691266,1.3156305258155652,3.84258613595177
5694,1.773517863120509,1.2304465152857404,3.7933291168015244
5695,1.7179329815480924,1.237690299509805,3.8746093887768964
5696,1.6754925575708814,1.2437485228149687,3.8112886495214413
5697,1.6619654321784647,1.173128912847845,3.820316872725412
5698,1.6976949576122733,1.3732416165849446,3.7510272657185544
5699,1.7372852588320462,1.1532108009023998,3.880897631280961
5700,1.70905584997709,1.2859941032871007,3.9125860498073393
5701,1.7031395076957858,1.2947071202383214,4.032016028865275
5702,1.7205645140517314,1.157644857194215,3.9255521223779004
5703,1.6910828687957382,1.2589827463280336,3.8566693773448697
5704,1.707726205624832,1.1598749334891663,3.788357825633913
5705,1.6241880456051847,1.3891087840709961,3.803750847463959
5706,1.7807352337388953,1.1352931842271377,3.801956620123974
5707,1.7505397669253437,1.182949265048264,4.059832635274368
5708,1.700457356448119,1.1250845249999464,3.936423753112781
5709,1.8375760994408346,1.1109057589603806,3.8703965315683493
5710,1.7504779250875726,1.4049663206250755,3.843703340232586
5711,1.6977858421969059,1.2992919725266299,3.855283284340475
5712,1.7958736028018463,1.2582141146437558,3.8781275173251593
5713,1.7763602690126787,1.1776978956483672,4.035089500977077
5714,1.7795850259551325,1.3332881455996004,3.930127656045723
5715,1.7419430857106084,1.1592766453042689,3.8192747491943693
5716,1.7891067931595064,1.3202352952863086,4.1222711412869835
5717,1.7568211685489985,1.1527932663034244,3.8483958488270567
5718,1.801008802428244,1.1747672030179723,3.8943269329508077
5719,1.6812423626367246,1.3142203418224474,4.048199752516169
5720,1.7580486168052816,1.3239495180278584,3.978202866986082
5721,1.8690772414554453,1.2964893074332862,3.9088069042062727
5722,1.747817447751934,1.1309503825623966,3.849107369766571
5723,1.7591540248228696,1.1904214369570771,3.871302683193683
5724,1.770096427597881,1.249960875971237,3.8769436932296863
5725,1.7348758312163213,1.1485203325473123,3.9506549529134465
5726,1.6882964870044497,1.3697226798375086,3.9658092075494613
5727,1.7902479963187774,0.99161023234976,3.9388659418466268
5728,1.8116091415082134,1.1531100455970111,3.9476569031375806
5729,1.8052014983039393,1.1792069643400742,3.866573023489
5730,1.803564798930959,0.9449494123824158,3.973719421315966
5731,1.8159138090419518,1.0889015764435421,4.052148148145079
5732,1.8678276128579483,1.290234697339841,3.9359216853199115
5733,1.8100574140780248,1.2299159120064218,3.933400531806129
5734,1.7937398668305846,1.383383498104282,3.9534620142243537
5735,1.8112217628036673,1.3797754329573142,4.034916801331743
5736,1.8570488692535858,1.267740863254882,3.872321163299226
5737,1.9014555090649627,1.254944031514112,4.05820565644395
5738,1.8021884415355647,1.2293978425227075,3.9738750380013683
5739,1.8412523035773711,0.9564815983964345,3.94031195378427
5740,1.8559016904149652,1.0817194604779403,4.03271810111183
5741,1.7920010395432522,1.230429116491253,3.8385372673299165
5742,1.8452645395352103,1.281150833809877,3.972111423754654
5743,1.7735410547853834,1.2477024829241443,3.9618210468009543
5744,1.7609203327920524,1.1286767853742279,3.849412053877284
5745,1.8702250144600847,1.3108522321274634,3.9577561648159265
5746,1.8351752640319217,1.3645448694292082,3.94003154400879
5747,1.86693050795026,1.3092888298341143,3.899336411509117
5748,1.8583351264519874,1.3136397462330034,3.978736549165984
5749,1.8127888870517197,1.1579477168051255,3.8598549530060704
5750,1.8616905435957194,1.3206547316953468,3.9229147952512835
5751,1.8046076496742958,1.226828745321037,3.886259914612531
5752,1.938085611519777,1.2626005349825544,3.842935053153292
5753,1.80297731644963,1.2471808055749194,3.927472231765393
5754,1.8631897140101923,1.1976820879716867,3.8655684218512527
5755,1.823032591756849,1.1230242659293745,3.759109320822138
5756,1.9057982226568997,1.2000050993563247,3.7274454739978067
5757,1.8628001405567811,1.3060897167162744,3.9290563640850547
5758,1.8554962272517819,1.1624613003212305,3.7625066241262357
5759,1.9261105638845712,1.2951394692684988,3.876551973694171
5760,1.8869057728637058,1.2787082081378531,3.8524695868422727
5761,1.9132128231134742,1.1743043349985873,3.812290747838628
5762,1.8402230337598944,1.3422755538861764,3.991836317578704
5763,1.820919360460586,1.16703888007128,3.843038140810105
5764,1.8983534089521188,1.3527467716037869,3.8823103018387712
5765,1.8788452049833222,1.244403855778629,3.837676614521569
5766,1.9278652633919422,1.1986041718350564,3.789238477796245
5767,1.894265399456831,1.1106107651206554,3.7989458609106967
5768,1.9101929607279384,1.1897655526775726,3.9097111846424895
5769,1.8204093162081345,1.1774168295856777,3.872476983286042
5770,1.9976002176771588,1.071164880006439,3.9338368473821927
5771,1.8965266841808956,1.174435245853756,3.787509892754633
5772,1.9411388390462228,1.115019271352844,3.6915780745611033
5773,1.865935722034985,1.2532020987861867,3.7183028817587096
5774,1.924581541115565,1.3244348329215363,3.650192680728119
5775,1.8454392952333478,1.0703196117604126,3.7981115409025357
5776,1.9345449851785412,1.36344687649506,3.681273085112516
5777,1.895462350877433,1.1785664543621295,3.4749876231907617
5778,1.9159992776611239,1.0931254029697774,3.9076531080403356
5779,1.950676224490915,1.2656095323152499,3.655915366709392
5780,1.8553471927837963,1.144395648114884,3.6463261394913036
5781,1.883905067791467,1.1800749984459253,3.8169530415805335
5782,1.9421099248522355,1.1470289398470908,3.5772186541095268
5783,2.025227305502107,1.104991597059614,3.7553491573518687
5784,1.914442958658777,1.2582742468709596,3.6078577854412126
5785,1.951892909836138,1.1564540837813877,3.539275987810368
5786,1.9179346103833192,1.040629251997038,3.7718608468948234
5787,2.021300465576482,1.2386111771338122,3.6993757977204904
5788,1.8376899013114654,1.0621581891094147,3.6891570429464005
5789,1.9306025116134937,1.0666021920955993,3.6349061675873386
5790,1.8453722915831992,1.3004011403136373,3.643270019613162
5791,1.8020563952722473,1.0607193652990268,3.486532421044458
5792,1.942950895390785,0.9479222295329517,3.583715752062151
5793,1.9357027358754346,1.2410667479793964,3.490089980312327
5794,1.9150931871799728,1.1476086646951875,3.442805933175733
5795,1.9245895567785873,1.1554444272428988,3.5762573436674048
5796,2.0853354082513578,1.1449753549395372,3.6254264511019705
5797,1.917989716107166,1.1988083659500268,3.491435682445044
5798,1.9568395061763026,1.09958594813874,3.4944159614756733
5799,1.8992565626523195,1.3216863822255898,3.4095416824875664
5800,1.9468345744168918,1.025669390989124,3.4903366397977456
5801,1.9204659608918615,1.2169979964021516,3.539683560417341
5802,1.9121129112159325,1.2359411919522725,3.5312744584250515
5803,2.0238013835305413,1.0949830230799558,3.5006015791623764
5804,1.9918897009998568,1.067794382655632,3.3965126435538493
5805,1.9399981033403935,1.271105396695159,3.3829448143301675
5806,1.8180367667425599,1.0695225676992097,3.4875278011209123
5807,1.9152397259938077,1.1071634362302007,3.477771934481373
5808,2.068440581031827,1.2557824327911078,3.387949244990928
5809,1.9217112925524729,1.169747884828502,3.3564961464154814
5810,1.9883165547497033,0.9857821379850689,3.472838943267527
5811,2.005120197865471,1.3394256804751765,3.3395247759670803
5812,1.9437947551085315,1.1109424690669223,3.4168529551899667
5813,1.8905350221694681,1.1228921121876325,3.335088845671596
5814,1.8105960818983684,1.1879710796077703,3.2510958135205614
5815,1.9662614957066566,1.2241256638913771,3.4527537553291334
5816,1.8909632101844833,1.3569542594106314,3.3222564502746414
5817,1.9401122468384608,0.9940633773620403,3.2446905707815
5818,1.8683734650726351,1.241892290803101,3.1792045655986283
5819,1.9171184161598116,1.2328254321665717,3.176212039454166
5820,1.9315381242293441,1.1440358794249905,3.2385503952136174
5821,1.9427098142663766,1.2357081623014905,3.4113968966312034
5822,1.872923097676212,1.2496371311046939,3.1996529296555543
5823,1.9878499614927487,1.0172429012345197,3.35130150314045
5824,1.8974560485002432,1.3296457942420272,3.2141671133021923
5825,1.8428298909643817,0.9980233954471591,3.1193070128656704
5826,1.920311012107839,1.0395989825884202,3.1651646079598694
5827,1.9266460552467428,1.1261833458037245,3.0898204032828542
5828,1.9320782048129936,1.3440881790996346,3.1131592019903183
5829,1.9912331868598994,1.1200009912400166,3.1001771888163785
5830,1.9103384064041915,1.1468663031232325,3.008199977229225
5831,1.9151706588981938,1.2925011015693877,3.271065878067242
5832,1.8649397898862574,1.1184954867700172,3.1565358415577545
5833,1.960030700897967,1.029918200037727,3.074442571731251
5834,1.927079219123566,1.1052734682275993,3.1368575739878155
5835,1.8956799228282535,1.2833117253290867,3.0421360118179286
5836,1.8202220050007132,1.1525551412878048,2.885235953801094
5837,1.9864077555622897,1.3377710762188924,3.3254952522466525
5838,1.8514916221620177,1.2177358604283652,3.094262992252379
5839,1.8819573600466624,1.0786991000705333,3.0222085981831817
5840,1.9280413931909686,1.1475257581441376,2.9049541031712747
5841,1.8488565510688602,1.0563349576125987,2.930579366522963
5842,1.8325267212414258,1.0740526154940941,3.17302454689962
5843,1.7994801908091438,1.5880439998586027,3.1514872204213935
5844,1.940160493141111,1.241238188683405,3.082372660931499
5845,1.8752422474696666,1.2247262058939234,2.9238122234855175
5846,2.0472139443549953,1.075539550827437,3.12484202265553
5847,1.8494396636949868,1.2940576700658388,3.03117835113023
5848,1.8513500759105734,1.2462830100739808,3.0388703387575298
5849,1.8673765613971032,1.3237462703280838,3.0135827332566616
5850,1.9059850422951756,1.3181387524338526,2.8488777690479314
5851,1.868458907293656,0.9861621093536808,2.8652694888653496
5852,1.9206852671484806,1.0223312938374585,2.9121313362228505
5853,1.8391977933064738,1.0321811695147842,2.9964100064454913
5854,1.8170653181573821,1.0374110983845997,2.826600674016808
5855,1.7942111582153175,1.1633961138251132,2.9152730048031965
5856,1.7708796467610293,1.0736167495600206,2.907589137815518
5857,1.8540510061663866,1.3368036685706655,2.9777085335309774
5858,1.8627613627465711,1.3192590244468807,2.960991334305406
5859,1.8440544487693618,1.1273926002600394,2.8190870349946486
5860,1.935572697695132,1.3228196060627273,3.0086891333082457
5861,1.9325404013259222,1.2753491729680295,2.793108139575625
5862,1.852095793223749,1.080714280805101,2.9669257805974745
5863,1.7767977048530241,0.9241131291479674,2.829082737055054
5864,1.8357772906015473,1.102488051897572,2.8799266368877277
5865,1.8317014347480949,1.059073403811111,2.8787823726201047
5866,1.8263770970350277,1.143437405308036,2.8705853562405803
5867,1.8218508361660604,1.1309613963718161,2.9029705686433633
5868,1.8215283854394357,1.1275925571489782,2.8747475970474965
5869,1.8323012319767762,1.1729119873231673,2.900723079422374
5870,1.817240298948539,0.9985445384224362,2.8699828677316157
5871,1.856785007740407,1.1601864785207834,2.7266224120666336
5872,1.8617015663748961,1.0743430504508948,2.844513317207963
5873,1.7954280806859677,1.1375575977520613,2.7731568366757813
5874,1.9017540021228294,1.2125555709950842,2.7250503554419288
5875,1.7864014616864392,0.9936303142179912,2.7863183070668454
5876,1.7516820748150221,1.0871971273726255,2.8200689683758826
5877,1.8487424768675103,1.102729766036866,2.8214804027986564
5878,1.785928828410757,1.062413484453183,2.882277422720219
5879,1.8399239231659714,1.2030810184342255,2.898863004824775
5880,1.7007007489877695,1.0403174148618364,2.81785831330698
5881,1.887496786305919,1.0560748870991776,2.8291975396872475
5882,1.8484437200299721,1.03988218410083,2.7925233395590294
5883,1.7367258057567094,1.219339302614381,2.8435433610721614
5884,1.7346971603077028,1.0601495076965448,2.8185888380122193
5885,1.8891017746929668,1.1546591085573699,2.772933515224937
5886,1.7654383104787195,1.3054862228586517,2.9473127345563466
5887,1.7573835394767796,1.0996955063742173,2.7295202154345155
5888,1.6825425938911434,1.2176455441650635,2.887831703756203
5889,1.7750259391462746,1.2728375040744286,2.6615917219629734
5890,1.777866050729369,1.2076843625956972,2.8336843928230624
5891,1.821681699974376,1.102548677016087,2.882380435760114
5892,1.712576272713292,1.1677036773043057,2.6139373224316502
5893,1.7031074457902626,0.9740196253228005,2.776890676129956
5894,1.798230260924721,1.0240182421676862,2.822467276390925
5895,1.8225480424543785,1.0408206029536577,2.78505026391614
5896,1.6901527135658585,1.3246153857298513,2.795003851876423
5897,1.8192545299325205,1.0185622640176764,2.7757062099973613
5898,1.7634944373162391,1.0163400708570252,2.677523809496203
5899,1.8126164828945617,0.9939631669817751,2.9549603009583514
5900,1.750894748636927,1.153604448381129,2.7258837435555514
5901,1.6246424337021632,1.1111539064689038,2.801746174645576
5902,1.7394798704226895,1.204836647426105,2.716308192468924
5903,1.7963790254933796,1.1625561860351905,2.587223116746481
5904,1.6949501545691859,0.9566611913169479,2.6967617097472303
5905,1.7164771977547746,1.0132428420836468,2.6565375050151547
5906,1.7232794780379688,1.2297744232167775,2.861486370909871
5907,1.583294232021738,1.0721831391211767,2.7276168974134625
5908,1.8079944956025906,1.2105440461316554,2.7372335867888378
5909,1.675489296650269,1.076089155527055,2.695596841521813
5910,1.7419499467813722,0.9935644783928186,2.7908349743571574
5911,1.7084077039416288,1.0592773989492672,2.728749259772907
5912,1.7716781532632195,0.9920723369234646,2.868391514285085
5913,1.7251296660039246,1.0315963639461805,2.816285240451337
5914,1.6890858936948552,1.1075190181739054,2.749675050010882
5915,1.65213755873212,1.1378622471859017,2.8669170580352654
5916,1.7326633864619199,0.9269583794337569,2.8031873915028
5917,1.595033031890377,1.083516967275154,2.8081001540687276
5918,1.7169109495979635,1.0258689330719912,2.693370389070167
5919,1.6255529888333304,1.0189662463475642,2.808865540917505
5920,1.738986056549037,1.0963538914645734,2.8446155977017304
5921,1.6802817320345849,1.0273184259614845,2.930083119284699
5922,1.700246446627643,1.2198560774447258,2.767915922639365
5923,1.6679422138549929,1.1997276110447364,3.015147310074365
5924,1.5720058368413983,1.1983838786829453,2.882438470824752
5925,1.612349949441471,1.029990135698195,2.721483165558465
5926,1.684747784276646,0.9825118574831974,2.780721585661831
5927,1.6551836100976323,1.0862457990915257,2.967470318473705
5928,1.7016038086972103,1.0622895138318256,2.958850660486073
5929,1.6584029304784766,1.0157240573366948,2.8665880466212728
5930,1.5855707956661194,0.9583154305226528,2.8830257623764486
5931,1.5897515763811605,1.0710200580457108,2.783896027496882
5932,1.630332159145528,1.0340483675846153,2.9889506270561887
5933,1.5050986158958362,1.142573951486721,2.810519129328344
5934,1.7000708780183347,1.1395342653255849,2.9635570244247327
5935,1.6340679335645323,1.1823885300056485,3.0107072831867425
5936,1.6688984032966119,0.9456643601469082,2.9130883315805463
5937,1.5240672336946726,1.1109855882397905,2.9934594916371897
5938,1.6608615451768343,0.9974195049291519,3.0707959727340626
5939,1.7057296084044729,0.9474114481828866,2.9514728016929666
5940,1.5236180617402748,1.0258799145930042,2.9231746647908805
5941,1.6237257500773834,1.174898380320852,2.939123782098829
5942,1.5806916272325382,1.0300842656489329,2.8924125010239905
5943,1.4988821221993462,1.2231502600632127,2.8980872654526717
5944,1.5962033402566524,1.1207818127272478,3.0023084087084904
5945,1.6086827002319783,1.0257745541157366,2.9614777538722366
5946,1.5323781120928113,1.180478559157967,3.0085695909708825
5947,1.6161510982800955,1.1083039808317334,2.871028361999151
5948,1.4699272998843473,0.9697994249127653,2.990758224421244
5949,1.4739276600562148,1.2482271599216865,3.0886032793643077
5950,1.5508855684238512,1.0875867834326756,2.9247840071228737
5951,1.540705863918082,1.062810996922499,3.0237984386798966
5952,1.4989799341238534,0.9746710588583842,2.882356506920654
5953,1.570651884060149,1.1774715719455449,2.9346040096411383
5954,1.5520724158756434,1.1105391781535197,3.112032572150184
5955,1.563782615709309,1.121029814262498,3.0311148889585486
5956,1.5100596672628617,1.0066476929653307,3.2101167623413684
5957,1.541679635766994,1.1401061855497887,3.107491197659346
5958,1.484595989403526,1.1471732583994776,3.1239358578560967
5959,1.6048915132111197,0.9884103151776511,3.0040058426299585
5960,1.4568900001244038,0.912885834117998,3.067992013054378
5961,1.5980939502535825,1.1120193317547176,3.048901492415726
5962,1.4898807915692744,0.8958449769870084,3.0310209570013398
5963,1.4146641360706025,1.0676793639379887,3.1781396662724584
5964,1.547143351438023,1.0070518576500307,3.2029854505205075
5965,1.480331020327985,1.1729419386383853,3.1745551915251493
5966,1.5118860334766917,1.0110905450581515,3.0852269615009487
5967,1.5258142601940463,1.160402214743953,3.1867749571103743
5968,1.4768090834837508,0.9975544230381733,3.01615460120852
5969,1.425587758877155,1.1482753841226319,3.2838660375880573
5970,1.4992730674516517,1.2536118200431368,3.0830298089698744
5971,1.445812321978993,0.9400747994557032,3.10609773589874
5972,1.4753545847973473,1.0753853983780923,3.2138025740137057
5973,1.3286627604069632,1.3203628456784005,3.2297448067981853
5974,1.4539868669584974,1.0514467293199197,3.216409125060195
5975,1.394998327478608,1.0502703805449969,3.142215886243616
5976,1.5048847326502457,1.1222456191902466,3.3304672313709105
5977,1.4486674934118056,1.0468084455291824,3.1136689216133604
5978,1.4248025803361992,0.8712828577496136,3.1385970445377276
5979,1.432424900009613,1.154539755891078,3.257377945856536
5980,1.353490653537176,0.8403222010260945,3.173436222455781
5981,1.479882863107431,0.9982443638006895,3.380979793685177
5982,1.4936003661906379,1.1599730525203507,3.1974599935739265
5983,1.4089942691645547,1.0028836453107988,3.424775415680941
5984,1.464190899118923,0.9684761110714404,3.3914639266903284
5985,1.3515412630751116,1.1250804842421396,3.415840519641965
5986,1.3354772183887083,0.9513514094070399,3.4763236344798396
5987,1.3727200747905723,0.9135495711464674,3.340105887828218
5988,1.3877689919180565,1.0625332572133674,3.2607518292898696
5989,1.3416783149963112,1.0160997040175548,3.341657225071077
5990,1.383629817819739,0.9093353575645141,3.3125948797563596
5991,1.3674331349069344,1.0967090175308956,3.3091416451941296
5992,1.2975795101346024,1.0787740777543873,3.3858089499463935
5993,1.3688250650117295,0.995661828012625,3.356579372558349
5994,1.3814622093704,1.0018166000427149,3.329021709291402
5995,1.3422699039419375,1.0773020040380747,3.377153276485332
5996,1.3867501806866367,1.148612258888879,3.4481914465779013
5997,1.2636800579212422,1.0006106405686552,3.4881715131036564
5998,1.343391812349169,1.0936731128307617,3.2907030452249395
5999,1.2569363070559383,1.0840390441684564,3.4018501790879916
6000,1.2552147679031236,1.1147649673360818,3.421855278525324
6001,1.2748536635543348,1.0300808299155073,3.3455014837879613
6002,1.254791873976926,0.9342334866771452,3.437347625984318
6003,1.2700035098968103,0.978532706569105,3.465462195474398
6004,1.2822183727480547,1.058385007731547,3.501702099016379
6005,1.3303207985176804,1.2052635934112441,3.472812006570772
6006,1.267957333992631,0.9743331425252455,3.4024756466370447
6007,1.200301664069329,1.1025322530183541,3.640091460412061
6008,1.3321698814686023,0.9885667216646997,3.5514989545295954
6009,1.228911821474776,1.0317385543310416,3.535285569840581
6010,1.2634468665809127,1.1715511193196029,3.577210274453397
6011,1.2843434137572327,1.0957609215245385,3.5220021380521755
6012,1.2676483688111713,0.8945224081339631,3.610798251449809
6013,1.3080460604146753,0.9607259577868511,3.5177532174521886
6014,1.2729748659870035,1.1429171718047633,3.518498462823943
6015,1.2016656594695263,1.0308048709472388,3.5741755534886774
6016,1.3493848920971219,0.9010555358763885,3.65430543617808
6017,1.2459187264408917,0.9333672360228934,3.6538388342074106
6018,1.2246003445175961,1.084935216701459,3.5848170922643146
6019,1.2759493681359502,1.1133507273892487,3.5830665366155023
6020,1.2360322278910743,1.0150195148793966,3.6016010520584647
6021,1.2393489182615958,1.2600901006147152,3.6287770420942156
6022,1.339846180879114,1.0942991426827091,3.6576632116939463
6023,1.1973524240243938,0.9868614349160929,3.5385008029997795
6024,1.191114403110393,0.9289650220381659,3.6663589695238192
6025,1.208748157257593,0.9123737304798754,3.5916620238210357
6026,1.2524350351520939,1.0427312759151393,3.6194253241727448
6027,1.11949615562229,0.9596388708276096,3.680853442654021
6028,1.0925326802658926,1.1752188303987463,3.6328258666088855
6029,1.1574667125670544,1.1538039629045287,3.6489190459893233
6030,1.1011630952110205,1.069808212607169,3.546878068776134
6031,1.1576795885354103,0.8879311631405026,3.700100847650569
6032,1.2001335766003394,0.9379385627956164,3.637906117111476
6033,1.1265844826257783,1.1300583189776259,3.5941613138871635
6034,1.0959202015961083,0.947514509216933,3.673795316751876
6035,1.1668946337341648,1.1153663115240635,3.7941764376381553
6036,1.2027482030596053,1.0499439852166665,3.4948829590036157
6037,1.0710929828257554,1.006987281723868,3.5251505640832064
6038,1.1931016354591604,0.9308645575297114,3.805130308811781
6039,1.1892317808351596,0.9910562450060977,3.6251018372969748
6040,1.1923756318938854,1.0187786600394542,3.6066991243656004
6041,1.201929098664631,1.1024014339372021,3.5824642828177815
6042,1.2474686514563458,0.9099081076644316,3.688437342856469
6043,1.1159557246027976,0.9715345508655593,3.800530812608922
6044,1.135661127831943,1.0016335591756615,3.5380853497127034
6045,1.1058130415195886,1.0627545357936599,3.5830202149113686
6046,1.123216751974032,0.9049761631983702,3.5619823728613667
6047,1.1962753929435705,0.8635019571753682,3.6477400360843846
6048,1.048926018928868,1.0618922334414134,3.685772627216767
6049,1.0697008106476287,0.8420380305801702,3.716326103502694
6050,1.1782207529352968,1.121668579059036,3.646459360685698
6051,1.157004128484386,0.9769161047516819,3.784939182389331
6052,1.0845188243155162,0.8370941543046821,3.535483459645667
6053,1.1421014348587653,0.9431442294449535,3.5125723859096913
6054,1.1131811946403616,1.028438044072642,3.69455629203257
6055,1.1679066519466828,0.9365954416242878,3.5843101128528323
6056,1.093424679869714,0.9912088348165488,3.4616852933118674
6057,1.1378211493878805,1.062554445706036,3.543555318575484
6058,1.215514849371125,0.9676687641522037,3.586176441875676
6059,1.1102285868277204,0.8935236576610703,3.510711629350272
6060,1.0797343727181936,0.9566730919558672,3.477731585576498
6061,1.1103699007915895,1.1273980102005798,3.5385932207541932
6062,1.0529986356433005,1.1537633741335893,3.4661471713290997
6063,1.187712015462969,0.7826077031436498,3.5980349038109605
6064,1.074404239492723,1.0930469299947903,3.387444068115963
6065,1.048877462442797,1.0083031665254658,3.5457171979211184
6066,1.0178997765419324,1.0750313556973135,3.575390784104402
6067,1.1117422626751134,0.9269293913477366,3.521746928897675
6068,1.0974748448459601,0.8044974324483316,3.611423219228816
6069,1.0265194347436377,1.039118664431127,3.409112125217841
6070,1.0775191171922565,0.8859184974592638,3.4572796035888707
6071,0.9706161214645312,0.8405338540229872,3.4813935339020565
6072,1.0526780439570833,0.8468702677805663,3.5590653861977666
6073,1.0634914018373798,1.0381495281083057,3.513602558061041
6074,1.1236828619711536,0.9913515750010787,3.6614910887996794
6075,0.9972771775632656,1.0550015435198414,3.419286108743355
6076,0.9694414282950263,1.0430115138295493,3.365706402174458
6077,0.9861680325755144,0.9333601127930857,3.6138206496669025
6078,0.9617310344820706,0.9677560262701576,3.349446532278159
6079,1.0930522394816775,0.9230099784320542,3.511617848961127
6080,1.1013513529599201,0.9524717346333943,3.3715750865744516
6081,1.0376705555852077,0.8761302514001598,3.2770597090204645
6082,1.0805053476832311,1.0112558002443612,3.4052020381810264
6083,1.023960137740339,1.0790715235059456,3.4995698916754034
6084,1.0103692045878159,0.8892506551807289,3.3221415216940526
6085,0.996376625536493,1.0983918637744612,3.4580948956654054
6086,0.9954540249336001,0.9809704211824807,3.465013998621818
6087,0.9315701063553693,0.9930799724170972,3.2940835381164897
6088,1.020201262728319,0.798383356711865,3.3692907306794506
6089,1.0030420850527408,0.7869547419794085,3.5052324181361736
6090,1.0404391692071666,0.9814477035577636,3.4225334755961656
6091,1.0060019333127428,1.0453648038806334,3.3408541124620674
6092,0.9913876443897738,0.8986095006979643,3.386155429516336
6093,0.9542028626779068,1.1321133179869425,3.289142924926984
6094,0.999652638487684,1.037954337155334,3.4239688895381186
6095,1.031282238205046,0.8729838550096063,3.4147235122251858
6096,0.9355719202166602,0.9662605156998206,3.3260081051414683
6097,0.995524294922159,1.2102266592589583,3.325351775994706
6098,1.0012578836301531,0.8376358702915855,3.217441230572968
6099,0.9522011597245441,1.0140782166556972,3.1795251719213686
6100,0.9572539189210495,0.9283361469072646,3.2477996260043027
6101,0.9967634183182174,1.0306600376249233,3.2610760488710926
6102,0.9271919028303304,1.0860580061719143,3.3431223129269787
6103,1.00003327886516,0.9200675920451332,3.3218575332064
6104,0.9364876962396383,1.0699436135482197,3.252711979036487
6105,1.0331607204412088,1.1795342370670068,3.3229449342415127
6106,1.095716455160537,0.9634033081538466,3.141917453572646
6107,0.9346387789203279,1.0346270651821738,3.293199561030371
6108,1.0032831856080286,0.896456906376085,3.133320001083706
6109,0.9391765920229381,0.9567901259303108,3.285200700891281
6110,1.0265471065093863,0.9365603217712445,3.1743611680258432
6111,0.9102670937193678,1.0332854837240815,3.0049063855049503
6112,0.9966349598139006,1.0734239686687017,3.2124628214267186
6113,0.9280768537213446,0.9413557976522329,3.20803916235421
6114,0.960542901845726,1.1050488978621598,3.095922527766114
6115,0.9185519179555821,1.104057111141763,3.0918736469816563
6116,1.0104770444640494,1.035103917690279,3.0978922151222417
6117,0.9268121943069912,0.8981824889950623,2.945684970051706
6118,0.995606526603582,0.8879692814149365,2.899523918267201
6119,0.9501959784037941,0.867281470387036,3.181805000425417
6120,0.9611153415246403,1.0428040772112537,3.000693987063923
6121,0.9737103949121763,0.8260789350532349,3.20396061907083
6122,0.9277606049896892,1.0143082278305793,3.1540713376986576
6123,0.9759450688117278,0.8378826549763736,3.158698118349869
6124,1.041563982825916,1.0277177495238994,2.970169462313919
6125,0.9258087505284118,0.9464550637550855,2.8823837489319692
6126,1.0230159482041392,1.077467349491735,2.9129633025438464
6127,1.0390880076540807,1.0576197585631708,2.9530551294005374
6128,0.9231788083339939,1.086352068678473,2.7877743264381234
6129,0.8910830147856442,1.0882990450968633,2.928467422666535
6130,0.9788287367683504,0.9559523212196658,2.9392475787776293
6131,0.9363010212532936,0.8250824142154006,2.84072404747225
6132,1.0570880177721949,0.8350823166003631,2.8499543669614384
6133,0.9654304373605072,0.7310230883372614,2.904484264694551
6134,0.9236580232930737,0.8307150947427892,2.939601530904008
6135,0.9065336625108655,0.945338198042457,2.8288306994726153
6136,1.018556217990921,0.881864985467366,2.9125100163388016
6137,0.9357167629493099,0.9191918312003153,2.8891501010666962
6138,0.9667280203544792,0.9858523382146037,2.871069133880565
6139,1.0126329263813492,0.9055500913471982,2.804320108247814
6140,0.9409816286349604,0.82314997397856,2.739024849275266
6141,0.9632953640497811,0.9293861398330258,2.970680217093463
6142,0.9652060956349049,0.8442375259080979,2.874716071895474
6143,1.0006888484100034,0.9063854080330934,2.894140180549509
6144,0.9965932825268435,1.0671196521918473,2.7964476198026262
6145,0.9566290939147699,0.905169737954917,2.7795423622466178
6146,0.9714411511531769,1.108694750634431,2.8215173640472826
6147,0.950338794514687,1.0741417349725888,2.6251672050959547
6148,0.8957612231838595,0.8724271601680986,2.672529642369153
6149,0.9832809537645414,0.818625282623959,2.687722778899926
6150,1.0658144482181544,0.9238626245298036,2.705111512280435
6151,0.9278676428316818,1.043831611459165,2.661125206299899
6152,0.934295548482255,0.8788609515604247,2.7482449760089955
6153,0.9303486733977031,1.0180706914644697,2.7183547357576003
6154,1.0110971678952654,1.0474876921231364,2.813589144194086
6155,0.9983187481852164,0.8486235715861956,2.890487588936665
6156,0.9690387530282151,0.8578038827737129,2.5820949718395645
6157,0.9321799940737572,0.9960584610882883,2.6855561184751062
6158,0.9838591208192979,0.9393606901315571,2.676178340806368
6159,0.9022124063465007,0.8549538705497199,2.6542840899683644
6160,0.9888618383353249,0.8877264768999534,2.5596399199644173
6161,1.0265573563894832,0.9152774751445749,2.5641814655471853
6162,0.9217552967839949,0.7652293065513821,2.648049601377525
6163,0.9090668009944846,0.9976647879758236,2.5445805922533893
6164,1.0660852662232363,0.872617396092266,2.624476342232465
6165,0.9579890885953302,0.6415015393701837,2.5837220610488543
6166,1.0468810461458404,0.9168730205153882,2.6065344858053474
6167,0.9839330761133713,0.8444903556133899,2.5108847972929893
6168,0.9851270798971405,1.0869174731772002,2.591839291288018
6169,1.016779702251139,0.8588789323148112,2.5010071033982095
6170,0.9523355811782273,0.8070476862525859,2.576731804291221
6171,1.0048788689304526,0.966994285282313,2.6635745638961175
6172,0.9809398763139522,0.849545684361485,2.570004697670179
6173,0.935791670084434,0.8370346108422431,2.5677375944218954
6174,1.0205339092312988,0.9653205857130255,2.6003877159754154
6175,0.9923791503912051,0.8097143394916274,2.41591334783117
6176,0.9996191063489241,0.7674247334266842,2.6590644202225624
6177,0.9489289750847317,1.0851433342675012,2.4306242336858688
6178,1.0910143741040867,0.9698852482044887,2.579135245979447
6179,1.0573278448956864,0.8849066916359705,2.5623783590054674
6180,1.0637879393851144,0.9103725498907091,2.4244897031925863
6181,1.002435928670902,0.9606997621625938,2.571587541207343
6182,0.9334168221853352,1.0068405312972224,2.525093353137096
6183,1.1197291941179532,0.8333031214145347,2.6310381344642164
6184,1.0212751306077217,0.9449095713086193,2.4900631978328844
6185,0.9891757831433656,0.8570191729436878,2.46084567132336
6186,1.0497804638139179,0.8881865413837207,2.4234691293461545
6187,1.0896596372017902,0.9225494310005001,2.3204889516306477
6188,1.0325526347269391,0.9052081682478482,2.4299940778555813
6189,1.1000735852446122,0.9788289992940602,2.42906433397813
6190,1.0927723313881588,0.9533776516293134,2.467975064638675
6191,0.9873183658836171,0.7532491631096115,2.329227840846359
6192,1.0100003300096605,0.7676812534765236,2.4202133842205744
6193,1.0941561550317107,0.8658897973827583,2.4818863751054843
6194,0.9132749103209787,1.085122285050267,2.4864735337049484
6195,1.0440955003684378,0.8164992695076738,2.280489519019338
6196,0.982725697431711,0.880235276485413,2.482825518811199
6197,1.0331744833223064,0.8468224399099262,2.4038223451717657
6198,1.0448317419935866,0.8444524995588055,2.4061803159463473
6199,1.0446664679253888,0.9170812076565857,2.2294511139717015
6200,1.0378066384777476,1.0387356558540082,2.535927913845755
6201,1.0134383097498896,0.9436558625944036,2.4286151396825373
6202,1.1858013230691535,0.8171074199728949,2.290182864802764
6203,1.1675232997401677,1.1721853595765397,2.4411440084240263
6204,1.019025213112357,0.9041220215784762,2.4373142262458023
6205,1.1592462001089674,0.837945293170178,2.5063875284278825
6206,1.0632121858851973,1.0362801136765838,2.382836928171718
6207,1.092722853623062,0.8475668996239937,2.4077996687043735
6208,1.086210402074333,1.060169209670668,2.354843084277802
6209,1.059529564244474,0.806217845107862,2.453730865931762
6210,1.1448844581204765,1.0356898401435626,2.3430422533618103
6211,1.1051926295083039,0.9121966414761963,2.334307590849344
6212,1.0783084770494245,1.0206025686001639,2.4005467610819053
6213,1.0401752670349464,1.0810797827030256,2.3083230280397258
6214,1.064024284769164,0.7770487452406941,2.535181400869846
6215,1.0299645874258638,1.0172933145217145,2.562007518622848
6216,1.1160042431103667,0.7482327955858113,2.3725499707331057
6217,1.0589488234449047,0.7838121992518736,2.299115432839185
6218,1.1089223268170325,0.8075975324483164,2.438370171452526
6219,1.1941525506600903,0.9377103803355482,2.3744672840401995
6220,1.1890880394984757,0.8900569370777832,2.5087944612008175
6221,1.1310129546200043,0.8694507677480521,2.35382336516268
6222,1.1318040724701612,0.9001973246974585,2.4625206627413117
6223,1.233710949211235,0.9441125699438252,2.430431671272191
6224,1.1693409739507605,0.9512186309539327,2.3697505113495305
6225,1.1305254513048348,0.9932211027305637,2.4457798626666416
6226,1.0792537591861422,1.0652188938570266,2.499766574495924
6227,1.1739131225741273,0.8804905612875648,2.439521973688771
6228,1.1993759716369,0.8299296805486422,2.4436273235012322
6229,1.130042669052961,0.9428043599274339,2.369470904702758
6230,1.1799255998571248,0.7664378273855366,2.5344557252233466
6231,1.150951379797317,0.8124058492987392,2.53028365653821
6232,1.1637169812050918,0.97962770188099,2.4178486332108506
6233,1.0523396351718095,0.8666905054649248,2.444894532239572
6234,1.1694769886605083,0.7576982235284866,2.5722881914106703
6235,1.2328926299271554,0.7289516796975916,2.3729443061721103
6236,1.1567345270488105,0.8822185612353165,2.5166167342467056
6237,1.1948334438971253,0.9909518439865305,2.428390194449112
6238,1.1583336357515617,0.9890324547087409,2.6202907227639374
6239,1.2180984675059003,0.886682003323203,2.488242547063898
6240,1.1932161932929146,1.0759013601747114,2.5892740202056173
6241,1.161066590199398,0.8639452357957654,2.4329665268688982
6242,1.2786624848624912,0.8599877528091413,2.399568813513211
6243,1.2625072701059241,0.6165185553094075,2.4864354738278385
6244,1.1898601843766654,0.8279438706181349,2.5320600111956604
6245,1.2490584658791477,0.9573000761339207,2.4761970813147576
6246,1.255121430623705,1.0279135010372362,2.583868807294392
6247,1.2644655001866625,0.7879130860337985,2.5126919245994843
6248,1.1517546532425027,0.9165813514620182,2.369389662787956
6249,1.2909317583027642,0.9744639777221844,2.586675425030369
6250,1.2162670100851454,0.8703172323337464,2.4785196628167556
6251,1.2310272007411291,0.6402891000952672,2.5269902018529633
6252,1.3849950031436276,0.8927672606913284,2.6870838823108008
6253,1.2723921467011141,0.9436028238207022,2.711690523207035
6254,1.2421947235158741,0.7721393581311626,2.530971845415193
6255,1.155472867667716,0.8408884660447122,2.630490205987696
6256,1.3394664617967866,0.750176971442395,2.5474481325741154
6257,1.2069719290331236,0.608134862087738,2.5761465285671115
6258,1.228327671020934,0.9672734839259959,2.5582006240203863
6259,1.2662118070889725,0.8636219994232018,2.4763779848331553
6260,1.3578919744305726,1.0231885465286576,2.629685728781224
6261,1.3300370573625144,0.9485778438462511,2.6529798236640723
6262,1.2877981182706082,0.826849609773521,2.5841775899817994
6263,1.315430346181987,0.8533778644454433,2.7328944290157846
6264,1.274332570883008,0.9177393970247029,2.6190766004573707
6265,1.3156805644810574,0.9572361098358125,2.611152867000469
6266,1.3167202012487453,0.8922413239126807,2.712488003305281
6267,1.365856348878422,0.9699604502564662,2.555258529035371
6268,1.3701498019356468,0.8291615189051833,2.7595763595044085
6269,1.350870902891497,0.7585416764406965,2.6632972628745963
6270,1.312443433834284,0.8512031257569257,2.7830984213199335
6271,1.3720478871858606,0.8776309413733565,2.8155428473509168
6272,1.3347610347892922,0.7363876949513907,2.7722898093214265
6273,1.2896726914672103,0.7222981888212454,2.6647491666703487
6274,1.3280187788568887,0.9001385701251405,2.63831044842207
6275,1.3568296228428387,0.814194178760411,2.6323576604287067
6276,1.4025390539706895,0.8376760766753066,2.8440554122818726
6277,1.35228127194863,0.8177215836866776,2.7538062712713813
6278,1.3054311235688856,1.005182002866504,2.7254449381375694
6279,1.373165022359268,0.9787294703284142,2.7716292144096184
6280,1.3804406569937024,0.7282498057963446,2.8774753092097676
6281,1.3885022278151284,0.7981380526636557,2.8621673534706265
6282,1.4296485246316468,0.9358503783478345,2.8437999594017493
6283,1.4390473605879994,0.9104765309959223,2.8686063884689594
6284,1.362838087945509,0.8455704446908705,2.8408460704467298
6285,1.3661896106120248,0.7353899317173533,2.8594548462043385
6286,1.3494352544605155,0.780330036288343,2.861814082790471
6287,1.4408341700195169,0.7963417499874655,2.8529621748753224
6288,1.4827819138131835,0.8751527825895298,2.92205675199462
6289,1.3990331946527466,1.0172612843288158,2.8994899481654683
6290,1.407160541616178,0.7776361411566849,2.8089075099552967
6291,1.4970139081154794,0.7431566118004663,2.9304248225094867
6292,1.453392850541556,0.8343378366870968,2.9166136655765866
6293,1.4543639236649137,0.9478071058780936,2.954430931129969
6294,1.3774400325554195,0.6993820099999646,2.9058262480368575
6295,1.4753520558402011,0.9888711957552494,2.98770405290414
6296,1.3993842414762163,0.8257424933402683,2.926407351754
6297,1.3935606037934716,0.7689518528470943,2.9977349210189193
6298,1.4373382745587922,0.6818035223216496,2.911756778511149
6299,1.4297966809473963,0.9119135004026876,2.9256857355878707
6300,1.452409557724915,0.8235836494932103,3.0131596146937007
6301,1.3958369863644804,0.8572110368943535,2.94671689829319
6302,1.5202162486845279,0.7494994075150921,3.157914984003057
6303,1.5330414929101437,0.8071114443353906,3.034888073212679
6304,1.3836637194555943,0.7898037621675411,2.9996092611648795
6305,1.534318859901372,0.8278437879574573,3.0711694803868954
6306,1.449225668147074,0.7703894499513508,2.9750005075573034
6307,1.5369475529713714,0.6833685427670699,3.095085526107475
6308,1.4950132181937916,1.1090789415174993,3.1005608634356476
6309,1.5042007226171135,0.6993312420634663,3.1368272454717916
6310,1.4978226440184783,0.8532606387104942,3.008783504285369
6311,1.571988295872557,0.6573553975549781,2.9536311650770877
6312,1.4536950189456606,0.6342972500314874,3.009933407905406
6313,1.550346843890161,0.8432288268419807,3.043402311004137
6314,1.5792891159120246,0.8503274908175905,3.2063843413762028
6315,1.5642943167801813,0.9584855556786771,3.2555674375524464
6316,1.6489534401871282,0.8717356351846602,3.114379681736374
6317,1.5104983682123363,0.8162455433735977,3.0942761352521497
6318,1.5890237443552244,0.7357126244408285,3.0721252722079737
6319,1.540051909531097,0.9800202584576935,3.172557867242948
6320,1.6112093819817863,0.9224509479681852,3.2880025767728207
6321,1.5533215230811948,0.7043800160130795,3.261983258089589
6322,1.5384628968486078,0.8322568454839645,3.216215195684113
6323,1.6272943896501557,0.8423135728951979,3.2209630257472215
6324,1.5415297201087967,0.7927912291209086,3.203462421690949
6325,1.4995710760771277,0.9039902561151381,3.1387274690429083
6326,1.5484466431228494,0.9094275015912542,3.089071524893287
6327,1.609303902815578,0.8066549654220008,3.1516638387159763
6328,1.6519986766176449,0.7970663250481831,3.1922960478773015
6329,1.591978478902529,0.9744991770549307,3.0472418833087445
6330,1.656337496186476,0.9173376676750127,3.1561615874643265
6331,1.5265044669496655,0.8307406313263762,3.1070270400787314
6332,1.576215125343685,0.6600348683263357,3.2587494973309425
6333,1.5878937234699184,0.8568073285217825,3.1380404283419803
6334,1.6005173657104548,0.8916675755543608,3.2124817361838787
6335,1.6143511751518018,0.5458593426648537,3.1342594684681124
6336,1.6485709691442478,0.8459510918059397,3.321941921557369
6337,1.5956414799008964,0.7785479545480888,3.0617562024057268
6338,1.6286666819901912,0.7975850960092028,3.2393987342033137
6339,1.623269146777757,0.7283861638383456,3.1024877392077665
6340,1.5830170523514493,0.803759429222073,3.167078899348621
6341,1.6273902790302972,0.957231978840947,3.2272961965148954
6342,1.6296281120440719,0.7728477978717951,3.2340225142990047
6343,1.632269546274213,0.9135001934910549,3.2345433592286
6344,1.6457986485095915,0.7357652686678844,3.2307638716232017
6345,1.6516556757431742,0.8917299256093008,3.16951077018967
6346,1.6298923938752576,0.8154761702956708,3.2097795076308726
6347,1.7187514864885662,0.8499697083624557,3.227289773369488
6348,1.600223372469849,0.8149395539621088,3.242051779457528
6349,1.6262032267898519,0.8778441163427615,3.2226398999146513
6350,1.8047765354762444,0.5563808076878224,3.287539410157103
6351,1.6173773246616376,0.6706148759132653,3.2377264533002243
6352,1.6050592379811992,0.8537639059921275,3.247249482337487
6353,1.7129120572745369,0.6071608306476073,3.201222904052775
6354,1.5757442753036779,0.7579158009916762,3.148134468735618
6355,1.6712190536324791,0.8049992834047279,3.2449492572141816
6356,1.7936265460953207,0.72707924489172,3.3293215591355505
6357,1.612410763343846,0.740197369480822,3.2681350232125568
6358,1.5938509459660264,0.8359723405754327,3.1669277576366213
6359,1.6212507174400335,0.909204586420884,3.29700818463217
6360,1.7443570080522321,0.7118914822336391,3.2043216304111235
6361,1.7588754139439207,0.7496922892505775,3.287405453233869
6362,1.6801726371268215,0.733534058801533,3.1996316322622316
6363,1.743095804579926,0.5639845867270709,3.256101992987345
6364,1.7815483273622426,0.8197565050038182,3.184859938891729
6365,1.8044701915598012,0.8985202226501212,3.185197987751065
6366,1.7058200171650613,0.9061762486933883,3.097443855239628
6367,1.6060633768304686,0.7168991277731244,3.2616147044585895
6368,1.68305914307226,0.6782701553431578,3.2479670426002474
6369,1.7056946281462482,0.8050650668167544,3.249975221515556
6370,1.7169849495994272,0.8852967894231095,3.2351947013225946
6371,1.7234009577755431,0.8173197309150226,3.149299445256472
6372,1.791565370455663,0.8302307713598668,3.2844660182022936
6373,1.8021331399134097,0.9149493783681035,3.283335264780436
6374,1.7325831736503514,0.7263189633895396,3.1373778371905763
6375,1.798809995666325,0.7777023000223917,3.2393366705048887
6376,1.764451175035929,0.9626269046648278,3.26290297683723
6377,1.7524389246881749,0.7789526411630171,3.15124085301797
6378,1.7971492265506699,0.6713678118085428,3.160920159495543
6379,1.7580055995388872,0.7306340084243852,3.222896895009473
6380,1.859816836360003,0.703220097046904,3.054718073374797
6381,1.6875010213759818,0.8322231590979299,3.0836529267963173
6382,1.7361200824407388,0.7063813725307793,3.0865568373646597
6383,1.7579712031117163,0.8225490243047927,3.0168542871598487
6384,1.7886495071531783,0.7213089568250048,3.2419933760090074
6385,1.8324155608200756,0.5820478577954299,2.990605773405066
6386,1.7700989500205027,0.8245182763499571,3.17138458236827
6387,1.7024691587150338,0.8081736046480004,3.2029729289463096
6388,1.8179282664351641,0.8445743094956379,3.1084781281862623
6389,1.815732358620693,0.724971449794585,3.0722509326080973
6390,1.6830330089574623,0.7137877200816192,3.1379313085405336
6391,1.7820366883928067,0.8313612012575784,3.112865263630766
6392,1.7047799508726167,0.9425891721052977,3.1862470417848705
6393,1.7530735957279717,0.7912770666621612,2.888768552445484
6394,1.7431435440700234,0.832092177357925,3.018475107492451
6395,1.8306835716069847,0.7569486523006315,3.129659563419032
6396,1.7979564770987542,0.6342184722602479,3.0813735985566346
6397,1.7296881185599493,0.8847989205481266,3.129950110624444
6398,1.839781522718874,0.8783722069735561,3.083046298008773
6399,1.7258561365484633,0.8580833400283728,3.0434534279789713
6400,1.8157777632813346,0.7682868979029546,3.022050065517671
6401,1.760254429008322,0.845662905484714,3.224094087426822
6402,1.7843110438725758,0.8748096783376731,3.15260053068141
6403,1.8294052261134126,0.9469259192641585,3.061021833323967
6404,1.8318176172244371,0.8832395622517542,3.019099499906422
6405,1.8741035443241396,0.790246323925332,3.0471812879428524
6406,1.8046086551450928,0.6525164738985915,3.061456109036517
6407,1.8254662645031077,0.7983855753791872,3.0198675374189574
6408,1.7896351982038188,0.8079557792878279,2.9171796089160957
6409,1.821955697546259,0.8526796590136422,3.110859213002836
6410,1.8361202798055818,0.9166448566493848,2.978486278593212
6411,1.8104757371132691,0.7712199559713501,3.1104814938229794
6412,1.7264042830763218,0.9903134096116744,2.9548058753501247
6413,1.8343211076775974,0.6037660188417382,2.9105416631785657
6414,1.8370864266285385,0.8211092848383911,3.0311812649633647
6415,1.7859153641758794,0.6988037814203146,2.934700844412276
6416,1.7567251322617492,0.5874146897855924,2.911338720696624
6417,1.8957135185170582,0.7574408670789425,2.79460150422866
6418,1.8474214188542188,0.6313827954292968,2.9333240608557882
6419,1.8122790585444566,0.7604393814084643,2.8308316589330738
6420,1.7677197007984173,0.7795415471091897,2.8241805301229967
6421,1.7842729946661353,0.8874015592389595,2.8103884004508597
6422,1.8912396960793527,0.6242720455223457,2.874308331389861
6423,1.8336936597979918,0.8653585607147306,2.7058373959622064
6424,1.799935444217346,0.7838059185580234,2.8012140503501564
6425,1.8535572487832308,0.8763669622699619,2.8858542607221085
6426,1.787914533507068,0.7297914465546593,2.6970685819214055
6427,1.9041918318417428,0.6392269660709051,2.7997862714183177
6428,1.8972584467366784,0.6501866961268977,2.724625426220101
6429,1.8067118833820102,0.642241430465966,2.7319747879640355
6430,1.7989825985515744,0.8186894810632497,2.8857705979977295
6431,1.699838266326692,0.9180865005569804,2.6103666915489243
6432,1.756947933495333,0.7133857206317931,2.792666815535715
6433,1.7642887033229218,0.832281320254188,2.682159780913713
6434,1.838210051720641,0.6165108436871951,2.667129620886403
6435,1.8152802677579463,0.7863747752042023,2.6093414561755686
6436,1.7644196304271713,0.8346868541915353,2.7474810982706215
6437,1.8176756505030793,0.6225063985595399,2.6607424031885856
6438,1.857001121053908,0.7464191537492697,2.63951381454491
6439,1.8580795773452181,0.8378881800591862,2.66257786078251
6440,1.7366103537460673,0.4724087072272764,2.6290264161334567
6441,1.8250398448116136,0.8988207244092372,2.471451775839999
6442,1.7620980102061816,0.8001333422394273,2.5811012316462096
6443,1.8761163840896273,0.8359284957290644,2.6808697362408616
6444,1.8699550356974668,0.7224744690140876,2.4775833809375762
6445,1.7855169849156538,0.5909651541961181,2.4998108250314113
6446,1.7917395881305471,0.8161350426200743,2.5417746156539125
6447,1.8065548780992637,0.7539613980730201,2.5068030132696655
6448,1.7165078380311025,0.7649239985488439,2.55158386561415
6449,1.8454281074942214,0.8699655124553283,2.4553611974242853
6450,1.8144226003371653,0.8369039005647769,2.500806370647445
6451,1.8759616769823055,0.9523142922183588,2.51706125840646
6452,1.7718735568356019,0.7750693485901073,2.561924752293117
6453,1.7951320029131101,0.6900563947543183,2.5987478768742935
6454,1.75000910047643,0.7398300040855262,2.4674465502406724
6455,1.7743211761797644,0.7997324134606583,2.628674988473859
6456,1.7645901256226864,0.859246452499207,2.4522357382090023
6457,1.872594667413368,0.6104524665872951,2.5226379564003607
6458,1.7869429476304244,0.7575050208940706,2.600294098408996
6459,1.8270782457285402,0.9171011590144381,2.44643314718208
6460,1.800798148512326,0.7316221762101396,2.314994535985374
6461,1.7552834240580264,0.8482406546384664,2.421814069469602
6462,1.809215626618185,0.803947963331875,2.3553560056275833
6463,1.846413451548888,0.8497193481153749,2.3721627753920878
6464,1.7548517189270751,0.6726546453258485,2.542833224866742
6465,1.8544305924224638,0.6725882794492384,2.2762231486210656
6466,1.770178130836609,0.7546537173617464,2.3881856670498056
6467,1.7871582679215974,0.5989027656198991,2.2841331693013682
6468,1.8364390792058192,0.7246496341549425,2.320042700289787
6469,1.775284858383056,0.7764104450948411,2.394652520615535
6470,1.808841554209265,0.9290857583977764,2.351036760670101
6471,1.789688938659337,0.790393768599184,2.2982116235895984
6472,1.8103071997818851,0.8121448821164603,2.2549760780443067
6473,1.6831719452180423,0.8655700382564602,2.3231108418307915
6474,1.7090498282506672,0.6521574461275883,2.4254257866155124
6475,1.8296123456185849,0.7316160229670667,2.2078138852568694
6476,1.8489083445473193,0.9901669650713223,2.4240943698429827
6477,1.7497155700580949,0.7392152326173536,2.358491347388306
6478,1.7811846245034122,0.8582726107555556,2.3635841816851473
6479,1.8062238059223275,0.8425057364515376,2.270351873341363
6480,1.824206351673011,0.5978233217665616,2.331148931348003
6481,1.6861752307905433,0.7761856967702367,2.1486760392597266
6482,1.7412268710519037,0.759315923326833,2.168008521052503
6483,1.7668260458811587,0.777140792878667,2.2749348448645863
6484,1.8164946792728127,0.6682377348349159,2.2297059201715665
6485,1.90409855621534,0.6314614308528755,2.1866900163489276
6486,1.7655730057846144,0.6950571115624801,1.9910296862837726
6487,1.7043777703522913,0.7323836714469028,2.149236984980024
6488,1.792550687989283,0.8601670053564229,2.0831479966493816
6489,1.8361552060449735,0.922905361640504,2.209715657010679
6490,1.7731319535558183,0.8803401127726161,2.1482655441712337
6491,1.719982560707149,0.826205226902107,2.106788810930147
6492,1.8107565503004321,0.6392593862394692,2.3621493799906825
6493,1.7935343437457631,0.6983108303686243,2.2276061226571007
6494,1.7065117982913802,0.7597004170405638,2.223031503735366
6495,1.7743046950994206,0.6749716002379319,2.3089243956366037
6496,1.8024732945040531,0.7954440896404216,2.1912857306558617
6497,1.8090403846179237,0.8092804834322664,2.0599768211222425
6498,1.743918804992602,0.7903695547412178,2.0453454631413375
6499,1.726592402157184,0.8387630122585185,2.1884763501216526
6500,1.8030751843473605,0.6452997609715773,1.9416272539531763
6501,1.6783788376339024,0.8285514102961887,2.095430707757716
6502,1.757951704364458,0.6652139792050633,1.9234280567433282
6503,1.6646180537297843,0.6401952398511536,2.100679219974859
6504,1.7834458769728252,0.7870110857830448,2.1569411766844966
6505,1.7142937675255707,0.85489779196638,2.1070039069776993
6506,1.7876057593594563,0.78162307368192,2.1559269395434266
6507,1.745689640542287,0.7344137424179666,2.2344853436208827
6508,1.6568625276818192,0.7628606631287527,2.0624315560410613
6509,1.7861218778560937,0.7450002380678011,2.295337478340039
6510,1.7892824103715856,0.6182750474378151,2.0847459572648237
6511,1.752627123134253,0.6061210381783284,2.140869411372132
6512,1.6671893480615088,0.722013704961642,2.0134525965664647
6513,1.6866875772027345,0.7373955411204499,2.1894822835407526
6514,1.7059430633550652,0.7300569841969956,2.141072179575992
6515,1.66013381088366,0.796048120508038,2.1734487370675803
6516,1.7765487991403284,0.7064048240596531,2.0582896703588998
6517,1.6957247591975646,0.7837652739340675,1.95189227398128
6518,1.54988314149764,0.7125238623972688,2.087753699883048
6519,1.6985259071644556,0.9088339418232547,1.9139565126577505
6520,1.6606236086078685,0.7340852476699792,2.0218194182531612
6521,1.6707246301304854,0.9596022882004742,2.0631968384865207
6522,1.6524459184859348,0.7602476606653665,2.2374842685768206
6523,1.707601921016981,0.7031955812487336,2.072385720854008
6524,1.719573825722949,0.6341356194610075,2.0578596259149604
6525,1.6740493967085364,0.5793090002741559,2.041647745673182
6526,1.6392062915615888,0.6239713914323195,1.9395152385283272
6527,1.6503482621568892,0.634673072532278,2.0541386755363438
6528,1.649606885762712,0.7616341102371834,2.056090632802885
6529,1.6046860516701473,0.66905429679374,1.9711553703192133
6530,1.669903859348914,0.7398825856016064,1.95468428218207
6531,1.6600790023957337,0.8489070835590706,2.012273159165908
6532,1.7101883581254578,0.7114480994483948,2.0573624085293534
6533,1.6919935134549853,0.9276646118507995,2.017125461502501
6534,1.5909726960096107,0.6016881712508687,1.9714137732065526
6535,1.6622728410020198,0.7037315614032076,2.080570431191344
6536,1.5696831732253385,0.6643795902977113,2.1026724324651127
6537,1.6479721869695687,0.8114828289319119,2.0715896215448115
6538,1.5832618135972834,0.4933746099935318,2.0193568025632542
6539,1.5538193915515708,0.5725641676402067,2.11467775188919
6540,1.614846824947298,0.7056632564521678,2.054726438068578
6541,1.4629520735329515,0.8710582713365853,1.9779039675845154
6542,1.5049412842697492,0.7380275613646391,2.159172065782932
6543,1.5793992593737494,0.5798118292346037,2.1079738685944496
6544,1.588154289269599,0.5947734298550567,2.0737477433615137
6545,1.5612995685265532,0.88131289142279,1.9613796671122266
6546,1.496502361433456,0.651424590612418,2.031421065540215
6547,1.530264023911423,0.6187661997288559,2.2566123224311267
6548,1.5863797019378205,0.8603245764354037,1.9787459073131934
6549,1.591545535646161,0.8132221210349895,2.08375839441595
6550,1.5572595092648902,0.8390438014013634,2.1071771597290745
6551,1.611503995624019,0.6161593819299906,2.1389021630671774
6552,1.5691016418317059,0.5581790548097341,1.9984302904482636
6553,1.5074067562817284,0.723532632664103,2.137235524390209
6554,1.5262808727114903,0.7432552775034212,1.9936654625638217
6555,1.465668218082883,0.7457298404759561,2.1417531380132933
6556,1.5258896694087278,0.856615364809763,2.087321775595924
6557,1.5823667157086854,0.5349478884063157,2.075946003641763
6558,1.55647166015004,0.7938220435091385,2.217847276820593
6559,1.5877339332980283,0.5977182895379914,2.1382013914502727
6560,1.4978967924104365,0.7924828960036444,2.2010735175218694
6561,1.5757353469987059,0.6589425776122106,2.209985435916258
6562,1.4941366041911446,0.6245702665946516,2.2774310975700187
6563,1.572735125830558,0.644506687371458,2.0856996248857786
6564,1.4934001326889401,0.5604657634256127,2.262533746082267
6565,1.5251751253016197,0.708599816268755,2.1971053769058497
6566,1.5588736973436763,0.6268200351379234,2.1724349724573546
6567,1.4707356056670087,0.7822479621402914,2.117758711241456
6568,1.4866001810420097,0.7671548247190342,2.2653538951438357
6569,1.5353829368646474,0.8714963119822747,2.150287289329424
6570,1.4595343850633198,0.7388450574248602,2.2728358017010244
6571,1.3953709063812185,0.7538121002518878,2.3930877637387664
6572,1.5637835074336977,0.8412866310861673,2.3248100587013454
6573,1.4283496814360155,0.6380430183387443,2.365374324204165
6574,1.4549680330916168,0.5515164161679451,2.2042804517831707
6575,1.5000109273934124,0.71988490413515,2.3306507529436535
6576,1.4069547624374394,0.5571457231287213,2.1860126181236303
6577,1.3821438900917342,0.9443368200190387,2.26687169349537
6578,1.440371408454468,0.8440269752520559,2.43293175002563
6579,1.3331678777887732,0.9144092831262802,2.25315772861687
6580,1.4035539117040932,0.7037911614418071,2.3989204601771106
6581,1.4253194990797562,0.7521389471456877,2.399558557342873
6582,1.3946796234752619,0.6506694783943481,2.4126451899692163
6583,1.3261060964052833,0.7844452455699488,2.23372522045484
6584,1.478081211007729,0.5741344966290691,2.3855775369523573
6585,1.398635607385185,0.4409158609046401,2.3395624006107996
6586,1.46009588223136,0.6156907889101845,2.447747737241648
6587,1.370609704751872,0.548751483087289,2.2368906478640973
6588,1.3346782981940783,0.8416287926322233,2.4073774845290288
6589,1.3871999379411262,0.8749414612631703,2.4047654030296317
6590,1.3580086210721491,0.5526187134188036,2.2361802036732845
6591,1.3049625575369654,0.8216213942779468,2.333319341794981
6592,1.4323885413403101,0.7871268524971008,2.266529530259421
6593,1.3228310379693922,0.5345495138467279,2.363643357072674
6594,1.25697345162448,0.6520395647424714,2.4745165777692675
6595,1.410434775045682,0.632589388280796,2.455049254687504
6596,1.3138492318308432,0.7649450499494875,2.461822187263857
6597,1.3037090364235953,0.566807631321135,2.373945881745313
6598,1.2408658679286515,0.6793386666974868,2.555618697657433
6599,1.4112167354788476,0.6201731480429182,2.47333139039706
6600,1.2547299233191718,0.735641692069339,2.486380955696487
6601,1.317161076046702,0.6661696517694652,2.567753685917953
6602,1.354905105483109,0.6338658714622651,2.422036522072009
6603,1.3253967416000363,0.6656026767180181,2.5284318707665374
6604,1.296366783405813,0.8900788152934292,2.5528063430413237
6605,1.2093070887492594,0.6443270712254744,2.484038643944818
6606,1.2489477811572602,0.5814593207335013,2.588598217491149
6607,1.2938709196068143,0.7434463118952178,2.5832680038379623
6608,1.2401727970788277,0.6702939049452803,2.545655435524788
6609,1.2847542689393803,0.5426666999961711,2.5517866251965633
6610,1.303732938290586,0.9068837518828046,2.612805433855994
6611,1.3128355393006144,0.6480305529654741,2.642512147981501
6612,1.1984716878243953,0.6450361349689062,2.5929253583107976
6613,1.3646893305492729,0.6983515518736895,2.6859096378973977
6614,1.2883139558274828,0.854924933196287,2.6573160727526055
6615,1.244944307211401,0.5134842662885968,2.469831000197729
6616,1.2946044120211966,0.7086032294182321,2.5087213398491444
6617,1.3535035566516282,0.8892780088599643,2.7238239527078325
6618,1.1584112402339497,0.6929701114260204,2.617558734415934
6619,1.2142071565445556,0.5561105983586142,2.658409811518704
6620,1.1016811885107098,0.617351365993813,2.7443102117971705
6621,1.2253777428926953,0.6994266611291741,2.660457748100162
6622,1.2291676566153704,0.811366458242624,2.67166460128484
6623,1.2041034711580163,0.6439004422226595,2.606802730800875
6624,1.1685098546126451,0.7600474676527154,2.7134203326108404
6625,1.0939475560486072,0.5333939675087955,2.7381598129519356
6626,1.2102989747542938,0.5321078764161579,2.6523212884157514
6627,1.2596057499809554,0.6277488083270091,2.6319946793622395
6628,1.1525080299528616,0.8193812136599607,2.922952299749158
6629,1.1993005319596484,0.6820155699581937,2.7123941727676635
6630,1.094143021220783,0.703659290154608,2.671990827412921
6631,1.190678171565125,0.702036494603404,2.7899509668535054
6632,1.1434307252234117,0.7846999974099672,2.7359736853102223
6633,1.1202767632866546,0.6123080934601848,2.6596612771134662
6634,1.115693255725075,0.7417099363833305,2.79152141030912
6635,1.129361047709457,0.5893447210279537,2.690848156550541
6636,1.1635103479306403,0.8703121137436188,2.891298406317236
6637,1.0741448963989282,0.5914978971198934,2.810686400542391
6638,1.1152794342077965,0.5828505351006232,2.7547773574127836
6639,1.128461975588921,0.725609202878209,2.7913320334698386
6640,1.0710026339786942,0.6781741188567757,2.860355802165179
6641,1.2112259988906005,0.7024338683883539,2.808327472561136
6642,1.0741756653498349,0.6920336570262773,2.968423887819514
6643,1.0788562933642152,0.5598170047787767,2.894573291800818
6644,1.0589108806955738,0.8297463620193879,2.847602962862189
6645,1.1932692994870728,0.7573192312236003,2.7383652970089374
6646,1.1265308876708096,0.8034148441579998,2.8061398734920293
6647,1.0476181055366554,0.614241895192344,2.860602352036509
6648,1.1453435441489774,0.7082827701247836,2.760697333871369
6649,1.0956737721565244,0.6859229897068112,2.934064599272082
6650,1.0941314185770068,0.7785424300163098,2.7565502907648747
6651,1.0596982617619206,0.7813233003773568,2.7872234637373023
6652,1.0351285856322034,0.6841601829766696,2.796760494370391
6653,1.0851892620245724,0.5126169004741638,2.904615689456591
6654,1.0367728958466604,0.8419354086391281,2.7839007173350527
6655,1.1506164837743373,0.7191254646686853,2.7073022543939937
6656,0.9920911507268569,0.6022408134306452,2.941165440434416
6657,1.1281665186753123,0.703296822370758,2.8212089986667332
6658,1.0416220910865435,0.5110916391810022,2.773730961040843
6659,1.0579984597247385,0.7672949805670886,2.8010872219677596
6660,1.0805853908205365,0.5141974733012202,3.0008925624115395
6661,1.003325958507773,0.6387944663539884,2.812873697235211
6662,1.0739897532308094,0.6848829220703416,2.857262198051874
6663,0.8913674378885655,0.7638813033878645,2.8328802990024378
6664,0.9867412297863456,0.6702119482451196,2.771329496096038
6665,0.9725628114118816,0.7226142095116331,2.811639375655718
6666,0.9521454536168392,0.6558619657954283,2.767887275761822
6667,1.000157756626618,0.6550210887820413,2.9491694399353596
6668,1.0263080648783276,0.6663487286983667,2.8812954081664386
6669,1.0382993368337288,0.6384568237213795,3.0721679370669825
6670,1.011387023580311,0.48826749580272666,2.816971390592239
6671,0.9622668125059578,0.5796543670119247,2.8049073514621705
6672,1.0102424286755478,0.6805266885353596,2.996049835350911
6673,0.9942782002483058,0.6306998836953551,2.9575207090586613
6674,1.0311715838590727,0.6395941468291884,2.902997580196794
6675,1.0195533821732292,0.6224030502955837,2.7822550378918427
6676,0.9786014080567048,0.5679422311532125,3.0098840791113983
6677,0.9286196000705308,0.6045560683166348,2.8632501507069925
6678,0.9372733789194525,0.622747074570403,2.833098475450854
6679,0.9389043756874349,0.6535090880719006,2.9573235325920733
6680,0.9471381485140605,0.6918974236930502,2.8622378066557954
6681,0.9728466132786189,0.6340696654123632,2.768703156014775
6682,0.99178078038524,0.5487245640197617,2.862917369832441
6683,0.9500797711807374,0.5114475703252424,2.7947231575347202
6684,0.950091596341339,0.9105654692297818,2.613823698493786
6685,0.9531366561353551,0.5374065088950628,2.781176738110338
6686,0.9168987150935511,0.5980920642856896,2.8064405925215263
6687,0.8931839831665531,0.7012214360228366,2.7529577997685934
6688,0.8484786077970273,0.6851745967635173,2.8879840298556423
6689,0.8983275449108001,0.7007425235824171,2.7761292347950284
6690,0.9536147077005196,0.6039519541838985,2.8727667473878506
6691,0.8917225022378672,0.6716474631113428,2.731802591979257
6692,0.9119268793076578,0.65349430528916,2.898990280381703
6693,0.944126767796694,0.6157153726441691,2.7197290655847657
6694,0.9438667591588734,0.6710383416324489,2.629931746059635
6695,0.8609221209168907,0.7516030675195766,2.9114546869933533
6696,0.9618578945473376,0.6434159230308474,2.739036122535813
6697,0.9655185602356733,0.6436509494892161,2.942911872656419
6698,0.8498449356922894,0.7515917745784495,2.842192398610658
6699,0.8623724755347643,0.7404819998769855,2.8547328636473313
6700,0.9603865312618836,0.8023101871717002,2.8694573511244026
6701,0.8907980526813978,0.4678643849927827,2.788964472640123
6702,0.7845018784450538,0.7335704781174821,2.7838298437277444
6703,0.8228983208977556,0.7027880015043789,2.870194569781681
6704,0.8778473621458165,0.5536364799657949,2.770206707238932
6705,0.829639234698042,0.6669325197409632,2.6964853402910816
6706,0.8646380244591186,0.7464581961496147,2.794874600215031
6707,0.8844894326808594,0.5580027076006976,2.572032069545783
6708,0.9535855614856168,0.6847477060796626,2.839635372972809
6709,0.8635963778690884,0.7271999787415111,2.8340927886613647
6710,0.9294356677424425,0.5325360873794591,2.8153402709355717
6711,0.9449795759386399,0.624983191135877,2.804742756005119
6712,0.9430337473723108,0.668882598886543,2.697548369491837
6713,0.8833766113214159,0.5587468954147099,2.687919150450361
6714,0.768839175028649,0.5500192945219406,2.590106503134967
6715,0.8879539664566402,0.6240050062338137,2.820200336154912
6716,0.9152863509299473,0.7172485734368073,2.6332930555057144
6717,0.8568113753889182,0.7010334203407181,2.6908838028590143
6718,0.9461372328073895,0.5500944487379618,2.67547896822043
6719,0.8999881498453688,0.7010284943746957,2.5392510351465942
6720,0.8835438817584604,0.551793995035998,2.4981096594887573
6721,0.907628478597126,0.47394754203749234,2.6292026136028457
6722,0.8682028305825275,0.5978269961227641,2.5834032617548885
6723,0.7251645441926344,0.746415403795102,2.603376077894975
6724,0.8231648556618196,0.6992919170901469,2.686473972601528
6725,0.9063431038089005,0.6331163580207871,2.609831628729522
6726,0.804514357420521,0.591180948736014,2.643002257996693
6727,0.8321759969443759,0.5934535230878326,2.608323398308476
6728,0.7896101285161236,0.6428867479698047,2.5376628250919273
6729,0.9295971639956051,0.5247433103759607,2.4729968807867295
6730,0.9230716543019188,0.5963554067226022,2.5643927697285953
6731,0.7934466255350877,0.609188557907239,2.539907101508396
6732,0.843695180660488,0.4952177013298954,2.5962982468042535
6733,0.8010430852256352,0.5460602453616372,2.500817064949674
6734,0.8645999435985914,0.670535952834202,2.478821981926378
6735,0.858169322326576,0.6300169406850754,2.4738901487671243
6736,0.8721505476455016,0.5977703401618409,2.4083170079457976
6737,0.8470890420949849,0.5370848175160495,2.5870609356685508
6738,0.9762391322306999,0.785493865029694,2.551903149380724
6739,0.7770962841719038,0.5435925612299471,2.3530506520630157
6740,0.74203399550313,0.6521316424913844,2.5037083582000936
6741,0.8070294714847547,0.577767610679556,2.2810346722271015
6742,0.7474525964394688,0.6297648849411795,2.4966477342274658
6743,0.7504452119282338,0.6714806443448956,2.3512568923853205
6744,0.7742672687451277,0.48827700380122346,2.4248520072364435
6745,0.7775366605105742,0.6242243087901219,2.230752827573293
6746,0.775276796472973,0.7435423463140056,2.2782334315534265
6747,0.8483287946708549,0.8002034965177737,2.4006086383142513
6748,0.7965671429520171,0.6106360129526484,2.295992790279029
6749,0.812408268044616,0.627389911281633,2.2737958340114566
6750,0.8656517320131565,0.8439397506893487,2.441567564562454
6751,0.7822287982040932,0.7358838100612446,2.495663457645066
6752,0.806971229394155,0.5602481356663344,2.3826222420050875
6753,0.8381889214617261,0.5596637346278268,2.209175394937846
6754,0.7225737522358948,0.7168027892695722,2.4264664050584996
6755,0.7002069286789543,0.519630169526397,2.149327598673703
6756,0.8366069887673082,0.7290928729867157,2.238742487183474
6757,0.8437996206112058,0.6533367852476675,2.256349950858088
6758,0.9223565684681126,0.6712657318091488,2.3947669812750134
6759,0.8270458314994183,0.5934074169228348,2.3027471995544144
6760,0.8601724654553533,0.5556857338576291,2.1815426447805955
6761,0.8095050953896962,0.7644551893441929,2.1319778067561237
6762,0.8342821780159002,0.5931701449575171,2.2767069953219643
6763,0.9029745702008128,0.5763386067082692,2.1428503273998505
6764,0.7136517957286848,0.6090069233447485,2.191879846068164
6765,0.8408207260354287,0.6359116334029989,2.0540181831494286
6766,0.9272564599594906,0.5131159715063766,2.1982425810102164
6767,0.8349647393921886,0.5593006726707501,2.180945103672053
6768,0.9038262322738843,0.5535742262974419,2.031717199329358
6769,0.790320134177891,0.6994953492464306,2.202827602174742
6770,0.8207100726410526,0.5259612204022736,2.153985845670156
6771,0.8245688777457924,0.4385711229796403,2.158177847440285
6772,0.7126417100905056,0.41702915697264986,2.0581164311866056
6773,0.7657893519742462,0.46629157707624025,2.092230920883597
6774,0.7700797534577696,0.7490746607001089,2.072561002109209
6775,0.8668002821771104,0.6141330226444613,2.0452896603037076
6776,0.8701262284004391,0.6622290658852616,2.0605161521805355
6777,0.8435900264633197,0.6653449964714615,2.1372075719299573
6778,0.8695109243149253,0.6169069540183465,2.1125916923162316
6779,0.8210637306648464,0.6034030426175849,1.9220411386456695
6780,0.8903809512432381,0.7149266968708843,2.08551087924692
6781,0.8317845941604649,0.6246667982485005,2.0921568414371077
6782,0.8353467048393769,0.7495703788127351,1.9750591602301508
6783,0.8203296110287359,0.6713373204448277,2.0182219371833208
6784,0.8690347954296318,0.5470686643768965,2.007567274971331
6785,0.8150025223033254,0.5587291257464145,1.8906623052438403
6786,0.8861812556705282,0.5352905543153003,1.9188304425993112
6787,0.7820963501765652,0.7293866142218124,2.0002971455909466
6788,0.785148871524272,0.5667217638567911,1.8915332028729686
6789,0.8759035109333426,0.5269748964746026,2.000330032442344
6790,0.8385889137671363,0.6383955669692225,2.0179064857156783
6791,0.8218518132732259,0.5962969084402805,1.996351652723144
6792,0.8906256797589247,0.6350665958954336,2.0547250837769955
6793,0.8173821175160189,0.7941875297475846,1.8807014879753723
6794,0.8394033385549026,0.6961098836518855,1.8938949514065342
6795,0.9210886571092071,0.6071007909912451,1.8972729833800004
6796,0.9298437032442446,0.46315459826462346,1.8588342411041225
6797,0.933311108975144,0.5535981565316234,1.8992343143624397
6798,0.8424346218688037,0.6742967543384704,1.7113080464305581
6799,0.9199706770069439,0.48568604603461885,1.8570942281718112
6800,0.8129272247167482,0.8164854534574397,1.7231598932193526
6801,0.8170135700317874,0.603428621639761,1.749156072506813
6802,0.7468640776368547,0.6064706137987289,1.8777687288078426
6803,0.9501025367546592,0.5345203316550222,1.7963427078991252
6804,0.8253762770948294,0.6504579702947081,1.8613807708371048
6805,0.8644084521254004,0.4845836246464371,1.7813764562324352
6806,0.8274221220267803,0.8164729417275867,1.881187583264993
6807,0.9099430793820102,0.7313189574608472,1.7673567248998288
6808,0.8586926006255985,0.6976138821752665,1.6240714350914451
6809,0.8145656593696966,0.45974201404061243,1.7926536333344492
6810,0.9042643662258227,0.6189271847560383,1.5954482111139738
6811,0.8129117408621098,0.7188957065516135,1.6472533669318268
6812,0.8451869816772645,0.6568990814979765,1.6875303627294815
6813,0.7842136073516014,0.4969793715057317,1.6724270430766968
6814,0.820902465233625,0.5317829122630631,1.7045017152455233
6815,0.9036103888331058,0.5512009450591757,1.6599881120836482
6816,0.7990816746369559,0.5356533115410185,1.6263123070190655
6817,0.825916453997857,0.7484777795786217,1.8577589544240862
6818,0.9025610022793259,0.403101647854052,1.6759739918316412
6819,0.8782449778913921,0.6603982059657074,1.5477687074049156
6820,1.0078129143714702,0.4651795491287864,1.6935534583306815
6821,1.0027312694926631,0.4978885966805142,1.6288385605432054
6822,0.8705049888719403,0.3926445315488576,1.6446040472926913
6823,0.9446616794221856,0.5383168117601245,1.7690084726136572
6824,0.9572113320305493,0.7439000703245595,1.6733041165534175
6825,0.8928540847518123,0.6189142431903774,1.6141214378022848
6826,0.8509698867678918,0.4722008413202914,1.7393993482912262
6827,0.9281887803632634,0.6933572036619977,1.793262292166431
6828,0.9232556486042303,0.7143785657370039,1.7419833292367384
6829,0.9132411104694386,0.6012587534170731,1.500714649516552
6830,0.9603134345553435,0.7939352496632874,1.6059648392246946
6831,0.903865895135786,0.6722232372721784,1.6973244280663022
6832,0.8870434828955313,0.657938828752596,1.6725489784564105
6833,0.9533743622876479,0.5089427225974841,1.6646752599868322
6834,0.9705311052098408,0.6516277190695187,1.6112010715807827
6835,0.8957479345048884,0.6101745371890575,1.5765391654742722
6836,1.0043671450834355,0.6400861101704594,1.8489725422114553
6837,0.8728554960529424,0.5192527098431864,1.6900826184758373
6838,0.9359249743301045,0.6001294832522001,1.7390465649163815
6839,0.9554151175571641,0.5052420288847284,1.6881389750573004
6840,0.9400227020263097,0.3718238138565218,1.6915073742547142
6841,0.9471322934655424,0.6859765863409953,1.683189820037125
6842,1.0725231935599666,0.435516597453638,1.599078452850925
6843,0.9400417733952146,0.5960837685760495,1.568307730853939
6844,1.1082955584533574,0.618275221680216,1.721313661456911
6845,1.0117709185891484,0.6172414569480243,1.706586909727886
6846,0.9982286800095185,0.5558876544439347,1.7679601014734907
6847,1.0211801409064434,0.6109273754162794,1.7532578426854764
6848,1.12763718447039,0.630513860420765,1.631471512952441
6849,0.9552639082653975,0.6565248198679362,1.7886743232559927
6850,0.9527551225767542,0.7559839162053683,1.7613735197618077
6851,0.9748944752443881,0.6056709003419909,1.757731491952801
6852,1.018135620333855,0.5882683313976165,1.8848902543189143
6853,0.9341590979302953,0.4908027706704985,1.871126429866904
6854,1.0255119195774316,0.6246827783387429,1.7656525980662774
6855,1.1130473260734295,0.647439193267575,1.7587075940577455
6856,1.0399426523239015,0.5610835596193552,1.8032374359388774
6857,1.0217672152732071,0.6343883814772101,1.6733810642216307
6858,1.0095491509303605,0.550289022460562,1.6780806961571757
6859,1.0894645083957009,0.6462536753547062,1.7812858619238572
6860,1.007354681233386,0.6700286672810756,1.6628126613184584
6861,1.1450987391946865,0.6682455055138627,1.782842368367784
6862,1.153604357378497,0.5897816914766527,1.7522268128136749
6863,1.0739557147683207,0.4736152406102062,1.6756116691330356
6864,1.0647481752255754,0.5160358041335966,1.750767816654077
6865,1.1210861942485497,0.6363581519575103,1.8578593281399371
6866,1.1285454895953972,0.8213392166887372,1.7649570695800532
6867,1.037780989656024,0.5420017317107423,1.770363783001919
6868,1.0560500446437917,0.6212736554848137,1.794986750000375
6869,1.0205794280097311,0.5197009665422905,1.8107838366051323
6870,1.1114903761797665,0.47752610820121566,1.7531126057766837
6871,1.1287297395383016,0.5069080721255439,1.8132794069042997
6872,1.0322837194924583,0.36590956202113617,1.707156437493898
6873,1.0814217032883002,0.7091176223710932,1.7331220016319018
6874,1.0412401400388422,0.3503787021884991,1.7494606108771875
6875,1.0681031201220275,0.546626770680317,1.8469747424782195
6876,1.1450528707771161,0.45481492509673443,1.8285869222163458
6877,1.085304997117122,0.48380806850809494,1.8115244725866626
6878,1.1114326021226535,0.7095169857623628,1.884167095719351
6879,1.049620369163935,0.5915903026979229,1.8659709260479609
6880,1.1448643154113667,0.4745631256756233,1.8193413253729933
6881,1.1378463178196723,0.5117704200666022,1.7667163461168545
6882,1.108173063795292,0.4937936566487956,1.7910680374702135
6883,1.1397467498969818,0.5656071103471112,1.7465211936138902
6884,1.162803574062361,0.5868709982120742,1.8824406598703862
6885,1.1176512438111261,0.7587597123819559,1.809657685323139
6886,1.0892013288960156,0.3771928167639045,1.8465377579646074
6887,1.2579264923592297,0.5649625730026396,1.883588796269092
6888,1.140630484636051,0.5365081989814426,1.9850422558065814
6889,1.1721150217121887,0.6623412372363613,1.9836430660703526
6890,1.232166000465373,0.6027898648173802,1.9128673222392367
6891,1.3627593604698722,0.6259661944828147,2.0264718461608577
6892,1.1287759859488526,0.601060764913494,1.7723109866192526
6893,1.2181960146945987,0.47297545822526105,2.0916198610489256
6894,1.165041540604921,0.6869237964776973,2.0050578789023152
6895,1.178203811775262,0.6452706648301961,1.9661664409456183
6896,1.173866084279661,0.6565963323792015,1.8949825010379346
6897,1.158335995365549,0.6910718002259301,1.939656007874483
6898,1.2173044471382353,0.6060579741719199,2.031916793726605
6899,1.1504018774267941,0.7120136362457548,2.04225575698222
6900,1.2762326229055272,0.6013025353685808,2.053731054182546
6901,1.2364143707847708,0.5412571522049665,1.9505956329531158
6902,1.259564208220402,0.5621273030712826,1.9431450474323126
6903,1.2199170296280442,0.5600282505460723,2.041844562387506
6904,1.2296555374224127,0.5100986783518715,2.0965455882984343
6905,1.2671879841366458,0.7248521283937817,2.043971090283371
6906,1.1994055998502886,0.5909184627310775,2.1710200139058515
6907,1.2445107466771748,0.5703887058497066,2.0639592131488578
6908,1.2242350299819456,0.5993684651402665,2.0700764570851597
6909,1.2274955083681411,0.8581529218319052,2.1326168837220068
6910,1.1713425912516437,0.44662173077212103,2.1853594421012787
6911,1.3486132032012332,0.4749172267317651,1.9887355712210866
6912,1.2521336271941428,0.42099115306159807,2.0160920315244586
6913,1.3494438838111447,0.5354157563315542,2.08932704475994
6914,1.3495295426212468,0.5828551981769557,2.3759523106028424
6915,1.236604620116768,0.5113990238140619,2.1111585107200197
6916,1.251298059961379,0.5035867656064075,2.1311584153803174
6917,1.4385566274189245,0.5714283496620197,2.199176300482023
6918,1.4028889796726747,0.5066057457329183,2.2366476139287337
6919,1.3185758095422244,0.5874630236248749,2.1808353558836027
6920,1.3378267968793995,0.6674980355806487,2.2691297195825593
6921,1.2982190858611025,0.6234070550305424,2.089159778537324
6922,1.3561786688725133,0.6434349968906236,2.132048196955008
6923,1.303497432859874,0.663555404263387,2.294950349159536
6924,1.2425297071902555,0.5828765267136788,2.2113973854366544
6925,1.2828553519311716,0.5383600021726944,2.1180469667255912
6926,1.3547679088298705,0.4766294380857147,2.121707729755144
6927,1.3019339306281357,0.5143678153651654,2.171046075186714
6928,1.359890837884117,0.5007482110093746,2.244440963242642
6929,1.314281983189043,0.6259153753171638,2.2899460737814112
6930,1.3336500765324881,0.5870580221583511,2.234447133686033
6931,1.4201706977700568,0.6216874225163481,2.2997157879358228
6932,1.3946225514635235,0.4356100655194035,2.2420184320263745
6933,1.3864923367994446,0.6944510596130368,2.382885560127199
6934,1.4356412435798114,0.5082106791093768,2.497023987172095
6935,1.420430926922478,0.4405399019720384,2.2692856202640126
6936,1.473425592317294,0.5062528843019246,2.3468165623680575
6937,1.3827903871744676,0.7981845991695384,2.347927993614407
6938,1.3889760308111123,0.5106698967474327,2.3346863331643877
6939,1.3500647687124185,0.5165657639315671,2.3832852560193576
6940,1.3983211883487725,0.5294990147312875,2.376660835965129
6941,1.4726457692092887,0.533481760037595,2.3078929057827864
6942,1.4940302708811217,0.46983075109546446,2.4580116480508445
6943,1.4816558866025378,0.5619344688369982,2.375817523777286
6944,1.348526380918329,0.6548076975606492,2.3357786155096507
6945,1.4969737243548338,0.5783124277345522,2.568776255096095
6946,1.355455690171448,0.43540249880188886,2.3706562060833956
6947,1.4968368394462745,0.5117202136010776,2.406854715284187
6948,1.4380748207566225,0.4906380822223239,2.406870016484521
6949,1.4961070377558578,0.5507210297677132,2.3886854429481557
6950,1.3988570615449347,0.6781087532242569,2.441076099158749
6951,1.5285192817752267,0.5298120518402207,2.343549629573101
6952,1.4011754324507981,0.5355218320185989,2.4646977376538146
6953,1.445446078071326,0.721739030178616,2.2819857468707374
6954,1.4333896679278548,0.6312326186213492,2.3243407204574837
6955,1.3999861936477052,0.6006578604276976,2.579626254806786
6956,1.4968128542065449,0.738700847954417,2.3383030285781077
6957,1.586756517034581,0.5915070073942612,2.287074462728962
6958,1.6341419985253252,0.34351160433035133,2.3502737314801423
6959,1.5099778411629108,0.6250695718913114,2.5927471511884645
6960,1.5652556173293537,0.38224106876792274,2.3147865063298783
6961,1.5253055259425838,0.5862816103554047,2.3860982238782746
6962,1.5429014864368522,0.369346115582094,2.350168681475336
6963,1.505083274645462,0.4936745717731034,2.448985113630265
6964,1.5361543397310715,0.5036215398302447,2.4399537005407255
6965,1.5574601808860487,0.4626282020461983,2.440121303631131
6966,1.5058245398520884,0.5043952728684548,2.6306435530138184
6967,1.5350091852606051,0.6421772441220499,2.3896205361705722
6968,1.5400734288707274,0.4671666198889446,2.480586124785047
6969,1.588400365601152,0.5927170774357176,2.5188829625905877
6970,1.4978376586580453,0.4412793431050346,2.4162292972098967
6971,1.5525946016894312,0.5185359060495758,2.536240273974635
6972,1.654777385199001,0.5695115858271729,2.467809611311396
6973,1.6213580537475851,0.43711685176162396,2.5320334400284352
6974,1.6345640503503531,0.4052399229257798,2.495554552123028
6975,1.5722484445019804,0.585242292473434,2.342067985955321
6976,1.590969776203378,0.6480052667947485,2.61232336352236
6977,1.6288956337556362,0.5274337124447519,2.6750049578772095
6978,1.6606310049492319,0.4892521491996163,2.496567557651554
6979,1.4888425581868632,0.5501944418563496,2.4400171080745556
6980,1.524424785719248,0.5398185958082388,2.6332845351312146
6981,1.6594124778029158,0.5582047963006264,2.6647884228625345
6982,1.5838081065655487,0.28073420779129105,2.5006117000577737
6983,1.5677473250543539,0.42629270143644404,2.4969810151378984
6984,1.5422742055365581,0.448324769718911,2.5082446957557543
6985,1.5808480251690686,0.5475794296445531,2.3806372575140067
6986,1.5420643343714087,0.5507255783498399,2.491075706750414
6987,1.7202884045568456,0.5954011985559267,2.651126396776024
6988,1.6181293591629122,0.5571869206565518,2.4998015987297144
6989,1.619837311638596,0.401001070935322,2.429259748879518
6990,1.6555881865460185,0.6754211080042636,2.551163230403699
6991,1.6777165967326544,0.6575587807355476,2.45681835347266
6992,1.6802738407132107,0.40419376125682527,2.503444007199734
6993,1.6900053749709687,0.5629307951247029,2.4056183541238614
6994,1.608091240002093,0.46976483799532115,2.422362759299482
6995,1.6280134600364906,0.5428409215197028,2.562272500636267
6996,1.6845953604111508,0.6339330317347678,2.5102971590960648
6997,1.6229746517293353,0.7412601465078421,2.4365127063574135
6998,1.6522521090108324,0.6030254412728346,2.5055315274019008
6999,1.6755716357142187,0.5570393297736104,2.4445709333332752
7000,1.6979810456953297,0.4932121594006238,1.9372991864503863
7001,1.5728880945892714,0.5450564176100039,2.0917898627922265
7002,1.700521456949171,0.6624690082715725,2.0599653145763526
7003,1.6560713612820595,0.5216700656890103,1.9943021693641785
7004,1.7060648785739683,0.4371790324968583,2.0062207584409784
7005,1.7124337306458493,0.3634709010312006,1.992672590722299
7006,1.756838465101933,0.576394497803976,2.030976719421866
7007,1.746931066250729,0.5494685804790259,1.9267282779309314
7008,1.7493624413526203,0.4597992406610067,2.05836210594672
7009,1.7569523517532666,0.6266419936912072,2.0163211951391355
7010,1.7020319705201545,0.4815136507218889,1.9656665054789046
7011,1.691725377748135,0.5098779167700611,1.9463647373742887
7012,1.7363687090854598,0.5213271340112329,2.051354305015466
7013,1.7319019803118716,0.48754972695729,1.9707026559674412
7014,1.682372765989037,0.5458831938628035,1.9255087263968955
7015,1.72055318576,0.6371001201297637,1.9493340861403903
7016,1.7010006511933304,0.40735256595040503,2.040316412888852
7017,1.6624595435568086,0.5701051516579987,1.8486170378152476
7018,1.7720369334760926,0.5381216184876623,1.9477107132774232
7019,1.7125883009454856,0.5359349797115849,2.060473049392852
7020,1.8145346753886762,0.6073961303340044,1.9600529818461307
7021,1.6330518045513418,0.5247947236629891,1.9940204271079511
7022,1.6886706217862404,0.5675414461776325,2.057822247131215
7023,1.720280390738356,0.5907587526870947,2.0409536196295517
7024,1.777611902055004,0.4683897701780855,1.9330499382673765
7025,1.742765991965479,0.5483988673731628,1.956511423466928
7026,1.740320887631782,0.4930562220821525,2.038013161511101
7027,1.670393614300903,0.5045214966248821,2.0394796236993136
7028,1.6708238969670688,0.4852384568714469,1.9559689430672886
7029,1.7466647576179988,0.5642077888267621,1.9574210617352061
7030,1.6641569680712545,0.5249196010388112,1.9818120421762186
7031,1.7075451038483476,0.5558651449575207,2.0684429057975464
7032,1.7609153614889743,0.5143148461410397,2.0431905149385283
7033,1.6884373693851447,0.3553105514512772,2.0119514064063417
7034,1.819458862207492,0.518515793786052,1.8688830423807445
7035,1.8019785689840149,0.5213892762268549,1.9318868952728345
7036,1.6637544642485111,0.5389518318662779,1.9347884856206263
7037,1.6972034618997405,0.45497630497423064,2.064748941652772
7038,1.6309823967070176,0.3944594674677904,1.9308605745100036
7039,1.7075434328442962,0.5761245468626208,2.048945605063708
7040,1.7863465109205865,0.4859608982536949,1.9017156050638033
7041,1.7286386118352055,0.5301038583524513,1.9068029670806965
7042,1.7736315251397134,0.48449157326283904,1.983293062067545
7043,1.6756851344002228,0.5116897541809592,2.0689323843024177
7044,1.7928625397286964,0.4670259851584795,1.9252432555386394
7045,1.726321842410234,0.41480497176576975,1.7358696381481205
7046,1.755750780463737,0.5586455348708214,1.8144628987451363
7047,1.7515149000095829,0.45061962531631916,1.9621418613040313
7048,1.6935487392523907,0.5269862746541225,1.8190294820158537
7049,1.7003905805813766,0.5512968681099574,1.866477226288974
7050,1.807304129185965,0.45122952049271176,1.9354195570150723
7051,1.7796844888063243,0.38918240137601895,1.7371936296152963
7052,1.8130085696657883,0.7518399254349127,1.901476613614681
7053,1.777460927227929,0.4561148020164141,1.8373825182197103
7054,1.7690500109361,0.5708945572066478,1.8093462095341861
7055,1.6762228874881129,0.7021602740626129,1.863820073404586
7056,1.7495784128415175,0.5868659974229198,1.841173212998883
7057,1.7622511704532016,0.47749247120903493,1.9629842992217832
7058,1.861749619182972,0.5004868682644366,2.0198648352398596
7059,1.7988661271104502,0.4235997653917876,1.893706209873735
7060,1.8416954886851262,0.5946923356805074,1.8738888159808995
7061,1.7950934862514405,0.562812194530868,1.8871618525491296
7062,1.7299255926284358,0.4544051976102652,1.8303635118097212
7063,1.7715710488648109,0.40129317925927926,1.8146402094953948
7064,1.7776999899210713,0.37305039140685137,1.7848171379423983
7065,1.7190548435583608,0.6034884952794191,1.8088226022980034
7066,1.746866876981622,0.5165379618923841,2.0444671955151037
7067,1.7558212986760025,0.5256628809504512,1.8573987187254244
7068,1.846363795805898,0.4215335671243753,1.6760274604806844
7069,1.6619686665096658,0.35714234569736036,1.8631193693029489
7070,1.826169219747664,0.5994184635906763,1.7815777965264274
7071,1.7188608498101186,0.5070256835363369,1.912297638113388
7072,1.696868666574178,0.5932101430358314,1.902399281736049
7073,1.8241914480110568,0.463558484899389,1.9094680036418328
7074,1.8014606664326174,0.4781353569467204,1.900469491463745
7075,1.8272128351807475,0.5728125256417793,1.872642024631848
7076,1.8040928649378922,0.57438330555529,1.784719276053595
7077,1.8665706353735432,0.5805710722020282,1.8939516017682396
7078,1.7909849699449922,0.47096061955059354,1.9801717008166346
7079,1.7546451070830522,0.561601925989275,2.042486230397134
7080,1.7789853324577924,0.6107238284228388,1.8770885708023106
7081,1.8233323875862464,0.48900358249750353,1.8844954173809019
7082,1.721460007351418,0.44779907107020933,1.9336355655094173
7083,1.7270541618215243,0.6330900134047714,2.0117987357194327
7084,1.7433704374823824,0.43303824703912075,1.8521745429404288
7085,1.6527092355289013,0.5610982589747842,1.9452300784352106
7086,1.7639123882066772,0.4919763884807141,1.822732973054754
7087,1.6617223500509781,0.3133302894063361,1.9136878140948372
7088,1.7576523685836443,0.6100147104300174,1.963690448379943
7089,1.7971848887344355,0.22103861431271066,1.7815163233444968
7090,1.7289480412524831,0.29808006498763956,1.84151748940704
7091,1.8354696765617406,0.5488949946709272,1.9586564473283352
7092,1.6773615072764703,0.5485384421665778,1.9303122670243205
7093,1.808673005931473,0.43174289245640374,1.9626414648073662
7094,1.7815410996150423,0.5099528634424936,1.94638818574903
7095,1.6606078245462395,0.24169764607823485,1.8499728071445989
7096,1.8805255221181594,0.5652084132761478,2.051945210933034
7097,1.7403260628721546,0.5191538514901157,1.885712541787507
7098,1.6981179704507736,0.4892876730431872,1.6290536032880585
7099,1.6700681102157076,0.4956069816719223,1.8496740187930538
7100,1.7278034553986303,0.5425193455025161,1.8334802695032892
7101,1.7307676277419293,0.4899750891558042,1.933386976494411
7102,1.7405557343086517,0.30513122390607206,1.8324261219385767
7103,1.7187711575695463,0.7118417492102913,1.9551932813231416
7104,1.7635119132399548,0.611960578039082,1.9106791958536646
7105,1.7106111720071036,0.36305821885251377,1.7847804028942917
7106,1.6313389707428916,0.4567113694199655,1.8523149955082883
7107,1.7186662801439807,0.4672942991939196,1.8002602376026677
7108,1.6057604890109922,0.5984555187790911,1.875842483370705
7109,1.7397759362438574,0.27431673054625794,1.7973022278599182
7110,1.671028625049216,0.44001607747135896,1.8645368478831321
7111,1.726021272321467,0.313526757157545,1.8355589276033415
7112,1.781370199824372,0.46075456508116114,1.8439277110343364
7113,1.6659959870189658,0.44168795997893057,2.0189438104545583
7114,1.7642171819765455,0.4965816059549261,1.824793594982188
7115,1.6871600202438997,0.42779912640595585,1.6976424229941018
7116,1.7941187611238336,0.4128588112743007,1.9324286417545549
7117,1.6857855209863122,0.5496016205677774,1.9305653252312391
7118,1.659557461039361,0.5327782431909278,1.690380764285236
7119,1.733438043975348,0.5421260376623618,1.7913919552369273
7120,1.67473592756587,0.46897164506164196,1.8810975373209933
7121,1.6518577458873673,0.4291634629084724,1.8869385420582296
7122,1.667398789569472,0.4741279560991078,1.8433947884732835
7123,1.686377011460327,0.5358055104841003,1.8439699477073601
7124,1.7529891429981543,0.26768764841806114,1.7662289342976765
7125,1.5864050413125155,0.5244533423083831,1.6481009321821916
7126,1.681449503256896,0.5156327143351253,2.0028230976449324
7127,1.7086837015162801,0.49061094797119453,1.760143630177573
7128,1.684211276293403,0.4691416922234862,1.8505327845307207
7129,1.7370899749315565,0.22713848800902314,1.822480622787555
7130,1.664895135221668,0.4394427074840323,1.9057412153762723
7131,1.656358608642988,0.6620497269505304,1.8419349521228165
7132,1.6921348126525555,0.4840740221620656,1.8437970296940112
7133,1.664374842047141,0.45173316007083203,1.6195556860180427
7134,1.63673848197192,0.48383122925801125,1.7624142259346889
7135,1.6788751343521666,0.5172965766072205,1.8874330142703761
7136,1.617210075553895,0.5473802084007002,1.879017659735904
7137,1.6160060373785807,0.45828927580249434,1.7492946188703633
7138,1.6168537522310713,0.523348574400774,1.697968012472491
7139,1.7075559339486577,0.6482012301947173,1.8331209087186187
7140,1.4754614597732971,0.5808409791906586,1.589237715587559
7141,1.6528631186774725,0.7139258835911875,1.728671584294513
7142,1.6313290874358426,0.41389900221547776,1.9601651046245314
7143,1.5420660405859965,0.6468753779909245,1.933745107653597
7144,1.6380520468767459,0.3998696654414017,1.855907980838624
7145,1.6427718638142195,0.5139744591615555,1.8403040556132297
7146,1.6448475322381388,0.5515465251842168,1.658493412995524
7147,1.4791185661253337,0.42690239342014186,1.7540444285759125
7148,1.6763372764190394,0.48645799314381244,1.7884758573311124
7149,1.5674025945971188,0.5683893407214016,1.7533285882418839
7150,1.6348535818441086,0.4059980178774141,1.7816553692792898
7151,1.6337791457637019,0.6436455429069239,1.9124067421895197
7152,1.5490557227270612,0.33792983559285156,1.7639176992739434
7153,1.6220439170604546,0.6700411551805259,1.7787839688932123
7154,1.5658421896477919,0.575887348817316,1.8640179681275226
7155,1.477609885974025,0.46646511358080495,1.6900945717176816
7156,1.6355940701287057,0.43485399727177537,1.735234228535302
7157,1.5344496683923992,0.42410135046302777,1.7422315545475489
7158,1.5264392814039567,0.4609081820871966,1.804496300573224
7159,1.544940179344727,0.46932194021223395,1.7712523307523549
7160,1.5746026956642238,0.5993781420277017,1.772583190195447
7161,1.553992985489168,0.6704051290022888,1.7432641097221784
7162,1.5800941536741673,0.4931621230909231,1.7095887720436893
7163,1.4815196933126318,0.38834590461011775,1.8427901888594338
7164,1.507147651306468,0.41802098191065046,1.7658387848268016
7165,1.5342097827283878,0.45396955011995477,1.8411897890048463
7166,1.6306169332622116,0.36895167055983946,1.701544036700878
7167,1.5257155502643938,0.3537552031489456,1.7360615988320622
7168,1.5813219887189591,0.6810477364890908,1.770393872772973
7169,1.5246148386254192,0.5012822492207549,1.7766674903101345
7170,1.4941022787081364,0.38739367397506463,1.8460554837611338
7171,1.5015194678535981,0.5520536442989538,1.7500751685974278
7172,1.500977955221008,0.352245183766272,1.8430660103861587
7173,1.5350976808300905,0.36016530936798685,1.8121336634321794
7174,1.5691360424016592,0.38914920074192855,1.7724022377883093
7175,1.5138536721432496,0.6345919042740986,1.703659638256326
7176,1.5506621662282227,0.4435399134559306,1.8391274496002636
7177,1.4384823885822033,0.22434477355766427,1.7032851078441427
7178,1.4613793252801923,0.5892098260087237,1.774505141634765
7179,1.4412605253530855,0.4372530648085133,1.7707085928561908
7180,1.4885389555483275,0.28263857712214596,1.7572732620249323
7181,1.450186602266677,0.4355994132119475,1.7415131291124786
7182,1.4999181368835934,0.5190567436416492,1.7057111927197022
7183,1.4121519997259901,0.5070500701434913,1.640941822015648
7184,1.4561043121373354,0.6461756583135655,1.8814213111196796
7185,1.4835248784808752,0.3807465883066141,1.7286000371132901
7186,1.341125065583465,0.4703848078781357,1.7565107141561043
7187,1.5456594559022119,0.39544549626529996,1.7548440437889725
7188,1.420587912287589,0.31087296982145296,1.8520539189234182
7189,1.3286415237458282,0.5533350382954823,1.9178852312882433
7190,1.4329270933247045,0.5107995063742696,1.7748423924133114
7191,1.4218047880078521,0.4925308492562856,1.7483200737844535
7192,1.4111299222360658,0.5065326847338236,1.6698301977165346
7193,1.4598585089229597,0.3949972474178683,1.6430469354564687
7194,1.4427282763026394,0.36266609725344207,1.6154440517288646
7195,1.41529015289077,0.4666916223832477,1.6925232650792452
7196,1.4179281623368378,0.5787395103338132,1.5877520743261042
7197,1.3852106994265003,0.6231177741725189,1.8401572306895149
7198,1.474196093526988,0.5415452273135652,1.7865296896782203
7199,1.306439852803386,0.4646115006495001,1.7313826837222073
7200,1.3823460007450665,0.4883647574499193,1.839097356546758
7201,1.373564561266991,0.46223826204031204,1.663487643014406
7202,1.405913902235857,0.35817725865963385,1.6824159133116965
7203,1.3179808714689114,0.4629292517598148,1.5921459807462306
7204,1.2679012428312286,0.3266749581399976,1.8076335605790557
7205,1.3578254499323148,0.4474432477631437,1.6796945597399118
7206,1.3589338641341409,0.623155016285897,1.744614884717013
7207,1.414229461507466,0.5415241665994274,1.822403495537571
7208,1.2710981494364768,0.36662026909816037,1.8507043660781766
7209,1.387207809245148,0.4513834277281749,1.737544293459546
7210,1.442691317033091,0.3748830545214532,1.7694554656993202
7211,1.3002709425146475,0.45176386358182,1.6652496930958434
7212,1.2494422764763957,0.5618207803169479,1.8710695944495646
7213,1.2884629855023833,0.5227057541871061,1.7219504681478788
7214,1.3043268885713613,0.7055145334133746,1.740508866303067
7215,1.3266240953919946,0.5760432337279422,1.7003821522592975
7216,1.2636666574840163,0.47689110274352486,1.8277154159915106
7217,1.3657921504936963,0.5239018360925811,1.7465888777211465
7218,1.2270960825951187,0.4356384980541278,1.7903427669887417
7219,1.1906480679587528,0.3428285701716134,1.7566320575675962
7220,1.327725135170723,0.5858530345963775,1.7095308294258478
7221,1.1534360209963033,0.5558711086927722,1.8003700063292247
7222,1.2517347224576376,0.43056332598196073,1.7524875254501215
7223,1.4125965954218405,0.48175930965124714,1.6468343800806098
7224,1.2508793894472934,0.5781568451536847,1.6434270354024993
7225,1.190210423462215,0.5383954612986492,1.7333220911726464
7226,1.2381448934565265,0.30714778748718097,1.7928653568577766
7227,1.2332399208239508,0.4775177102320943,1.850275904927836
7228,1.2385773952377512,0.4360905524077808,1.5757994848757826
7229,1.258423241176889,0.5638519730123115,1.7188844133902348
7230,1.168120494990977,0.5553545762527223,1.7548592654527333
7231,1.299220696640547,0.5838096854684152,1.738197572822496
7232,1.2218680393108976,0.33985826992093093,1.7941475619893954
7233,1.2407233609123125,0.3729355522619891,1.7647022247815611
7234,1.1677503358085843,0.5624541517543613,1.6322783660556097
7235,1.258254384796714,0.39158072954463286,1.6287946802236606
7236,1.1758639656187373,0.29830161625676355,1.7338347983781963
7237,1.1973798665458604,0.5034043665766647,1.7869399978907654
7238,1.1316374489313001,0.3951228773200512,1.7180348812016963
7239,1.1232420505257084,0.6285240018398736,1.579189502900331
7240,1.2023006529559104,0.47886378346801656,1.6205138647071209
7241,1.1405181877567323,0.46497185965807125,1.758473033329452
7242,1.1148224109526044,0.4117223442885957,1.674125101471026
7243,1.1201768367100282,0.6074312686976908,1.710318993336729
7244,1.1821140056640569,0.4839043824144656,1.7849823084964416
7245,1.1105532237420117,0.40690038486322067,1.6024393532825074
7246,1.1309700573399757,0.36804356527181137,1.6643446312882573
7247,1.1324613060948272,0.4398064285969836,1.6545229397961885
7248,1.0307095207926464,0.3490910471939743,1.7236544428286136
7249,1.047898126609881,0.5494456705359532,1.7559235226405585
7250,1.1331567608794257,0.26542611489443624,1.5745420532293257
7251,1.0743912571409429,0.4320115097302809,1.6913922748785832
7252,1.15899076923626,0.5066790575448559,1.7602539976930145
7253,1.1494191164084824,0.4795806335931559,1.541197990435542
7254,1.1319743693041036,0.373343580768399,1.683303499345207
7255,1.1819551344341728,0.5108011330381274,1.5900668779301093
7256,1.0817766178391752,0.3558749055042901,1.6348797693655057
7257,1.1133541442473887,0.4419441582147685,1.4846785923721741
7258,1.0466838805677983,0.5090707579985605,1.795377075837402
7259,1.1935317159667873,0.4898820529688528,1.6543697513769822
7260,1.1651200936719468,0.37579124524807406,1.6171392156058284
7261,1.0615740121350767,0.5627491664370089,1.7068551589534349
7262,1.075367757188211,0.45137393720844704,1.5960889542206478
7263,1.1190791425743982,0.5167089831906839,1.5873749344767045
7264,1.0388509499760907,0.5950247014273946,1.7980623002592462
7265,1.0084887123674149,0.5535720107962171,1.8208112242654668
7266,1.0801502028767618,0.5535384480749794,1.6276360484833412
7267,1.0355227646439304,0.46049924818350696,1.7592732237708306
7268,1.035920376464761,0.5203307111490828,1.701252531157028
7269,0.9802471782574703,0.4620029963460313,1.5585479844146457
7270,0.9312879424360311,0.3194172277848174,1.5962898713145612
7271,1.0242106590612357,0.4703305851971957,1.7935150842918068
7272,1.0529052828574739,0.46539903128511406,1.5541709172312534
7273,0.9916426062099969,0.49784279147822497,1.8496826278774594
7274,1.070052768234853,0.4263772755394221,1.6203826087118078
7275,0.9583568731742085,0.36273873030886816,1.791446417726664
7276,0.9361623731522805,0.5042424022869574,1.6394265040819165
7277,0.980904954679525,0.30697226815808476,1.7267550169020933
7278,0.9755301392060977,0.5838893081826151,1.773257241725999
7279,1.0135763800334365,0.4145736808600877,1.771743495378346
7280,0.9317733066830841,0.4619765911100463,1.6126912849689499
7281,1.0343954420002845,0.49298807056700267,1.5897435544381302
7282,1.0598320848526825,0.49590973533868987,1.6507324536852703
7283,0.9550512101504659,0.2956513706260548,1.5520865933643777
7284,1.0150432168166486,0.5186675224647529,1.674162381733242
7285,0.8953096748337134,0.46628350492988785,1.5882545357045235
7286,0.9975004222772358,0.37215143508195064,1.739432805047298
7287,0.9917364001319072,0.3604205235232555,1.6061055197284806
7288,0.9782065264153935,0.4016917489976353,1.511233019424963
7289,0.9299478666669113,0.3049329205042207,1.7615868766404739
7290,0.7787346337013299,0.6067440534735249,1.6630838254942697
7291,0.890111906244655,0.5828428652175226,1.6496465997707597
7292,0.8866841873536353,0.4791083641192586,1.73376954678267
7293,0.8648799244592881,0.4113093065674255,1.714846971273101
7294,0.9157488761838942,0.4136493463208267,1.5830761858355389
7295,0.8845643898473453,0.508877905249411,1.6069462898189741
7296,0.8601899863828245,0.6085654065758129,1.5527974774316267
7297,0.844421196659274,0.3754546170074283,1.523583541865677
7298,0.8575591651459363,0.3204474532659471,1.6859336471258557
7299,0.9454167759864135,0.5866820935405718,1.6699282559246127
7300,0.85233134848046,0.25291630803893433,1.698327843077765
7301,0.8557106274730139,0.3304894284240867,1.738898664271021
7302,0.8547322069739424,0.40636925415802677,1.6972376626164656
7303,0.8906612358987211,0.27472442236839595,1.703266613988894
7304,0.8927038354590706,0.541695592621695,1.4668638583993934
7305,0.7138740405692606,0.5158843219084378,1.6074535686904423
7306,0.9134402142352377,0.3724277718505379,1.7080908619481843
7307,0.930464891089516,0.5575819972738132,1.5363811226637794
7308,0.8024620149014362,0.5742635099228793,1.6360853357452212
7309,0.8027184616142834,0.4177310747951853,1.669223307814922
7310,0.8252202757194148,0.3836953850971551,1.6620096829277673
7311,0.8063702103742696,0.6544366594189541,1.6550010818372944
7312,0.8518424683531856,0.5003070830778598,1.672327090947524
7313,0.7398341690520854,0.4535380006981418,1.6377910032032204
7314,0.7778173016345031,0.563974954777275,1.505215374683456
7315,0.907266071386355,0.4575284383791735,1.6617249347726537
7316,0.7805273598904955,0.3764885209793503,1.6428677979696673
7317,0.8857818695531684,0.43478195011268717,1.5030284982810953
7318,0.8380897423710221,0.5303469869623412,1.7283082120199253
7319,0.726612428441489,0.22697877530924826,1.6595581509760688
7320,0.8456361812351978,0.39711022113509303,1.5053457277817857
7321,0.8048215064533287,0.563935187366826,1.5493187569275908
7322,0.7848082246254299,0.3741589489976143,1.5684965009340845
7323,0.8167480026672257,0.5796731757909876,1.5673642005629096
7324,0.8251925623392924,0.5662534212413022,1.6349146188524346
7325,0.8338436893246018,0.41794303610459094,1.5322885079514803
7326,0.8544227173260021,0.3673591141776239,1.6995743478269478
7327,0.8130059060970405,0.3951944428037364,1.6919151594425585
7328,0.7209497882977697,0.6901092533845061,1.6567244581552096
7329,0.7632252326096461,0.61080791113127,1.6096473197747105
7330,0.9312798448884334,0.4356224140346388,1.68003339713708
7331,0.8176160887220975,0.36198600014498,1.5818921096324596
7332,0.8971644639719992,0.4342236852299237,1.5449398629526079
7333,0.8458250882351006,0.44662068848473807,1.6970395003188976
7334,0.7855417567590408,0.2976207238747287,1.6261666179616876
7335,0.785965517041051,0.42967951390606535,1.5449717663348401
7336,0.766555166224264,0.5536347962258775,1.5652108793754038
7337,0.6790286848703084,0.24117785966961314,1.5386506316972557
7338,0.7644020124686239,0.5034912755131162,1.7582741707933698
7339,0.8216603378038597,0.5580322142498422,1.5957640783273905
7340,0.72881803175354,0.36421640789209264,1.6069946385586924
7341,0.7771177939912586,0.5894096301654261,1.6510078964246235
7342,0.7968667257196238,0.35067844670941917,1.495019641062347
7343,0.7066173186615212,0.46354070428696875,1.6789111557150793
7344,0.7273977187313079,0.38847564119566397,1.541499245884842
7345,0.6969763744779849,0.3881739317970543,1.73546850789588
7346,0.7047205283525603,0.3568645045548345,1.5629954815164158
7347,0.6794533789865923,0.48817298967613304,1.6699610617909924
7348,0.6968642267889784,0.502917203340349,1.3861483972438404
7349,0.8109608054257618,0.411315839380835,1.490824691370944
7350,0.6923640941349526,0.2814828254129318,1.560290559953753
7351,0.742659566441565,0.4575184364317202,1.4202609919411764
7352,0.7094407415837191,0.45912481412033246,1.6297395902488359
7353,0.791824137107303,0.3949740207508884,1.6056513898907314
7354,0.7967848717403573,0.6030909794936744,1.5002951358768153
7355,0.772825591904943,0.2596974382239755,1.5772319675135114
7356,0.7433737342327846,0.19408469255618938,1.6419748478930165
7357,0.7150086751411682,0.3424524572850972,1.408161420837943
7358,0.6655124425982185,0.48630146901997734,1.4734756742017827
7359,0.8208771719436976,0.30939780478298584,1.5474978450334154
7360,0.6843617901990501,0.3166086140258705,1.575153612263705
7361,0.7542227686336793,0.5095314611620555,1.5675183207915986
7362,0.7727641659803949,0.460407925680596,1.6423030284999909
7363,0.6908178483032529,0.4515832142883083,1.6082892547560907
7364,0.7693291538773376,0.49174418914206314,1.6247967496156077
7365,0.7545366243953312,0.3708063595610696,1.4568302083745137
7366,0.8016724838043763,0.3751517888756845,1.5785611769096755
7367,0.6908062912813776,0.4937528485086634,1.5413595657470303
7368,0.6490308296600602,0.2780111516009457,1.6818531109492518
7369,0.6871511455324968,0.1979529367990202,1.5777961008411865
7370,0.7220211884786034,0.36862177904698146,1.5092779195508796
7371,0.7136933843188199,0.5047629833762112,1.6299608154605694
7372,0.6903665265106178,0.4369572653951618,1.6057837102252404
7373,0.6138857315376801,0.49685626978064934,1.4939516195700413
7374,0.7322285151783782,0.2092236949210686,1.5307611371759837
7375,0.8067319907130078,0.4421289959921677,1.5310858493741408
7376,0.7307894281824056,0.4756921373001921,1.654760398537853
7377,0.7375474923490702,0.2749524986091114,1.5717854978844765
7378,0.7352786297368318,0.49596473619561826,1.612632074422706
7379,0.7261261860098179,0.398334005876276,1.513991757495414
7380,0.7525265159674754,0.7163466660670852,1.5792022279487057
7381,0.7254331756030085,0.1912166712688903,1.6556524763273246
7382,0.6898038423990653,0.5455791789293594,1.5214635518121515
7383,0.665463421558587,0.3689795781427117,1.5585288553228103
7384,0.6926913235432482,0.2464080434938175,1.4392194370854883
7385,0.7207756044888092,0.3551557091119276,1.486007445086623
7386,0.6892460949256274,0.43532733739999563,1.5194655032821498
7387,0.720800281060535,0.5110544511669881,1.4603233194977183
7388,0.7271259435713792,0.5792327649936246,1.649918574738827
7389,0.7469644747487876,0.5489543779258097,1.4760910215346426
7390,0.7696342793017554,0.30995578064437623,1.6050470589765122
7391,0.7096358706962277,0.5192395462648864,1.5560223444420325
7392,0.640639556331949,0.44508084761740785,1.5425165600751787
7393,0.6891179499424119,0.3402215051027415,1.6579151390123643
7394,0.7089729030050163,0.3842203834412441,1.3571483508915796
7395,0.6154297654251434,0.33415699262074194,1.5212749936845413
7396,0.7771516204906765,0.40858048859787033,1.4495166523881768
7397,0.7153891927362626,0.3316356419566094,1.3780098231089637
7398,0.7279414963812404,0.30153237846893877,1.4383219758534134
7399,0.7778053286049167,0.45197423387664376,1.534257257802284
7400,0.6787285412824486,0.4666660908152745,1.4738289063927816
7401,0.7396959111657946,0.3847642303346721,1.6025648664677834
7402,0.7063101176990637,0.5400201344359288,1.5127078943704215
7403,0.7034597848656725,0.37694319831577117,1.502816956670062
7404,0.6749665209044579,0.3724402344806895,1.5021546913141848
7405,0.7978194282239921,0.46849819824142,1.518879436183343
7406,0.6967784102715353,0.38893853139248574,1.4922632057568959
7407,0.7515916840520642,0.41039283141656063,1.4566243707331463
7408,0.6239839685587064,0.14960135870719926,1.602843312897758
7409,0.7779003244325243,0.4030482700070496,1.4727654509937678
7410,0.7727285914611987,0.21839044194029314,1.490996135314891
7411,0.7262573274240397,0.27874766101283277,1.555016556928989
7412,0.7113564111429882,0.2670433248147956,1.5451500119642814
7413,0.7440716382757845,0.29605030194818704,1.4471629044342955
7414,0.839929327256138,0.3451564478645155,1.5780244170513424
7415,0.6387960247935565,0.35112596659574047,1.5596280753104663
7416,0.7675770555753278,0.4659363205764356,1.5298416955101763
7417,0.6844622550975842,0.4214813311241001,1.4800882949821517
7418,0.7306640835813654,0.20886903382987887,1.4810457951931888
7419,0.7209321664746167,0.4070400447902905,1.4964317623051395
7420,0.7136255461131561,0.4302703872225939,1.4130209276212295
7421,0.7362824334267044,0.36532266955420895,1.5074186311976723
7422,0.6819101296277891,0.3918253590726819,1.5809215658552391
7423,0.7919392887723173,0.4166797817375592,1.5786570642528999
7424,0.6526830665769764,0.47384371812870574,1.4770738642762824
7425,0.7713366452077808,0.23963092540117872,1.5916639747273564
7426,0.7300278089345038,0.372422562563098,1.658005653774748
7427,0.6898623409021628,0.5474233948921269,1.4792333322203763
7428,0.7606293328446619,0.537991610837574,1.558848425864982
7429,0.6748115712501734,0.48115504385144503,1.3215004348785087
7430,0.756840943572076,0.4494798665627969,1.4008721439715932
7431,0.6859544779515462,0.5609970960107618,1.507812882249187
7432,0.7824517159606947,0.5870548201272702,1.4189845394766114
7433,0.7155065198912001,0.3820985956335399,1.6616599990862293
7434,0.7415572111625985,0.2978001001395076,1.5453555275331268
7435,0.7812329169864763,0.36745103817749747,1.573793666905781
7436,0.7303826425823139,0.7038869221133306,1.4932076703952073
7437,0.7686313640410355,0.237019012467511,1.4142764537098143
7438,0.6984031157354131,0.3466381838819545,1.4520322493727238
7439,0.8082484997599149,0.25216060865477097,1.5128921507589097
7440,0.8676052271882186,0.4056439111185721,1.4405137891100634
7441,0.9216692682020644,0.2726363976092749,1.5442483422247533
7442,0.7893607181225609,0.3817685485080013,1.5464728095947582
7443,0.826999924950693,0.19737245959038427,1.4889654075718828
7444,0.7013894811356468,0.453882541293618,1.3415240490789992
7445,0.8684318819096098,0.5140936739006162,1.6237662646616842
7446,0.8350240553940826,0.35320363367576646,1.4685789160650835
7447,0.7749761916720196,0.377824016846396,1.7013448113732315
7448,0.8640346080112689,0.37473549008025864,1.5358161299224655
7449,0.7924966353732087,0.4089066500869727,1.4658281221781686
7450,0.7854059109387731,0.3867381669747286,1.517462191483276
7451,0.8352021952222001,0.46710653760140447,1.3191061715489587
7452,0.7614372348882412,0.513338645854774,1.561753634792189
7453,0.868896621005802,0.3083676737605819,1.684031428781422
7454,0.7682669028325397,0.3585821834657404,1.3105519963067607
7455,0.7718549239598174,0.4794173874868131,1.4537131546147768
7456,0.7822043709878226,0.24682912064202936,1.4672946830778602
7457,0.8690346496792455,0.1916646530040984,1.5447565366109266
7458,0.8036309170428975,0.4111093049911352,1.6422334690270681
7459,0.7705188386313748,0.43785345197773473,1.5034038087198454
7460,0.811122127540908,0.3157300657864246,1.6431350632337256
7461,0.8433297132711333,0.3298364253075472,1.484445447961216
7462,0.7894467602064794,0.31142391699510963,1.5059445415218358
7463,0.7945123697272697,0.3004924158813244,1.495109920776737
7464,0.9612994069510898,0.456276484604998,1.5654961504128273
7465,0.8163812416945441,0.2686191885410629,1.4331082277997622
7466,0.8469687002090569,0.3598590576466925,1.5313792497785312
7467,0.8485062853385357,0.29562020532612404,1.3664756287245123
7468,0.8495832428645246,0.24036757439899703,1.4412027280845126
7469,0.9055366168129066,0.47265711088485435,1.4120479165033906
7470,0.9257294865346934,0.3333997640091299,1.4690493311264499
7471,0.8669121496579484,0.40396945836588855,1.4357516763665474
7472,0.8243075690282218,0.234061197607914,1.5506350509475142
7473,0.9538087901667488,0.31041834652936945,1.3887978560868466
7474,0.8893083028765543,0.45996475723032243,1.3196136254703665
7475,0.9846129066380325,0.6428269628260392,1.3485644394458614
7476,0.7898714524617804,0.18622222959419957,1.535709481035407
7477,0.9160069027029123,0.36347724589327746,1.3776409893638932
7478,1.0062847020716867,0.4245604451091326,1.4860633163267953
7479,0.8968400551316241,0.321466900213372,1.4296835954082696
7480,0.9074082801957081,0.46777381473564383,1.5182375985276422
7481,0.9376686153228887,0.29589321961207793,1.4328689416831537
7482,0.8991932829745941,0.397696293371207,1.6715108483626215
7483,0.9157990550845374,0.3298495474873814,1.6012457419252861
7484,0.9188105771053171,0.50374522662337,1.4232136239900985
7485,0.9086576423580175,0.313911218104844,1.4112943728045888
7486,1.0058270828217437,0.3461060084370128,1.6970865768243617
7487,0.9718215210551897,0.475608180936374,1.3592283955700233
7488,0.96570973913949,0.27798146974916227,1.4401712188201463
7489,0.9980444831917478,0.3874065690445293,1.445406288439866
7490,0.9488621942013502,0.19802452583438093,1.442461256852718
7491,0.9278598434151573,0.2712311801874355,1.302589906026935
7492,0.9409544081039676,0.417984388386521,1.4804542321846779
7493,0.9757154473590137,0.2804484133781483,1.3621378681631506
7494,0.9272310046662725,0.32480794335846913,1.5536854813679633
7495,0.9597679941474628,0.4283211175170525,1.3213702634690825
7496,0.9635883626841759,0.32084127241897237,1.4416464955266475
7497,1.100258383323275,0.4607916714144412,1.2586419626706709
7498,0.8599989590784662,0.3998214886260979,1.2626239492016287
7499,0.9943901390122316,0.4215714349680606,1.3668701580940734
7500,1.0943590437548696,0.5018477655489769,1.3772058145606163
7501,1.0188911393694131,0.4094817617254746,1.5493656774935718
7502,1.055215205672169,0.5311326020774888,1.427905797352578
7503,1.0273014359841195,0.4681226865665506,1.5335919121936548
7504,0.9937291282611721,0.3243999680655241,1.3988632840579804
7505,0.9198050809525502,0.5058089387796207,1.4767805129944873
7506,1.0469976580185882,0.402629820927043,1.369303794539718
7507,1.002786965447578,0.3365245027491677,1.3629127302686763
7508,1.006410881860243,0.4035804650335481,1.279771954537858
7509,1.0263560869152042,0.4867241668231321,1.451350308543014
7510,1.1434432633869753,0.4207457495760843,1.4445073187012312
7511,1.1813532622627085,0.5572304459486489,1.48477696568315
7512,1.0768989240946412,0.48339430768778346,1.438837319109761
7513,1.0477427576006717,0.42680751099418335,1.582792087593872
7514,1.0170773369115957,0.2716351215765934,1.43383180505311
7515,1.1043376485733525,0.35601926697619185,1.4981495469663568
7516,1.1750418417135524,0.38090968709768713,1.3919291294590934
7517,1.0785288953685104,0.4431573440979023,1.3442353297936953
7518,0.9769583893445816,0.43697858495429814,1.4733842523306266
7519,1.1344353657617676,0.3899505745866564,1.4078931351873762
7520,1.155239461798042,0.38478294361653703,1.4806453822846923
7521,1.0317251793831972,0.44454522576618166,1.4413744548361016
7522,1.1249005335097022,0.2863926634306865,1.3487566862855562
7523,1.1437068512485271,0.5415547830988032,1.4972036312266415
7524,1.1225692589620253,0.1670385931723651,1.3406208805185953
7525,1.0917744824709628,0.5170484756453857,1.4594022805010674
7526,1.187207106918005,0.3667413854395997,1.5109657973649893
7527,1.1213467699427078,0.4712704955676316,1.3767306763471854
7528,1.072369735105861,0.4071492983225467,1.499039800246467
7529,1.0492758588957645,0.40512160152174265,1.4374321963471304
7530,1.219919331677098,0.42569667824543556,1.4728415822860588
7531,1.1928435374114712,0.4509298943286799,1.336809479422581
7532,1.171548186406112,0.33689478199362066,1.4199584318604013
7533,1.150280111694729,0.4730113412831346,1.28923301055255
7534,1.1509928972046803,0.26083809368699534,1.5378492816953417
7535,1.1288090750657949,0.36850599065336603,1.2388917225020908
7536,1.1661798048277827,0.45239009637167177,1.3706984126442854
7537,1.08690797020828,0.4680490817725509,1.3236094624770816
7538,1.1612714304845584,0.4143805923024365,1.451190396426
7539,1.187692031415333,0.3287170110357111,1.5501988730651686
7540,1.2388986888485625,0.4574817436037072,1.447745860037064
7541,1.2115751008145077,0.30062921626205996,1.6313254228062144
7542,1.2584847482752042,0.5424617853185265,1.2832582075769008
7543,1.2913624202676706,0.3586089892170987,1.2884700050812568
7544,1.281980618609145,0.21286887371482888,1.3201875300539272
7545,1.2577629042788407,0.24711862353833242,1.4004087956116578
7546,1.2399941655779687,0.3707070241600575,1.3076285994631611
7547,1.1955230453284729,0.38008104055578157,1.3287231563203399
7548,1.2867183296996596,0.5628201975798195,1.4375692630272803
7549,1.3388639178834365,0.26176077358684013,1.2878718517704062
7550,1.2771334858969878,0.3693132680358624,1.2954255591352748
7551,1.3610384635028632,0.2591814105398308,1.3532743937231784
7552,1.1940394037321054,0.31561473134640333,1.359878917710315
7553,1.217746938087554,0.5330342472633758,1.4641131053855383
7554,1.3233464107367132,0.25076041159045576,1.310338767605244
7555,1.298925658899804,0.4228554279153611,1.3238462625450376
7556,1.356518131020005,0.4031992348575171,1.42708159839434
7557,1.2951658510473507,0.3612488315048738,1.4437394763889069
7558,1.2576430869318644,0.41536727327381306,1.4930064424185718
7559,1.295456112699498,0.24717937109586596,1.4153192807591832
7560,1.2345864632440615,0.5285716198200716,1.3873005568394863
7561,1.259866464607032,0.5551820396079814,1.4219568961976512
7562,1.3699834642449094,0.3671662421263645,1.3536438023373492
7563,1.37005531181384,0.6045248287580528,1.3521390335363699
7564,1.3496097247315233,0.32207002687207126,1.2312758411023017
7565,1.2504375795273701,0.40177478461987226,1.4437627779311502
7566,1.3235910816615113,0.5046794175884758,1.3882916622180124
7567,1.285268415860103,0.3153491518279691,1.4326241426412052
7568,1.41033905422324,0.2228539391569346,1.144282825585226
7569,1.327306585097526,0.19959654612599298,1.3648668010114684
7570,1.3071714143728879,0.5666104770625957,1.2992522979145011
7571,1.3679000144208266,0.3073850838274964,1.4869203074689208
7572,1.3393386792940924,0.3414737608963742,1.4150377564523131
7573,1.45045407636813,0.24853107777405753,1.383728939275625
7574,1.3444305919691222,0.45440162182146476,1.3295257787229633
7575,1.3160972531858233,0.2811720760563403,1.3949479971982275
7576,1.28328329060484,0.3099622870042862,1.288008004008846
7577,1.3942422117273732,0.3888013190985887,1.3533769539658111
7578,1.372519372769939,0.25220553130754325,1.314178643289938
7579,1.3339862635960866,0.34051290333808903,1.5408602237591773
7580,1.4696892107568318,0.49835325477331344,1.4762308132081092
7581,1.4483668234557447,0.40071906027806287,1.4427733366214652
7582,1.4183501433344332,0.3707093335364396,1.2375998047558754
7583,1.4927131236166804,0.37890321796504756,1.425053007169518
7584,1.4623382022413682,0.31826503899795544,1.3700301264880628
7585,1.3927615238346285,0.5565557408940826,1.451990560157621
7586,1.3866140744470434,0.27548691482839355,1.3790029149544616
7587,1.4841222873539157,0.37755752157591077,1.351772053836489
7588,1.467666569718665,0.3677298979403686,1.3701109716281767
7589,1.4609370290957497,0.4568661862692402,1.206056926019049
7590,1.414702101427663,0.46607008190288446,1.2882152892286465
7591,1.4919771802250872,0.3523137181547188,1.3785749555771503
7592,1.428332657180876,0.3843453165015749,1.4389603420580832
7593,1.4655105893779579,0.3878953690701445,1.3028715840116214
7594,1.5474335061187867,0.12759111240657164,1.342748841485658
7595,1.4464945567501684,0.1956698596919781,1.2170369530871203
7596,1.4053099081654645,0.29382615042982985,1.460964768345341
7597,1.4357277889355853,0.2979365089077369,1.4324233939026692
7598,1.5424380873522838,0.2339321487685806,1.3945970138893102
7599,1.5097994680007463,0.4285828197932176,1.3740786451293665
7600,1.4949301253270884,0.3536007336149407,1.4648440172830224
7601,1.480201258322842,0.33168392269358404,1.2753457505585475
7602,1.5341763255066974,0.2273024928576658,1.265800838593007
7603,1.4716754552309401,0.34822833361252153,1.4228830742812077
7604,1.5336058917969677,0.08977930091366104,1.416614884848471
7605,1.4859209132332505,0.335917258552922,1.2406990846090893
7606,1.481730381249236,0.35829652617333335,1.2927794520117086
7607,1.4988369390036507,0.3759350838185026,1.4695257975271485
7608,1.516006724009208,0.1950989914627079,1.3664424308672831
7609,1.5363687925898024,0.37375658013036905,1.3955932562912265
7610,1.5545832449547745,0.24689767424753947,1.2390084939629122
7611,1.362358927724964,0.2695598687956722,1.3833762537247307
7612,1.5103275545874504,0.42236619731224606,1.2163944339831334
7613,1.5350302169773633,0.5517507935812822,1.1706857053721549
7614,1.6337257878043028,0.35524181534731913,1.3863315791085131
7615,1.5083014590051178,0.26816306742741675,1.4420561138433978
7616,1.5742348577023535,0.36850648736577374,1.3061130421026554
7617,1.6446041172598245,0.4433093430833359,1.2818078910223947
7618,1.5079254951524692,0.4112733239310935,1.4615164446039541
7619,1.5969573585783812,0.6232521497888512,1.3081830778412809
7620,1.54079265143814,0.27717455591650014,1.3176220330924275
7621,1.5592847901780078,0.3736990660828648,1.4575184806470518
7622,1.5479333798304205,0.5031354735759151,1.2928340766008075
7623,1.555030335906186,0.4966275168540817,1.2679181991715638
7624,1.731214553323032,0.1527718700897489,1.384601198899745
7625,1.6407985819635496,0.3472121248968922,1.2615327680505584
7626,1.6570802585713076,0.49576834211019677,1.3060344427749153
7627,1.6299709923594843,0.6361490975524674,1.2111917687126783
7628,1.5283964511730275,0.41723307413477856,1.330678700155631
7629,1.631754830289315,0.3098359977943019,1.3204177931184942
7630,1.6689103748223588,0.2454710073788381,1.391535261607965
7631,1.5758098604119923,0.5680348077859936,1.3817983920925578
7632,1.6699207457765055,0.4188039339389205,1.3564641230191001
7633,1.660004104177502,0.2608925396098112,1.3430085342093645
7634,1.7204801489421901,0.3251532063150922,1.3047337290067693
7635,1.6100374937795066,0.3762572588231717,1.3584850974329636
7636,1.5790519148002906,0.3993891901603307,1.2198611899241982
7637,1.6188138810925154,0.2548167299852854,1.1200582036839288
7638,1.7115933475849203,0.28312977813059764,1.4000572100663229
7639,1.5512703938288008,0.17902574104194793,1.3601655212211843
7640,1.5421038647935956,0.4480659566065793,1.295203237918899
7641,1.6527801484705067,0.3096985642647001,1.3904568899178904
7642,1.6289241279968858,0.39026341198254644,1.2451030362417417
7643,1.654138376851737,0.4856280867693399,1.24631463477401
7644,1.7036708534851754,0.3651603916198133,1.2343548061901424
7645,1.6313846897125845,0.3316476237797301,1.3464279474559038
7646,1.567925087616985,0.36210826547510816,1.173514486860738
7647,1.7663157344257634,0.3488070769020955,1.2379277259316093
7648,1.616700304611404,0.4668759672519938,1.3215959552291858
7649,1.616033444652224,0.3731152102805294,1.201221343267631
7650,1.7265481415029293,0.2873633236451584,1.2438638495501246
7651,1.65446752669871,0.44636053828106304,1.118899104801536
7652,1.6728050821880722,0.46439642702835954,1.3434254478125323
7653,1.7023491760574956,0.20728743922113824,1.2390710808209409
7654,1.7345761807320415,0.49417155249977296,1.205292951859587
7655,1.6658633696649712,0.3771371549716674,1.1887717641480826
7656,1.7606251735217908,0.3687659377004419,1.25805520599053
7657,1.5798803117600495,0.440874522186599,1.164239118763274
7658,1.726653735806946,0.28328768747305033,1.4451817922570733
7659,1.6486331861679326,0.4351751966436965,1.0981522743229033
7660,1.761119226765882,0.30185476790583676,1.2520233101833635
7661,1.7014546797881258,0.1918109674668634,1.2957669674562837
7662,1.6625044783879899,0.2393042788881667,1.2243262358240754
7663,1.7310393841187288,0.395556112152332,1.3024698098945116
7664,1.7442544326922333,0.24408126752744452,1.2206744310044626
7665,1.7333373197332198,0.49941003701216036,1.406193971135369
7666,1.6513551282516976,0.4571052436045279,1.1934206805258576
7667,1.6801859600710558,0.4712954387320777,1.0939779241514032
7668,1.7056794258012289,0.3502041541654219,1.177341419039137
7669,1.7052655428646954,0.3632873820966578,1.3112871261083912
7670,1.7462102996478939,0.21790510911276323,1.2700802998595397
7671,1.6093213483454591,0.4366298696235501,1.3388321576351938
7672,1.7280748767763483,0.37481023798280005,1.3179489374007098
7673,1.698100151761052,0.3933329785804548,1.2260553510683196
7674,1.671863321949519,0.5052092703697335,1.2369800780620075
7675,1.6778014466503537,0.27555761350428926,1.2444300011912885
7676,1.705284501352165,0.32331572898764765,1.4251541023817742
7677,1.5369907666147204,0.36837309750811165,1.3288228797383994
7678,1.6829620959096954,0.24193873538921412,1.4240432913844545
7679,1.6751651835055172,0.31649881349183,1.3391224997724551
7680,1.7464721207007992,0.38433024535451044,1.2659258541975207
7681,1.6803812395640312,0.30226985476339724,1.188616547533003
7682,1.710673973073937,0.46548778927178924,1.2854405454023734
7683,1.7992629630177799,0.18327340722153662,1.2636035072935792
7684,1.7725334638104633,0.4464201511379841,1.260135891370041
7685,1.7685434153701134,0.40003888681568184,1.250054944561477
7686,1.6989973017812592,0.276814941206899,1.101741613638268
7687,1.7516506598589805,0.2410345520781737,1.3659621377374993
7688,1.7132592527060129,0.1252249043268421,1.2602155577121466
7689,1.7155514881456815,0.2535135700721414,1.1502690338917718
7690,1.7461892711144573,0.43752679009007706,1.3011083077397436
7691,1.6961509745425332,0.32697875315333436,1.1932589665061577
7692,1.800893204821527,0.4486637628284051,1.3058562395802402
7693,1.7184256399894002,0.2701570644528681,1.3305771967248214
7694,1.757485935850862,0.40263343187171907,1.3407758492984956
7695,1.799430322067036,0.2599517475196172,1.2454924017203466
7696,1.7782619795348609,0.23492304639701422,1.2244248906927155
7697,1.6562089079897253,0.3205469119155622,1.2066459680954458
7698,1.748821792635595,0.2645422163417713,1.198047036350684
7699,1.7689816529867801,0.17653603353958172,1.2536361629578079
7700,1.7708540638941233,0.3123663063714737,1.237430725554773
7701,1.6703579436247185,0.3410209930185226,1.1873180251443107
7702,1.6928792432778608,0.45699313429164945,1.1610042670108796
7703,1.775113793554006,0.4236178093585689,1.2429718335092728
7704,1.6868993116510842,0.45171167671054574,1.2161023413281302
7705,1.7095505678442235,0.40153336830966607,1.1586951787028523
7706,1.8028238193651562,0.3625393024917567,1.3156171589984715
7707,1.7210813733013604,0.20616409042180894,1.3901063945374803
7708,1.6865206209238552,0.3438265015830284,1.3245140829542423
7709,1.6783131787245475,0.38829950639388233,1.1890605907130523
7710,1.7381115055922265,0.47414491652254054,1.2418264167696513
7711,1.6540464574028624,0.3968111146394337,1.3682488212703705
7712,1.707512262224666,0.4520018886663376,1.150288800651502
7713,1.7356627366816817,0.22454518657039585,1.3059632021178775
7714,1.78302786575818,0.2948847892576736,1.1266803078434042
7715,1.7504640325190555,0.37024334497153516,1.3764218994355204
7716,1.6803467943404098,0.4431854098829386,1.206446203873219
7717,1.773881690129849,0.3123492888014661,1.418367891925893
7718,1.6988429882620695,0.31840971532363627,1.3774630770968859
7719,1.650839041693334,0.39515064487174234,1.2298776624441443
7720,1.7027751144323904,0.21363197967276992,1.1800143537634489
7721,1.7819862744441637,0.48674211047171845,1.2523240517948833
7722,1.7169882019839133,0.23787078417033036,1.2215050768063511
7723,1.7079485468579931,0.13370833390996095,1.2029687664425126
7724,1.787727280311645,0.3263570045995142,1.101621941485122
7725,1.632791316871524,0.494979346066318,1.1922841420459547
7726,1.6385197130404767,0.38356210544740027,1.1437880740840802
7727,1.620396339950743,0.39980930770714884,1.2759367432588336
7728,1.718158594876982,0.3286224349414724,1.3102697024617205
7729,1.7061370385029944,0.3090298585026724,1.2894183349409452
7730,1.7731842240561253,0.16956056490844992,1.2567337860297934
7731,1.7064051676083216,0.09789691373820941,1.160291924095889
7732,1.6721567110538609,0.3432469549604926,1.244137807893787
7733,1.6905367829910192,0.45465896596919964,1.2903087598426755
7734,1.6943643685658953,0.3576018861718915,1.1791710499480135
7735,1.6028725582733254,0.3853330811875397,1.2347717020804327
7736,1.819908677553554,0.4811296393831639,1.2127992982528935
7737,1.7082671568951455,0.35541946974814126,1.3566095401828797
7738,1.6906057624956266,0.3100623177104532,1.2909285824859793
7739,1.7086457160797668,0.24026053357020583,1.270722569124255
7740,1.711090867550849,0.524119599987763,1.083839913093313
7741,1.6662762859862077,0.37433859422720056,1.2341885523227663
7742,1.6393765984354445,0.22710926031176765,1.2071471886211442
7743,1.6984971559002933,0.2041384235907538,1.2056429328647404
7744,1.685347624323434,0.44634746431103534,1.0928502043264625
7745,1.6230567603560067,0.21708296590951293,1.1300901140967083
7746,1.731944183996267,0.5059967378226125,1.2108590675212818
7747,1.6730533361235445,0.04475337138017904,1.3046383320602173
7748,1.6922224685530998,0.4624456422849579,1.1674378476868024
7749,1.7226259935087997,0.3686622173438153,1.1818751984323053
7750,1.6513757735061037,0.33161893446507523,1.3555486790481635
7751,1.6633335076042726,0.3020005467023156,1.1885070902548442
7752,1.6851452970540286,0.508406415133622,1.2011418202220674
7753,1.6055126281719494,0.3898264981080408,1.2014180387283093
7754,1.6415240030752427,0.22858757520346518,1.1021903868033671
7755,1.642118852811242,0.14680440605207787,1.254768363314814
7756,1.5850130456840665,0.3362127301740585,1.1559886762249822
7757,1.7456271936092533,0.318163644257957,1.205007905604813
7758,1.5562651834772292,0.16607184408019365,1.2421587180059452
7759,1.558564576513045,0.31230732683496143,1.3612093501305156
7760,1.6859767296182435,0.26024138890642134,1.0995795375123865
7761,1.652680358611002,0.31835217304620794,1.2733966495058682
7762,1.562426774012025,0.3898039824590438,1.272893404018136
7763,1.6407540699392233,0.46626121210222016,1.1515363653680089
7764,1.6804036975233172,0.4076778579433492,1.2497523931866823
7765,1.602076850953043,0.24443375706909976,1.332466049727883
7766,1.73006757488462,0.35325836338200345,1.1389930669434123
7767,1.5104176922002766,0.3224667217027445,1.2187084869252331
7768,1.6277645687161113,0.18273241365869727,1.2309756848062596
7769,1.6478110243753366,0.3555580275794024,1.2405270893314035
7770,1.6304219545023124,0.5011915632168948,1.2585378593888106
7771,1.5719664114957435,0.3185567103918126,1.2095011743856965
7772,1.563951199055939,0.15568564268814375,1.2364744842703927
7773,1.5969295984444971,0.31792077850530515,1.1216850298784107
7774,1.6117194809179276,0.1933128321837323,1.2069270648398807
7775,1.5972255576511074,0.400834883315884,1.1549038781354957
7776,1.615235988782757,0.3667512521123413,1.0938297912460409
7777,1.5083822545153123,0.296964307578156,1.1506899938456903
7778,1.5439916857532239,0.2807295859059943,1.2121840528394736
7779,1.5043961230488865,0.2924134213830897,1.2246978364040468
7780,1.528070550647882,0.3142552794261058,1.087564366266567
7781,1.5940794747572615,0.23599544560621177,1.113234528711085
7782,1.544623227681566,0.17423489659714106,1.2454292666437563
7783,1.6654363456361414,0.42667149543931987,1.227317237655373
7784,1.5405972133205816,0.2740530382156684,1.2568427565944773
7785,1.529709549081397,0.3290891203080756,1.2945106582449313
7786,1.527797118310191,0.340704817871406,1.2273253999822105
7787,1.4863259203469612,0.3441706223288441,1.1503205545385493
7788,1.5110186841062387,0.19437886491485135,1.1919043808583436
7789,1.5659602681218454,0.14396887699118055,1.3147199774373157
7790,1.5108963632067427,0.2524760082667954,1.4022964396387367
7791,1.4611188394432617,0.3507089196429958,1.2174010644794369
7792,1.4500990496450705,0.23813542360263196,1.2224110463306053
7793,1.4693725282427865,0.2752310571202012,1.23683726884304
7794,1.4910734562574455,0.5232458541043445,1.1798984353088495
7795,1.542526027958074,0.12576678249536355,1.2703182515441203
7796,1.4112578792942456,0.23459896754638887,1.2570690176931854
7797,1.4576962429400957,0.49955610797973266,1.2039914878200595
7798,1.4762783834592796,0.30522930563914635,1.1494162798485976
7799,1.3727234479081927,0.2388842656447439,1.0524191837788424
7800,1.4180456550971883,0.42615342079962165,1.2318855228292036
7801,1.4210194083647145,0.31459345710673564,1.1895391699525275
7802,1.410475472858657,0.27403359567897206,1.112707673112286
7803,1.4551009749408352,0.3278954868849593,1.0805545779637233
7804,1.4326838359937706,0.24264200942236963,1.2230824551340738
7805,1.4081261082706291,0.20649821734145496,1.0412890695487864
7806,1.4524408880894868,0.2966822011352202,1.1925799380963857
7807,1.5123230534294856,0.20673690506704,1.235313863038769
7808,1.5032333952600068,0.30870077624650655,1.2110429674584628
7809,1.3202084000768226,0.3428670825316021,1.1350145795259243
7810,1.4402526633782575,0.392527588740611,1.0655465459899862
7811,1.3975260828376275,0.4198092955813274,1.21168130520344
7812,1.4091898191666,0.2662385372125292,1.2599853923011926
7813,1.3764998028716442,0.35654917487674825,1.117349172798831
7814,1.397252875112254,0.35565572168066406,1.2029453103985626
7815,1.3938813800726546,0.33898104779809757,1.2881391936895144
7816,1.3522795599620308,0.258049170366452,1.1879515979968136
7817,1.3313039744750257,0.20298440145791774,1.128319780712387
7818,1.3485623360063814,0.3557875787610131,1.242565353115559
7819,1.3775649157647303,0.13469747660170317,1.099519584828939
7820,1.390637168154976,0.27839626825693664,1.0538970093081603
7821,1.3981712686237024,0.04961372427732208,1.2219664881115466
7822,1.3255923634708364,0.17113333338003064,1.123716748262354
7823,1.359274222004326,0.2168570671997172,1.1301174986129254
7824,1.3879698462563885,0.4140399025006451,1.1045138928098586
7825,1.3928702901373045,0.37297544014584194,1.1160742291166466
7826,1.3263783505835356,0.24856846047317763,1.2653732849144468
7827,1.3129869893669865,0.37669633461655927,1.2853620144288276
7828,1.3282880209558248,0.3923192126919691,1.2951924186724977
7829,1.255929839143457,0.28728812768099266,1.2380363039095563
7830,1.2984038307674042,0.1647146290859082,1.1873613929101725
7831,1.3399689314448227,0.2821591782239027,1.0347103938242823
7832,1.3294790080115533,0.2929592690811686,1.1335253247945365
7833,1.2784975707290442,0.17930130543812584,1.3203022304206895
7834,1.297513945748701,0.3390497932021363,1.1121472254512184
7835,1.2400009160394851,0.33012480310297726,1.2673640999302909
7836,1.3110022789820854,0.34644652571181983,1.1498715071047347
7837,1.2665202092010681,0.32963333768536807,0.9304538594450147
7838,1.2511872197092897,0.3745242378334731,1.1951812128956667
7839,1.2414625456665012,0.2834061719057762,1.2444803694041466
7840,1.2509589562956709,0.3213166597297174,1.1384984502063862
7841,1.2262561806641772,0.261163428706794,1.2403008497856198
7842,1.2760956641431886,0.24228697745786304,1.0074697174056042
7843,1.2179553564982954,0.4343614376458256,1.0292904336440774
7844,1.3118918691883945,0.09595931353829967,1.1557648823268787
7845,1.300021966581952,0.3878120252104603,1.1767855852186586
7846,1.1766962288093425,0.23788191474834683,1.2463838918456258
7847,1.2192653025670002,0.2247322938313746,1.1882132207776157
7848,1.1777492073791596,0.32569410252105574,1.0408511227454837
7849,1.1884474134295018,0.15037576852551654,1.1526277911582576
7850,1.2993952626660932,0.21753493125064982,1.1828855332170596
7851,1.178386301904264,0.21402391542851285,0.9841323182676626
7852,1.206264585516517,0.2765988287571295,1.129824565185408
7853,1.2098057286987913,0.21812579302813728,1.1057133475460899
7854,1.127193087457339,0.4584524703609548,1.0794297168181837
7855,1.1289537287590732,0.47784342599547314,1.170953041539288
7856,1.10589092738857,0.09574372712698132,1.0383225726449685
7857,1.11637719273619,0.35217678735362246,1.1628941754547055
7858,1.0126585904316532,0.38341243059096886,1.1735503265754283
7859,1.1768748084356921,0.35164630897119453,1.2147398244888212
7860,1.2468427420088877,0.23133827362636475,1.0374134434243398
7861,1.1460137604464689,0.2725420329896343,1.0061169727756456
7862,1.0623018088945912,0.22192622197616216,1.1480972253099477
7863,1.0954723585406922,0.2545295144770247,1.1021329648411073
7864,1.0991672011185927,0.1753617766678007,1.3564969113931427
7865,1.0657361521664641,0.2846818910274699,1.160215495018393
7866,1.154133894346095,0.14568322734383968,1.1274397797297877
7867,1.1461527011564168,0.2757526998742478,1.1082123312302279
7868,1.042388151787593,0.1707108746614293,1.0238458436238993
7869,1.1309424826815642,0.31605369938891464,1.1656540374216187
7870,1.1655639389077939,0.2272332580303311,1.1134651310291404
7871,1.1788938167830036,0.32403653101590874,1.1127853560894578
7872,1.221577372555677,0.4029399822703268,1.125860131792488
7873,1.0277768057372705,0.4535301472638998,1.1352563801590723
7874,1.2086564653290075,0.04158866989783344,0.9776741347984633
7875,1.044314005607633,0.2107735253985753,1.1830321320497688
7876,1.0269903438590309,0.2636882638132437,1.0476109426543088
7877,1.0675674719463903,0.339833720766366,1.1035406136422623
7878,1.0167225014675112,0.12856968649473713,1.2167127752634703
7879,1.0604015009390846,0.19520022470331777,1.2554539562025389
7880,0.969081702289585,0.3062496445264113,0.9763166956517723
7881,1.0177972714952863,0.3015073376080324,1.1140345132573835
7882,1.0886769543019226,0.33058507352249566,1.1327071522093193
7883,1.0162218477127505,0.33699565513808255,0.9895313593751852
7884,1.020846426376176,0.326292505386572,1.1736012280912196
7885,1.0322364720583657,0.31160370333410453,1.117955583662148
7886,1.0617292316561,0.29761738848319824,1.123448480391244
7887,0.9151737486180489,0.35832508939968033,1.0337731149419211
7888,1.0219167670882354,0.06772201275807804,1.1394704076322557
7889,0.97405645302094,0.4458932567230095,1.1727600121763109
7890,0.9905859328115385,0.07081746108698078,1.1151490372897304
7891,1.0300604728517229,0.18315537208510319,1.063113936536817
7892,0.9121813703120077,0.26820149107621694,1.0686073559607352
7893,0.9161055436937827,0.35794500609481966,1.1203891412064122
7894,0.8648331653557254,0.01,1.1059263482531319
7895,0.9290339569620131,0.287483964573064,1.1736738906464013
7896,1.0179216116145802,0.36934243447348664,1.06213351071049
7897,0.9403000794685088,0.38936140463406715,1.002350267223937
7898,0.8742744952317778,0.21998341852949266,1.1278386321688483
7899,0.9119704609181979,0.25943977579459654,1.0601528767667772
7900,0.856857826358359,0.22771554038872732,1.160317828110962
7901,0.8700114711380822,0.24987006530454492,1.0974948576386236
7902,0.9407554315465155,0.18576218146904694,1.1485458060726343
7903,0.8576888661637625,0.19982705459946787,1.014284855688992
7904,0.9671071200015162,0.3319975256884131,1.1061710770477404
7905,0.9030375750681825,0.30152906170068666,1.0380295624939706
7906,0.9060173066316632,0.337333994183645,0.9956116561430977
7907,0.8829891836974405,0.3093847295238017,1.0236243333331758
7908,0.9307472427925916,0.3582252257901761,1.0482266969877856
7909,0.9264870989262948,0.37542096851989304,1.1906328124804948
7910,0.8993337847964958,0.11323623756879544,1.044654889262258
7911,0.9061006655767408,0.2017853931018308,0.9878802566936798
7912,0.862565518979458,0.2638873486338439,1.0993955102781676
7913,0.895618060048959,0.284565905640341,1.0904860930406368
7914,0.8469815062884533,0.2196334420951297,1.0480622065565648
7915,0.8593844998858421,0.3776538352602927,1.0738038608813094
7916,0.8409687506912801,0.4842554009868195,1.1640756786389124
7917,0.8272989805878607,0.30468598293915256,1.1389102292579978
7918,0.811194688411092,0.2943132409661523,1.131268923177865
7919,0.8645570038643945,0.37063424067951556,0.989113424481827
7920,0.9022573094986164,0.09891424404421262,1.3140092744884915
7921,0.8908693644759174,0.28815484489197335,1.1664637900523436
7922,0.7651064268230738,0.38302139148199854,1.123004563015328
7923,0.8880488852225187,0.22061239402128102,0.9877764814678535
7924,0.8033688902385064,0.16208184719192073,1.1560194583074699
7925,0.8450360213878283,0.26596758216304933,1.039390874423279
7926,0.7654460576253159,0.27828996430959096,1.0632200766042523
7927,0.8136485940368626,0.19330377027655676,0.9435804640679715
7928,0.8180642709016408,0.4935957432088547,0.9780057035852117
7929,0.7240125401572881,0.23592072085178903,1.111690093485202
7930,0.8245573723971804,0.1682352932878039,1.1563876492109881
7931,0.8573789732970091,0.27405009204627184,1.1299642085561208
7932,0.7773254134921002,0.3740094092076474,1.1265208323492986
7933,0.8500795851203582,0.2847760176979338,1.0685579312261426
7934,0.7686380488238965,0.3314053579565804,1.04048709894414
7935,0.8166920655212636,0.1955064053822566,1.0954201609486083
7936,0.6594134163556266,0.43123793394486054,1.137306581182934
7937,0.8874492253491095,0.33845194212711255,1.0712687378651145
7938,0.8374913983939413,0.3868628717119436,1.1669862371455915
7939,0.7447354667566103,0.3184207789351585,1.0522473281587144
7940,0.6566510266952224,0.3642052456149684,0.9903178234641911
7941,0.7659864828751527,0.19422383723630554,1.06719890294411
7942,0.675759590051196,0.23220042802105637,1.0757938832667469
7943,0.7666109258256194,0.4158020307722578,1.0600423886851886
7944,0.7614008530421176,0.4369407924290185,1.1683464060457953
7945,0.690249017232237,0.1660727890867298,1.1296077604717174
7946,0.7899067756301441,0.3055658319938605,0.9499984371775894
7947,0.7707193940334728,0.23731084601545865,1.1865136647561676
7948,0.7758573871522471,0.21051520460854684,0.843741998891102
7949,0.7241783308224676,0.3085155711031238,1.2344288461918347
7950,0.6496724643035481,0.3939412692851596,1.0386544600394778
7951,0.7660998282942402,0.3248247222336277,1.0457659587918298
7952,0.700489840779921,0.2475208530625544,1.0554230267310547
7953,0.641366568238889,0.3307719634070495,1.0903341798119854
7954,0.7753499921211499,0.24310209954156597,1.0587905793160417
7955,0.8096564427176266,0.32012514250316204,1.0474343811259923
7956,0.6996076037426443,0.41837440196777553,1.1621142920664025
7957,0.8066562137001698,0.07082610936326078,1.1019438147388498
7958,0.7003425375448854,0.3580816723149708,0.9792875906927364
7959,0.6738774429086161,0.12426544118552346,1.1145420522026213
7960,0.6585478321366578,0.40081831891014985,1.0965134083407642
7961,0.7691427549150531,0.21409772493068793,1.0102601277743277
7962,0.6455469615869192,0.15584800968639428,1.1165507460565554
7963,0.7186310575863935,0.34695705506950053,1.0398719780563674
7964,0.6512710211353242,0.3136622468907357,1.0340424903587535
7965,0.6536239442404239,0.17714178171630915,1.0311623681648585
7966,0.7256105447443284,0.15157585086960795,0.8561254895786803
7967,0.652603958297438,0.257943155467219,1.0075389709088045
7968,0.648922984941306,0.15609820980304506,1.106029226844524
7969,0.7234093997764632,0.17017533102358157,1.0464833841843697
7970,0.7442951383600216,0.287700553663929,0.9447627512709935
7971,0.6943658055663139,0.17936728023033272,1.12405001370769
7972,0.6271490314429982,0.31842446433897736,1.0222938134415298
7973,0.6321636884242392,0.4246011091698384,0.9477585648344721
7974,0.6595470783112531,0.2605475448196044,1.2212688435633086
7975,0.6695058437337676,0.28823465163776923,0.9598377459630116
7976,0.6020251045877963,0.4768458001721102,1.1137550453580014
7977,0.6855805955772265,0.15609271883846065,0.9811552310513387
7978,0.651766102646549,0.3937931759387215,1.0528716039725745
7979,0.5598183917723537,0.3815723641317549,0.9691365413377301
7980,0.5973226788780233,0.35973540817179517,0.941472707910721
7981,0.6167797730094853,0.4032956511543388,1.0816997324882365
7982,0.6366127138062824,0.30199567633509694,1.071653721215438
7983,0.7330412917311462,0.21546266558777433,1.1301098437126025
7984,0.6488602022046128,0.3830305013473906,1.0350952058942118
7985,0.5933400224399767,0.3866750720623372,1.2147822372556027
7986,0.644889990906081,0.3837400412131397,1.0579306214854414
7987,0.6147869041599244,0.2774767808945694,1.0811141176046397
7988,0.6472151995331175,0.20122516424529582,0.9264075188554608
7989,0.6586449659223205,0.2917990052260504,0.9852652886490115
7990,0.6887708434417286,0.36670406696339586,1.0752770450246765
7991,0.6258412834910612,0.37473465068703193,1.0262755425383219
7992,0.7078036263890983,0.229150386509991,1.0473399679994349
7993,0.6701105409221209,0.3034739372879419,0.9663178292160527
7994,0.588245170545247,0.14087758654509666,1.0407055585329392
7995,0.7330717140497731,0.37006931739295645,1.0397464011644981
7996,0.6379445877867786,0.19306244221824054,0.9351413153228533
7997,0.5789088166738369,0.3497379852655341,1.0802939491540349
7998,0.7024352171695629,0.15610124352586652,0.8921990677765098
7999,0.722857398772047,0.37399266432332506,1.0422580689078114
8000,0.616550727154773,0.30285408547550247,1.1680816535712242
8001,0.5923075423958174,0.19235441000286582,1.0805939530666875
8002,0.6082140397374451,0.3394455509818102,1.0794099777667494
8003,0.6519668407272002,0.21109359714016518,0.9529884878932071
8004,0.6795753503534231,0.34490524356982993,1.1656246254056113
8005,0.6437140004013643,0.24235868576953054,1.133554603141268
8006,0.6198378145660024,0.09748533412463009,0.955247903013228
8007,0.6892692125118591,0.17116875583729935,0.984072449320424
8008,0.5983987598246041,0.22618936195241235,1.1217448503265108
8009,0.665313534067968,0.40587030778989874,1.1643834690077686
8010,0.5991464641667863,0.3589864606402702,0.9188365615860205
8011,0.6349378657531854,0.43107905049058326,0.939034801804529
8012,0.6076007982837842,0.43387736195145155,1.0071493948942851
8013,0.6104336335272452,0.2148598103189598,0.844285937812609
8014,0.5943593474452735,0.24930737449170984,1.0188186501773813
8015,0.6805289216046002,0.22684935690455613,1.111476547806788
8016,0.576752576972372,0.20064769677856797,0.9008485865391149
8017,0.5765550277130149,0.0834708133677699,1.0254310377182725
8018,0.7198391677400868,0.26596715843482455,0.9680442080307168
8019,0.6629597839364112,0.13870713566357537,1.145105375167799
8020,0.4951446781676359,0.26366839046330015,0.967650635760535
8021,0.5865253931694291,0.4784846618597838,1.1340781675409914
8022,0.5246318028891627,0.2157951921827627,0.964087500672247
8023,0.568194604821011,0.2860293418375272,1.0729036063061133
8024,0.459356157969515,0.3570391377820695,1.030691276317116
8025,0.6100399927326559,0.2942259047127344,0.9988003476226354
8026,0.5604547305322432,0.29526778893505823,0.9459468583427844
8027,0.6212641392433109,0.22960183962754116,1.0343642090243816
8028,0.5377845034349122,0.24247711649778753,0.9726016340016108
8029,0.6240124086224452,0.16948681086598918,0.9519914846280918
8030,0.6000017303300732,0.3499154310491842,1.124319377167504
8031,0.6967803130718041,0.09098494949027858,1.0496331986356502
8032,0.6932399289426312,0.362066251818742,1.056651566203433
8033,0.6629829902324424,0.12441100009368797,0.9731626849145347
8034,0.608482745738972,0.3608651042439448,0.9889428614297788
8035,0.7252341715408968,0.22904628008507855,0.9832660047440221
8036,0.5495189836418414,0.14106493728658015,1.0294627059132686
8037,0.5582521715885813,0.3220055614466949,1.05315976938995
8038,0.6255539390125425,0.3567764586521326,0.9987277291983298
8039,0.7438114960458196,0.21991596582878736,0.9370690298241215
8040,0.6224125123737131,0.335609128212216,1.0606595011140882
8041,0.624840292710511,0.03486398371505073,1.0018198535637568
8042,0.5634332184196248,0.13113728109940795,0.8832147574261286
8043,0.6844043298738076,0.3922623969894319,0.8269926551117956
8044,0.6863985542533532,0.24047928728970885,1.0209830200192709
8045,0.6798780072807346,0.07644970965210146,0.930128796114827
8046,0.6107001669054722,0.19260936858296224,1.030307567302364
8047,0.6086150907715558,0.16998100036971628,0.9331094717549749
8048,0.5811356430019325,0.2455500520571313,1.0051505800700091
8049,0.6518786217752859,0.22489642091529616,0.9635608198378733
8050,0.5956095981414301,0.27969010271330474,1.1333242724046835
8051,0.5927556407283961,0.2546758515358543,1.0685339671254643
8052,0.632489766525317,0.3974220253550884,1.0996310145471533
8053,0.6313154613449055,0.30372871917678806,0.9931100729148282
8054,0.6310242339594699,0.3068668957993339,1.0563145558949085
8055,0.683445989183218,0.37744143858891244,0.9971975565878769
8056,0.6663272380061217,0.2218749586429808,1.106773169328812
8057,0.650268400432351,0.13439031272627724,0.9827416439150055
8058,0.6761782387538767,0.38110142871401154,0.8760886504621022
8059,0.6198524327598588,0.2738150259855503,0.8273397032873686
8060,0.6771434713376525,0.27399254254674466,1.1200363812582126
8061,0.6819097387173118,0.1965511157670216,1.0241943544867225
8062,0.6017764144266871,0.19802537627693317,1.0287974876036103
8063,0.7293114036490722,0.3442100605586961,1.103772147921204
8064,0.6381015453254296,0.357830438939843,0.8518053435775661
8065,0.6893835273260646,0.3375743474184932,0.9546002977033856
8066,0.7458314544210435,0.3383154303025719,0.9637475014160958
8067,0.736685284835287,0.315749601517877,1.0413602360310608
8068,0.6949561669141844,0.2718264138765524,0.9259125653904097
8069,0.6779997855165543,0.24096378047976338,0.8845598860851975
8070,0.7464324687924188,0.3793618568388118,0.8831883315077669
8071,0.7357703666337387,0.22078522254151112,1.0713165432732341
8072,0.6741424202338452,0.29498318346111346,0.9193078385236635
8073,0.6683870492448966,0.17741202942021916,0.9338967511210274
8074,0.6076307328344885,0.1917116072569099,1.0281661804563913
8075,0.7221122327683365,0.2338543503898858,0.9208393086735822
8076,0.7134829745201474,0.1769043801675752,0.8397081145594614
8077,0.777679403230743,0.33691192540757253,0.8489173753534704
8078,0.7421189883278141,0.1221519570032471,0.9702587919206664
8079,0.7942181892323273,0.2667070979962612,1.0139400057395258
8080,0.6960227765318745,0.2698638129690626,0.9573248924119098
8081,0.791226186798462,0.07536202712979492,1.007291141502992
8082,0.7113436145179626,0.21216869856054027,0.8431803687763169
8083,0.7801827333004885,0.28167024396711593,0.8479351653303213
8084,0.6719208891159623,0.2988024128634644,1.151226831466367
8085,0.7602134780156624,0.23532832979229606,1.0688876410052612
8086,0.6528618857672173,0.3232774218893326,1.0311360228865678
8087,0.7424202793060395,0.24448664010154356,0.9161941011177608
8088,0.7815166563219968,0.25661333493577326,0.9492858134141807
8089,0.7372128914847248,0.2802433219736223,0.967546787565294
8090,0.7145419824301731,0.34760790266305835,1.0721837563771173
8091,0.8132121334837435,0.1871662575551848,0.9986142127330399
8092,0.7696148328855059,0.20588610176892347,1.0078206491654835
8093,0.7542302294624528,0.18750898421331294,0.9516915331192335
8094,0.7847629812832466,0.2210093192035857,1.0278739450771093
8095,0.9184993026754793,0.39668308704801136,0.9880037999749067
8096,0.8483764844332853,0.31116287651068225,0.9666974676141243
8097,0.8529029529511178,0.1406121662386383,0.9030870121117154
8098,0.8206615357243181,0.19350735313943307,0.9528065312034254
8099,0.8113550439018706,0.2906597937585228,0.8748886064617902
8100,0.687409420516599,0.16256342748489006,0.9573994817006425
8101,0.7774830466358106,0.18051144828362714,0.967083317170264
8102,0.7916572232432363,0.3873727782341031,0.766969170771571
8103,0.7262301445073177,0.19137072041065312,0.9402641377882297
8104,0.7664272552432339,0.3480065488169908,0.8639819700091348
8105,0.7296135773413044,0.3779038823631714,0.9973050436811464
8106,0.8311301866941977,0.17885716265434987,1.0077486139035026
8107,0.8784088350014823,0.1630390365670927,0.9220310110195298
8108,0.897266156293327,0.2242541160419404,0.9994227503661658
8109,0.8671558354754718,0.14283669703098184,1.0021495499339945
8110,0.8027678143032069,0.2636351132233409,0.9358505638891274
8111,0.7588867750241125,0.23079890225433233,1.0763348491825147
8112,0.7722299245576122,0.2872545748122844,0.8949503801324891
8113,0.8012380214556901,0.3907235102738452,1.0700305388242322
8114,0.8248879565159476,0.33261036572302577,0.9336706589542111
8115,0.8660168409401968,0.29961865967682766,0.8835862587275226
8116,0.8279984426572389,0.053922766748261325,0.9222946653079384
8117,0.900386426263023,0.2946982435103594,0.8618340039488892
8118,0.8765830487964795,0.4224565598970475,1.011916792480063
8119,0.8935107373750593,0.01,0.8202980876100177
8120,0.9548098610744259,0.31879867869472733,1.0590561544889439
8121,0.8436262976919491,0.23375804881745565,0.8723863796624546
8122,0.9284398463412231,0.16454799886181848,1.013556732167155
8123,0.9116983811428994,0.32947406132743395,0.9479316586436223
8124,0.9006403531708308,0.42016560759630267,0.9670283601836698
8125,0.9665198122187968,0.3265520157720213,0.8975296357798402
8126,0.9711742393971972,0.2117437837943039,0.972328133332403
8127,0.884889233627945,0.15435014311762402,0.9542722438151128
8128,0.9281191895252131,0.262994146107437,0.8262126420247156
8129,0.9563239465311978,0.33568267959508086,0.8652171730332914
8130,0.9336713595803181,0.20949492574677073,0.8983162689400616
8131,0.9816527792656723,0.21899651752950186,0.8805619994077452
8132,0.9715624982447744,0.5300695402405599,1.040559497730793
8133,1.0542527988247488,0.35556951857906427,0.9402690759766551
8134,0.8912527578043137,0.3625521106396412,0.8767879702744079
8135,0.9668065127160557,0.10134568102902844,0.8991942463517489
8136,0.9326838834594774,0.17649054248432006,0.8974733568661168
8137,1.013513655287432,0.25451282300869954,0.9141614338808952
8138,0.907667013613324,0.14676626172200058,0.8505544438908956
8139,1.0110760949211945,0.40675521557114125,0.8708421283059885
8140,0.9675098865613981,0.38758229416430356,0.9966614069129553
8141,0.9675725309047779,0.1930322171681154,0.9495369548587221
8142,0.9372399656786764,0.4246144084737777,0.9218995708621663
8143,0.9916107322670787,0.24563324447979082,0.9336738831162077
8144,1.0744040767703509,0.5048334415887629,0.9291970952235141
8145,1.0242484670163159,0.2601992078868697,0.9154897799860029
8146,1.0622345650565703,0.3031861040653181,0.9729673823962548
8147,1.1194385305663699,0.38539351648835846,0.9664309351466258
8148,1.054762825232713,0.37300295975919096,0.8046166531678257
8149,1.0190158426484035,0.29614939279439945,0.9192126843927971
8150,1.075710832214124,0.23079882456158024,0.8086524887745616
8151,1.0305368942365352,0.2961629056805919,0.9793450113959326
8152,1.0379445811262284,0.16296810644660448,0.9892933667313162
8153,0.9925950752902832,0.25963689217868924,0.8783993498269201
8154,1.120336027553135,0.13332987233321958,0.9173029767827504
8155,1.0601653501590995,0.06600967542601224,0.7571109128526765
8156,1.0940210548734641,0.24897783818694283,1.0032321767299337
8157,1.038576496046255,0.3700003815947533,0.9815661570956997
8158,1.1176376577894054,0.33619059578515803,1.016182756106402
8159,1.0632155790184428,0.23525654942213095,1.0424835544310558
8160,1.0997056963538194,0.417984504380398,0.8250157782737702
8161,1.1561664977959072,0.18621725917325566,0.9933729665483921
8162,1.1573022426580715,0.05117810382802318,1.040059104600405
8163,1.1221563153890126,0.02458932032047692,0.8015342476452152
8164,1.0403487141002457,0.12451854332461956,0.906789718038528
8165,1.2838965888214764,0.32413840719298626,0.8908010030916397
8166,1.22705259395605,0.17883406776968208,0.9876970664816533
8167,1.1813992046556152,0.28824871124707263,0.7271321961952143
8168,1.1131127671296115,0.40661980398815356,1.0633118696455082
8169,1.1506019574717956,0.13182049549215513,0.9084204692712404
8170,1.1346197114783687,0.28951899852979385,0.9900995747718186
8171,1.230492696755647,0.29540427362450583,0.9113820392707842
8172,1.1859336518650228,0.15527321585723003,0.9549604252406172
8173,1.1391078038384415,0.3766072628399991,0.7292667702781743
8174,1.160284054386667,0.2122547275653511,0.8835798576065281
8175,1.2453847935220417,0.20248950495622448,0.9815819671880783
8176,1.2748310616885647,0.4518656018675769,0.936250686983725
8177,1.2767401780018173,0.29282053822038967,0.7815962466399269
8178,1.2436687229481165,0.3329126098185938,0.9168493659545534
8179,1.1986749276683362,0.3757126457056933,0.8458282340664867
8180,1.0547145053084988,0.17501585707699174,0.8382867307670278
8181,1.2371266402005707,0.3648853778924702,0.7884577844856407
8182,1.227649503849914,0.18955397447520286,0.9590029960884507
8183,1.2402056536335007,0.18512127138162762,0.9979418060608867
8184,1.2413597719086877,0.21222394390673976,1.0779063694450786
8185,1.177802346014344,0.17705789487579826,0.7897657192252774
8186,1.2774280711108532,0.3213205652084782,0.9684744387331011
8187,1.286601734255876,0.2656666372985937,0.9731338538876824
8188,1.294531666397239,0.18966388636173892,0.8594356513756748
8189,1.3131573678435826,0.30607769330555523,0.8318660386310566
8190,1.3014343209965722,0.2109499144745941,0.8178096100403996
8191,1.2561223700211273,0.20550219538576858,0.861877824570012
8192,1.2784624318770155,0.24301880103661663,0.9196733018515438
8193,1.2919287352757052,0.2843377340819417,1.0116704266992325
8194,1.2981129192405376,0.2768178551960118,0.9906868258468939
8195,1.347980976137521,0.20134966947953625,0.7724250972163411
8196,1.3355818249128202,0.322227311528463,0.8379500875586474
8197,1.412579457512052,0.21511848431901587,1.0044282725503362
8198,1.4243346954759875,0.17170126470097208,0.8413695113600081
8199,1.3232772089658045,0.09023946824207013,0.8947041001932661
8200,1.1327294193554107,0.33520150612750954,0.7622348134653163
8201,1.3916547333127594,0.23796479583744,0.9903016958473805
8202,1.3080281168287704,0.2576552594709879,0.7444406596474931
8203,1.3001889378790135,0.3409906557331327,0.7654375620332895
8204,1.3255389143829899,0.1885121866179213,0.9803300643492999
8205,1.3283083831971534,0.09865543554606448,1.0492723231737138
8206,1.3864141677449637,0.24291608616204877,0.8718215894308315
8207,1.2829692871664107,0.26657693155695034,0.8907249364693496
8208,1.3121751696672965,0.20933873493273747,0.9665402089545628
8209,1.3883184741599317,0.3828403692778678,0.9164379493803193
8210,1.4073857748215015,0.01,0.8628293469012926
8211,1.4133718504977664,0.3471585289889307,0.8532555853371714
8212,1.346976800191098,0.3141115139031574,0.7661535087311218
8213,1.3424263134828516,0.2805166147472999,0.9095385536024887
8214,1.3709954591713094,0.01,0.8829561285272614
8215,1.4132845559314196,0.36291550457515426,0.8546884381168678
8216,1.480504108517793,0.13172691620582194,0.8089780023833607
8217,1.308772800875747,0.18344493461694855,0.816488166513222
8218,1.4049972372973223,0.21699877525733097,0.9374086320680961
8219,1.3542628618993744,0.2746438585083862,0.9578798085904858
8220,1.3431213541728901,0.2976889765257672,0.8605860568810478
8221,1.4788911236991606,0.32287444888895683,0.8515660103046253
8222,1.4625569294734557,0.31502006943335037,0.8172819530660862
8223,1.462551901068177,0.2585718675640505,0.9599292145004185
8224,1.4908576689722726,0.274715945445361,0.88687348013227
8225,1.425517725797392,0.12389294396476928,0.9132364975152318
8226,1.4325397479512068,0.15771037441396116,0.9118930229877596
8227,1.5680962876190003,0.3222039204846887,0.8580106688889975
8228,1.4510890402702579,0.31622379321492994,0.7888097687742602
8229,1.5047512642744076,0.30472783594596164,0.8017600945540416
8230,1.472859559997268,0.18075137116105913,0.9710941516237948
8231,1.384641671758111,0.3230875167431876,0.8222215173218546
8232,1.379305089760095,0.11575921765102698,0.8468606216618431
8233,1.4570366355462874,0.33946510629494436,0.7883521001169984
8234,1.5432071223415929,0.2054876105845086,0.781232147850178
8235,1.534199307376356,0.39983739966563003,0.8163987864718111
8236,1.5448372473432435,0.07912192100098406,1.0124194680354925
8237,1.4540952961283233,0.40745240876030114,0.9294051815851238
8238,1.58852055180519,0.19481154792946925,0.8340347672417323
8239,1.4637262491355791,0.19285613457000272,0.962224096598079
8240,1.5268203473477457,0.2501341239746847,0.8628265084013829
8241,1.519833517918438,0.16078863521222572,0.9827744761491587
8242,1.5157928069838127,0.22311001322113952,1.0507829431805795
8243,1.5955144035350362,0.15642677605799157,0.9555150854246027
8244,1.497390078352912,0.15992964102727003,0.8802442419520626
8245,1.4691882382015204,0.27857128293358097,0.92804336252438
8246,1.5416528442951507,0.13957293432159457,0.8727230648938428
8247,1.5246075618913753,0.15275695840181697,0.7240566802825236
8248,1.717374723861703,0.09214425701209461,0.8179860853957499
8249,1.5861980766183201,0.17887741604092322,0.7936487468375982
8250,1.535732843306218,0.36027789095776763,0.8150531336676866
8251,1.507181109986003,0.14437162975348425,1.0121108604591458
8252,1.4697183380983896,0.15564907478568574,0.9578102401622758
8253,1.51617673903123,0.24805210518759663,0.9027305455299446
8254,1.576848195863962,0.1914278780211543,0.9318690836691172
8255,1.6460890519266853,0.451170677156638,0.7149348402596825
8256,1.6343863096251876,0.21195025126583214,0.9239812727024338
8257,1.5932931754766135,0.26157279769056035,0.9403195622419467
8258,1.5691736115740393,0.32227585824010796,0.6853932677322476
8259,1.6022227888103207,0.3202048843262527,0.925215793105739
8260,1.5662567022808225,0.25092407509643355,0.7494951554447926
8261,1.681469132329086,0.21133088862630142,0.7052451961399508
8262,1.5894093016221857,0.4296949123730979,0.9683760432888322
8263,1.5978249966054614,0.21716455366271276,0.7811320066468967
8264,1.4945787051374815,0.1828201941616316,0.8038459187969353
8265,1.5987805407834883,0.16225303006951283,0.9397161315808258
8266,1.6535131328850448,0.05400643373953515,0.8355551990582875
8267,1.561393297002102,0.30869725509489526,0.8449879058291911
8268,1.580287441382728,0.01,0.8426614400575961
8269,1.660456253624899,0.22566154948310838,0.8860639327972479
8270,1.5499379831902715,0.20559699785376118,0.8395772978017846
8271,1.6795636226484962,0.4499289086927081,0.8662425382484661
8272,1.6029213859178852,0.04261669520126332,0.8162565843923029
8273,1.6129071565036321,0.13552101832473137,0.8841159644262566
8274,1.5789003167715892,0.2118713303861456,0.8805073830301632
8275,1.6567066101839376,0.20557777195230814,1.006660730912188
8276,1.763459060236137,0.17022607621011882,0.8237600912676107
8277,1.6821523083647818,0.2169316740230466,0.8389576088323616
8278,1.602425713058426,0.09892422176197294,0.8722278587651461
8279,1.7049338072247489,0.26044991218101493,0.9297082058340917
8280,1.6347816070844712,0.01,0.7646583625460852
8281,1.7217523820836287,0.22185424753322203,0.8597034957137059
8282,1.6957239865009948,0.1642459427683581,0.6502238686664699
8283,1.510544353810853,0.32576093522486704,0.8285603539478065
8284,1.6097577010396062,0.39951387638131053,0.935534403331798
8285,1.7093899370074839,0.19072828035962197,0.7910585573059914
8286,1.6719110379801672,0.3627569175470366,0.8627310501265225
8287,1.6152461486908485,0.19192362338334723,0.8057060607914064
8288,1.6368082882062607,0.12677362529597835,0.7787011736589251
8289,1.5751775752494726,0.3978277662727422,0.9246074487205401
8290,1.6680199918705072,0.275166272189501,0.7627034694478454
8291,1.7848697888193394,0.22338380378950679,0.8691973600650378
8292,1.7164258083940878,0.29150912193524176,0.8698646140311839
8293,1.7874908143623236,0.25006439985363754,0.7764892464635978
8294,1.7238274376556606,0.2155725764141148,0.8565251272326452
8295,1.7327657722187266,0.08970275423156862,0.7687119536703165
8296,1.781726379261285,0.19514438182089666,0.8846889795445679
8297,1.703462485850402,0.2843755152122207,0.7371881959070001
8298,1.676760898602724,0.20962484631592296,0.8146540107425183
8299,1.7392239770579536,0.311986679638983,0.821039690287993
8300,1.7616976807413893,0.25997181911134665,0.9297371960742173
8301,1.6663675772779083,0.13364499660655038,0.8513439343558542
8302,1.6555929158759166,0.08939384274836282,0.9159816608251933
8303,1.6998650048639574,0.20544569701550766,0.8833963316396833
8304,1.7356931105807296,0.16859330896992844,0.8823261268746756
8305,1.7351636779417308,0.2545010397438239,0.8113484432768726
8306,1.6251365670801057,0.14890789607059107,0.9190171532709228
8307,1.7929558098504481,0.1590353306351053,0.8082930060916319
8308,1.6662924372934502,0.3257345342669561,0.69784292859343
8309,1.6860171145979372,0.2351009566349356,0.8184886933198663
8310,1.6550017216259727,0.14986114839661657,0.8713928503877657
8311,1.8358592477478972,0.2217513288173204,0.7060281229003572
8312,1.7137988991317776,0.3577316630205285,0.763193804995654
8313,1.6598432723582495,0.24907269603128418,0.7349991024425655
8314,1.7462288791221654,0.27884269427157,0.8958281004174773
8315,1.742074099216029,0.14417784337827855,0.9661646675594384
8316,1.6947594256297374,0.3218970159581398,0.8150050187460324
8317,1.746648367082264,0.45091918295142197,0.8737490442936375
8318,1.6637694118719775,0.13981616869588057,0.8711141981193068
8319,1.6807477398553337,0.10062760886895392,0.9544228073495356
8320,1.6051860767951491,0.236225401300661,0.7773615910469542
8321,1.6397461761130743,0.3060759496997739,0.811422646607256
8322,1.796515614578463,0.2092408424309169,0.8011989807089763
8323,1.7883393367594658,0.11291363200998365,0.8339377289457692
8324,1.7096346255805712,0.20723041440753096,1.0277019389508202
8325,1.7895124852231241,0.27775271376300825,0.8292700967502437
8326,1.6983263210928987,0.17709505655412508,0.7578773355478716
8327,1.6940670622641703,0.27837859058691244,0.7333437570510619
8328,1.7089140334243613,0.33397911363281024,0.9253648502129926
8329,1.699636734378464,0.24138614065350436,0.7558629704699311
8330,1.6948607042082924,0.21442344052208664,0.8771407351747166
8331,1.7624715343145214,0.30000784628743415,0.7691292859948475
8332,1.7124329374536653,0.13131870361306713,0.7216203533076874
8333,1.7401182065709193,0.12131323199227964,0.8708232859154247
8334,1.7555745722339704,0.1899825122219988,0.7713996397215115
8335,1.7228697592989743,0.16730741687110884,0.8553455566438025
8336,1.6543453602526033,0.13601688268133072,0.8607067822418207
8337,1.634557665837477,0.39925374172411776,0.8639183728286598
8338,1.7089256513463742,0.43326212527948804,0.798218629306703
8339,1.6921531437971726,0.1805483062382358,0.8740189436350543
8340,1.704258610206507,0.2249468075362851,0.7447746519865905
8341,1.6982032226305637,0.19684682855268862,0.6217056011376831
8342,1.827245371002511,0.3262373284045551,0.8740390216029553
8343,1.6305600932716893,0.34590835018259936,0.8301900779987341
8344,1.5965228479950122,0.037473899443841524,0.7675921310347277
8345,1.711531884298833,0.2626579402781525,0.6981620853856932
8346,1.674929015675966,0.08423140269508908,0.6523843208266482
8347,1.7083349568625192,0.3905975246554768,0.8189066933402455
8348,1.720451558783508,0.25865197939920787,0.9461271056107563
8349,1.7541330217613067,0.13214918544198334,0.8025969997841622
8350,1.6131815266456098,0.19020905871082816,0.7842324885458746
8351,1.6592667266152592,0.18530062516712215,0.8106479798593549
8352,1.7070453888784365,0.2665668939707147,0.9863922651439645
8353,1.7225802436689666,0.3181042039241017,0.8716670041694815
8354,1.7921244513406451,0.0989496532058264,0.736287816420366
8355,1.7285773982960824,0.3975033663999148,0.8126816798205612
8356,1.676238461314104,0.3740545559422378,0.836488211545405
8357,1.6327874152507185,0.12581091213496698,0.7248464004238918
8358,1.647271802911944,0.22048126688345468,0.8695450503474782
8359,1.6439741938064605,0.38413985516785,0.7428503870713548
8360,1.7044401738795076,0.3362088674262539,0.6868607589719142
8361,1.6825438170871387,0.17910080838558853,0.8132887931764968
8362,1.6014733956437275,0.29406729004575766,0.800087687375009
8363,1.6437693946934342,0.5122114294631726,0.8060408097385832
8364,1.707297297299835,0.22286598461938306,0.7444137565590443
8365,1.6788055446600656,0.14894364181103825,0.7550394386375886
8366,1.687404424424126,0.2293090269998361,0.894787660791329
8367,1.6758155142059201,0.23658092042810613,0.8392626146172582
8368,1.7356358831161607,0.15933080025525095,0.7269002740689893
8369,1.6637093193740429,0.25580583834000536,0.6468487605039773
8370,1.6301469729668532,0.08606217705286287,0.729216108597486
8371,1.6011496643608507,0.14480794179279255,0.8144186118567994
8372,1.6568557849748509,0.28704494551555926,0.7507457703041353
8373,1.5197268394606278,0.03559261602804051,0.7439942691803345
8374,1.629883396294671,0.30125578747713344,0.7530997841981569
8375,1.626090988334347,0.01,0.7938827036707917
8376,1.5653941581735027,0.037525505770373085,0.8619365865253756
8377,1.5843889739406984,0.1606196975124571,0.7986002171571244
8378,1.668419818878,0.23906365782339042,0.803056470126612
8379,1.6365575888239012,0.34276342907861784,0.779580788938789
8380,1.6271471355975684,0.21585923374496288,0.7570895355966492
8381,1.6343617527220773,0.18530157871095768,0.8680461702333973
8382,1.6206136380976732,0.26777513962078925,0.8553682383171929
8383,1.67501478600337,0.12258730138127752,0.9590679924319523
8384,1.6158843284208269,0.22347896115833651,0.8437606225502101
8385,1.5335955381411168,0.08945317435154157,0.7545125658906557
8386,1.6847584351471796,0.2175172998236931,0.7214841929229497
8387,1.618467422287853,0.1961351565439549,0.8695628573502409
8388,1.5671392385053045,0.12855263091838448,0.7275995771799451
8389,1.5305367192756558,0.22534421353127815,0.8570491066328764
8390,1.6095610850470756,0.22455593482549435,0.7309490481061478
8391,1.5804193605583943,0.3261072831314592,0.8191471861124063
8392,1.661452238913488,0.047859546673455794,0.7059071176628906
8393,1.5618711650070474,0.20067909392461686,0.8525510940580949
8394,1.5336741528317268,0.132118935009223,0.6909399353124706
8395,1.6166650481358829,0.29498266359142,0.8109440071037383
8396,1.6144271107154642,0.283259039534542,0.7727543297094553
8397,1.5728394540717046,0.2585172851494356,0.7962004936108216
8398,1.594425059710559,0.13720753478700912,0.7558664763320092
8399,1.554879990641319,0.295999571101955,0.7534651417211742
8400,1.564571928876538,0.054301164348722536,0.7988639380579782
8401,1.6072001073298239,0.0336450234185621,0.7057862252636717
8402,1.5762463102531654,0.0794509224206977,0.7047917336655558
8403,1.532504825985797,0.20355256202815256,0.7562260907974148
8404,1.6045335408143295,0.27427859576520375,0.7525893406094893
8405,1.4145786132270621,0.01,0.7034324843176182
8406,1.6312905141510663,0.33876093968705745,0.8572789748742018
8407,1.4392142586702772,0.21946026422165132,0.7560618721374847
8408,1.488943238975153,0.049434289660249375,0.7641650634632082
8409,1.5139983801057606,0.21616879291317373,0.675574415404248
8410,1.504427721728339,0.3151893004055369,0.9469865390860118
8411,1.5577413432729637,0.26574361504925187,0.9749003988214211
8412,1.4501599537403724,0.3155696658214075,0.7177828043580153
8413,1.5116835000046052,0.06890063407918123,0.8777816313393237
8414,1.4652907372488,0.16398780230251314,0.7718300268932213
8415,1.504477814034633,0.11278222284516531,0.9069573880637659
8416,1.4819652499302594,0.3768726777059836,0.8050355366665036
8417,1.4852978571308935,0.26891424401632125,0.7855992782102503
8418,1.448566600624889,0.4895423121308476,0.5771585021019059
8419,1.4459364147471347,0.15794388450139085,0.7062936933376114
8420,1.4811454598704203,0.1321009922628445,0.7777062758657394
8421,1.50927573648682,0.19014941607881944,0.7914407185216829
8422,1.427450483325552,0.34213155944655455,0.6778438618837488
8423,1.4091673835921936,0.16754771653088332,0.716212321856051
8424,1.478487365384814,0.21646738416087227,0.8182736349101096
8425,1.441365511127395,0.21355672423778935,0.6628251885303339
8426,1.479660183772568,0.20770145026499431,0.7836649419556553
8427,1.3879586837919764,0.13837613885054287,0.8714877072663741
8428,1.3393590383694824,0.189751179353766,0.80277419907743
8429,1.3967328733920448,0.185334417693365,0.7982611152859559
8430,1.380087675518794,0.2024526939201497,0.6092959498369631
8431,1.4094587362019257,0.2974254140771848,0.7046412762220787
8432,1.376519856538553,0.37900119835365803,0.9342170199845984
8433,1.4403485287636357,0.1187596714483783,0.7214348370247351
8434,1.383797829926015,0.16346862819545346,0.8700131462645225
8435,1.4006093256303531,0.12003173386714813,0.7194753791379698
8436,1.3958206827732962,0.22110810047817198,0.7456049524370657
8437,1.3925136636500535,0.1484281140076713,0.8085658237155083
8438,1.3763605139398212,0.22610794603048867,0.7748629419267759
8439,1.3978726795900247,0.31235624643307597,0.7968174620907161
8440,1.3273106907100012,0.01,0.7003145515720651
8441,1.4317907869230326,0.25090239907820194,0.6743738030815625
8442,1.344695622131017,0.15557126710595284,0.6938956754990824
8443,1.28562431177562,0.24749785026733398,0.7216702796403408
8444,1.3552619121228184,0.11167442070286536,0.7454038863689711
8445,1.297933417930476,0.3208132937937284,0.8462194328038393
8446,1.3683716150040872,0.29238117666875935,0.7697160634703829
8447,1.4401763902935214,0.2577543389776285,0.8009881988153581
8448,1.2849380378730757,0.28010779446039913,0.7730405340120223
8449,1.3354356307447546,0.12608936375607704,0.6719700736531309
8450,1.2255724819935074,0.1385553119766785,0.762079075258969
8451,1.3305546830584007,0.27562767361864393,0.7706531193247205
8452,1.2580668436729985,0.12347759441090601,0.8204777834100621
8453,1.2655859077968112,0.3446805575046765,0.6736905929619528
8454,1.2362209552202965,0.16762457880278095,0.59543881956453
8455,1.3223335627516961,0.2500398468906041,0.7722671814204375
8456,1.3305155683981305,0.40964217062611546,0.7859688007269797
8457,1.275728136004517,0.12896178285307486,0.7428050772258031
8458,1.2257307904385928,0.20632728160769281,0.7588929314342969
8459,1.3428068052735658,0.3047364998952168,0.8264487835972256
8460,1.220174505388007,0.2943130878132733,0.7189386171881909
8461,1.1439441403637898,0.1662710719226435,0.7328482017788696
8462,1.2693028909144122,0.14724690168317983,0.7609591261793811
8463,1.185469890864669,0.17547378307851386,0.6565481131293295
8464,1.2844523063787658,0.3434406721957576,0.7414789214820213
8465,1.2102668423027916,0.17061191748329665,0.74802898106906
8466,1.2538004293604037,0.20620176813853483,0.8835899052951395
8467,1.287970567293863,0.1555793357421678,0.7282756917336535
8468,1.1517236956045787,0.2686807113730933,0.7676245940116657
8469,1.1781317422680915,0.21354631876678326,0.8246121877744538
8470,1.1968984421512336,0.09751848204477215,0.6836234196779649
8471,1.2718049625466996,0.10084758776788218,0.8601811806222951
8472,1.1562462330957346,0.01,0.8907316535937323
8473,1.1536712967727534,0.11433439394183458,0.7468107505395656
8474,1.2015283324866468,0.2767295147327462,0.7054691201003436
8475,1.142978969236552,0.329579475390307,0.8782938431553964
8476,1.1736806519430871,0.26562783277631835,0.8112761757123849
8477,1.0826868608950968,0.25240387897174504,0.7536849912289113
8478,1.2651855970529102,0.18415680393707384,0.8607770414465912
8479,1.0812855726983261,0.27416970183445105,0.8518113238181724
8480,1.1267824725275235,0.2251749935169115,0.7187341368886727
8481,1.1354428419793172,0.37686108062740775,0.7650361573335754
8482,1.2268963727034181,0.18644075152707745,0.7907845751403869
8483,1.0592136092361037,0.3304552780723292,0.7464433164856517
8484,1.2188344715672939,0.28343515181423345,0.6323793355416795
8485,1.1517014808628157,0.26943743330826175,0.6680926217482317
8486,1.128891363939644,0.01,0.633997088727747
8487,1.0530000286123145,0.28855104408620647,0.7815971153972434
8488,1.1249856220688346,0.1827509121127039,0.6469203752264918
8489,1.0544533819635893,0.15097876952196596,0.7565677253333377
8490,1.1481628092035085,0.04694991064124471,0.8872326342523109
8491,1.030482132930976,0.19455238392967505,0.8544083206168942
8492,1.0675868256899799,0.19833622629182143,0.5927000807147099
8493,1.0396952137221358,0.06455093037027546,0.6369043302058934
8494,1.0123020125375786,0.04739324780464768,0.6765864978648753
8495,1.092969191594268,0.24325344219187664,0.644693608908
8496,1.0769074980186102,0.2816323228553636,0.6054183742018877
8497,1.104823322027689,0.21336050273910265,0.7363646454288184
8498,0.949624770781053,0.3092861650828065,0.7931485924379961
8499,1.086080808586614,0.18543477635904423,0.8125722749005913
8500,1.1524070689784005,0.18850880828878988,0.6978007886833799
8501,0.9988240914907698,0.10211187998665504,0.7135162438617216
8502,1.1104448390118296,0.03766131837714856,0.7632327038270633
8503,0.9968209148249232,0.37902264887271975,0.7256099901683102
8504,0.9356609355537735,0.3065573458910626,0.7986480144520708
8505,0.9833136837291214,0.05404727549932145,0.7677396247732431
8506,1.0453313914527604,0.20874490025384052,0.7027173711631967
8507,0.9453508232623786,0.18303634147109643,0.5838024351084368
8508,0.9515942979612343,0.16551307417190042,0.8517678089571614
8509,1.005653476200922,0.15188197135226517,0.6764709631055273
8510,0.9705090338903899,0.23078219115778395,0.7594748287097753
8511,0.9939815072625757,0.27434443495993094,0.5770557191752921
8512,0.9710515333221604,0.23263769083490782,0.7289909662381231
8513,0.9775669394753479,0.18021851352395227,0.7374308144124955
8514,0.9264127060013749,0.1764195417560365,0.7408119121640351
8515,0.9540734312321459,0.28569559301723446,0.9695414217604863
8516,0.89059493058895,0.2382306883560238,0.6774630257726125
8517,0.9958800858461292,0.19902725935016688,0.7931204939001173
8518,0.8942581673160401,0.1880403870147388,0.7688411353066638
8519,0.9769469962734781,0.22602985663322625,0.6722069262062011
8520,0.9033767567783931,0.14454031082566143,0.7904674272518089
8521,0.9197298444987687,0.2734015204776751,0.7123843520934423
8522,0.8794753018265434,0.08353432662726863,0.7950659589624176
8523,0.8480387775857863,0.14984716084091504,0.8814403081812923
8524,0.8062374699431039,0.25197613525437074,0.7361443283377029
8525,0.8353686759250947,0.0774500430956719,0.7011078393544491
8526,0.8666218218727467,0.03331035366007182,0.8072401145767683
8527,0.888117119892199,0.1967919436779641,0.8343659567234244
8528,0.9227720661036263,0.020711413560048186,0.6514915050446018
8529,0.8447197350320176,0.06035001107238033,0.6854342667367127
8530,0.8176891681428982,0.2657630003479135,0.7752237420934576
8531,0.7844566763842139,0.1694983692468875,0.7101466864882244
8532,0.8754269346739894,0.3183989809227291,0.6438823735729372
8533,0.9154414616573578,0.0692423271803625,0.7630045282357507
8534,0.9044833880964789,0.18020208435483184,0.7729884465413304
8535,0.8715763176624202,0.22942942014826756,0.6920390557689423
8536,0.8629478257998451,0.07229319993335281,0.7232187838853081
8537,0.9108715073769258,0.29239469566815834,0.6717063228105216
8538,0.8375932305607118,0.24016028990386845,0.6297347789571861
8539,0.8483241600732394,0.028037673328660306,0.6771105280277329
8540,0.7950371778057831,0.18506626677174465,0.7223125267113366
8541,0.7380635660565809,0.22731026834275933,0.5979133615180923
8542,0.7670938126003102,0.1295831595615379,0.6815223434607357
8543,0.7959804752705358,0.040476652378169414,0.7219929851084462
8544,0.7946619960825209,0.21618342164989898,0.8100628819340691
8545,0.8831539321630395,0.4093363212150989,0.6890065327542523
8546,0.786153499303268,0.14938818340255094,0.6138658824833043
8547,0.8363153787822717,0.34488536217231275,0.696289735958014
8548,0.7509369456536032,0.11260709613155061,0.6672617760451104
8549,0.7524591181095,0.20926535955520836,0.7562867048808795
8550,0.6969796033675784,0.26473795031536446,0.6846054109657054
8551,0.7217360868182279,0.18661931517557942,0.49431824023023063
8552,0.7806599464407077,0.15756218474541783,1.0060195790069946
8553,0.7501836167464329,0.25982365288973963,0.7216050470551068
8554,0.792484061731836,0.3762316466076334,0.7168779850207412
8555,0.7499685904327942,0.21702014502003006,0.5859568623457104
8556,0.718889651447412,0.13523083547246978,0.5916314299689339
8557,0.8395717487440875,0.1677371810075283,0.7009686807932979
8558,0.7231448531976603,0.43855866788928993,0.7347462449642932
8559,0.7817121970123895,0.1999542644777813,0.7635499250868634
8560,0.6992632243478295,0.1268979153780804,0.7259043765030212
8561,0.7506050386184265,0.07170830879699608,0.6115628718108976
8562,0.7573674920694369,0.01,0.5056101174572989
8563,0.7172736333011537,0.22232540648026722,0.6974791701161218
8564,0.5850483082103768,0.25130724170884816,0.6623088098545388
8565,0.6996499995504913,0.1460495703575375,0.6035511843564255
8566,0.7562672082464755,0.18409837502048762,0.7703320321324192
8567,0.7171673845277551,0.06842555685110055,0.5775719991158644
8568,0.7091771276409768,0.19864096765097503,0.7525067237722691
8569,0.596907274287163,0.23337412899014515,0.5898695686905971
8570,0.643175788535302,0.13158472830392282,0.712939403917419
8571,0.6959887122847199,0.3540230623337075,0.7764622693053702
8572,0.6922065300745791,0.10114388526722576,0.674241984655204
8573,0.7287318625174894,0.21307898306817524,0.8360028747019597
8574,0.6571113353175825,0.26943993146391076,0.8537731434977287
8575,0.6810473853474632,0.17675622835378127,0.7188494982238831
8576,0.6580221210386091,0.16551454734795534,0.7427198996973836
8577,0.6043495771403304,0.04135274699989486,0.7837996620318213
8578,0.5374468820894626,0.31985072630810985,0.7420312558430007
8579,0.6683734455638535,0.1670045530909351,0.7329911072040056
8580,0.6521539546873949,0.2376077940474482,0.6556209115534071
8581,0.6092289351770959,0.2510207603568101,0.562093093761311
8582,0.5559079212004212,0.120796404051948,0.5854093885296543
8583,0.6651305595212114,0.16375101611920026,0.8867421537121951
8584,0.61717303744279,0.316829816474552,0.7214855344585749
8585,0.6551870019586042,0.07153960118096517,0.6755705013408114
8586,0.7174689993218386,0.3959290430341543,0.7958280315884739
8587,0.5141677281039515,0.1085279062285501,0.6343421928200743
8588,0.5832816285601303,0.06494146962996032,0.7404847804093247
8589,0.6048652830439483,0.19600222918657545,0.6995490784399417
8590,0.6851980603050106,0.40348434660712346,0.729713820748403
8591,0.5278098720562578,0.01,0.6655370439823143
8592,0.7036472145993665,0.16830457791359824,0.6148128095637934
8593,0.6109222478840894,0.22991108791407505,0.6256974964674442
8594,0.596656133646861,0.1855280994831993,0.6283555816548094
8595,0.5889315870887769,0.22023386903255618,0.6903681355074756
8596,0.5744517917738299,0.11011707312506291,0.5656546956488521
8597,0.6461533689749758,0.12182695691269324,0.5898912772098689
8598,0.5378565551334782,0.1668357177530738,0.7000678730657712
8599,0.6061410874419131,0.06856809538765407,0.6785525948847668
8600,0.5673020485621049,0.17696726643480606,0.7035260964713607
8601,0.5460984198902801,0.1424404602507544,0.6842453721916094
8602,0.711251252285469,0.1341896347259399,0.8889064584073618
8603,0.6007061005734218,0.21312403865555066,0.6970714090004958
8604,0.6082718036576021,0.01,0.656148160050436
8605,0.6324064380556912,0.15792311674346363,0.694107577666334
8606,0.5024134967442904,0.4124469890678659,0.7671562459627064
8607,0.6591135138304292,0.07198020961469329,0.681132683829424
8608,0.4441237147586577,0.3090208738993219,0.7394246405784756
8609,0.5292608355661785,0.18581616255503347,0.7158737702349958
8610,0.5429302725413562,0.11993457594430802,0.6605008722151464
8611,0.5932060275216533,0.0480460773505392,0.692148511434695
8612,0.5733492582885347,0.19395840635211303,0.8107368495004075
8613,0.5524217504680885,0.32520996692077925,0.7018142802859169
8614,0.5585675882485327,0.140829268277696,0.6030315743417175
8615,0.5087272608248339,0.1715344466708179,0.6558979647698663
8616,0.48128389486003753,0.28054796034647167,0.5118648644975536
8617,0.591044496277293,0.21347832042762396,0.691542689220832
8618,0.5880340656836784,0.022044109015538965,0.7850622308546806
8619,0.6312599087392547,0.18904093394482446,0.5723315348382538
8620,0.5112774851671341,0.33025630842038356,0.6911696700505221
8621,0.5842191000765128,0.1752193832717355,0.757572952623038
8622,0.5342499759863837,0.01,0.7655771573343565
8623,0.60687312588355,0.21749660870526696,0.7802181204463321
8624,0.5974187834508964,0.15871038854881653,0.5279219814018319
8625,0.5559096930419348,0.01,0.7173253265824292
8626,0.5274587051658448,0.010397307433793634,0.556034498568095
8627,0.5916253185630524,0.2757099916412038,0.5961623062697063
8628,0.5751250286701144,0.10484224282564765,0.741268122241315
8629,0.5078165553006578,0.0872121985312887,0.687771875754946
8630,0.47496517268001054,0.17427937882560582,0.732785056537096
8631,0.5263028225861612,0.11330441244210426,0.5998992066619154
8632,0.6159324164665025,0.18761113139596203,0.7916674479643243
8633,0.5969762992442255,0.1572159009547321,0.7283968774212543
8634,0.48358379589391337,0.05737006005276228,0.744025275077984
8635,0.4804185882536399,0.12613163120065987,0.5860196453242558
8636,0.6022050461473386,0.22140861496078837,0.7656969473685523
8637,0.48141159552288576,0.18120703735272642,0.6462440814183302
8638,0.5634388682543106,0.16870301426210665,0.6221913637968541
8639,0.5070094527501939,0.3705177944126625,0.720679304733057
8640,0.6185623914250247,0.24976530919532397,0.7168522176965785
8641,0.49914427144627815,0.2617879480172013,0.6020031199416734
8642,0.5948471971041422,0.1598293240977948,0.8338063582924471
8643,0.5469939081152697,0.1983231056662667,0.8140042707707025
8644,0.5504908153872251,0.13308108779179662,0.7168132803763811
8645,0.4395539743083775,0.2538286417171579,0.7023972844532245
8646,0.4281702850206723,0.1649163314301852,0.693902747132112
8647,0.5275924029201386,0.19807683161130224,0.5430752540218927
8648,0.5513289218240081,0.19178299996261522,0.6756550066869834
8649,0.4831447851509594,0.17378807273401647,0.6741494700350019
8650,0.4854491649420727,0.46930653676416567,0.6196612324970886
8651,0.5684946829903217,0.1087088494676927,0.6405505534342681
8652,0.5691589989085047,0.10768274931244261,0.4743517111036203
8653,0.5347823970455257,0.24454678001126057,0.5766301792484896
8654,0.581390601730535,0.11550348626305633,0.7377153232509424
8655,0.48443928975337053,0.1457631086630155,0.8020224734308202
8656,0.526179297855953,0.06614608582467416,0.5876140627460977
8657,0.6272542347265604,0.22382648714602021,0.6772705009421637
8658,0.5492183586902938,0.22498001133112527,0.7500715803780399
8659,0.5531172724069245,0.14291875014700023,0.6201424717484039
8660,0.6631557711229058,0.24580337177196987,0.7154185019079048
8661,0.47900542751948105,0.01,0.6581747399112838
8662,0.5899653394023333,0.10340408871907623,0.7556696361838146
8663,0.6345714982827282,0.15697548930811464,0.5574012730161653
8664,0.5364146101189579,0.05662921461912711,0.57119135030027
8665,0.5969812021170489,0.01,0.681481055665803
8666,0.5062975479676569,0.14283621232447186,0.6663751446324185
8667,0.5225173306791224,0.24291210557011228,0.6537337721570031
8668,0.5776141246364089,0.3016053011580123,0.7038677364798956
8669,0.599862269118361,0.11855011591035491,0.582910650641998
8670,0.6176050178161916,0.2464850072214319,0.547369671181156
8671,0.6417198445934174,0.23670222345674405,0.6164780677392895
8672,0.5616021122762624,0.2947935101827655,0.6249869197283419
8673,0.6264466848084673,0.13779833967303162,0.6329122095595942
8674,0.5514979680004117,0.01,0.7566987119556892
8675,0.6156201639658966,0.17960575824101546,0.716371796983392
8676,0.5828475148382032,0.0710927791306199,0.6969612599588286
8677,0.5967693429185004,0.10000669920453584,0.6716259819846091
8678,0.5977279121358059,0.14212042919177006,0.6186951725520181
8679,0.4984388337548132,0.1382347905006813,0.5846791614750401
8680,0.5246438432554019,0.18616876686482006,0.5567869955907172
8681,0.5882069320266207,0.24221383480700137,0.5965641464632832
8682,0.5009996820706618,0.13501008422644628,0.6482563305201245
8683,0.6292615942828002,0.2112389089521351,0.5588570383025073
8684,0.6336696370328173,0.1730363513190834,0.664383329111188
8685,0.608894326576863,0.26498985819513415,0.6348329617426675
8686,0.5389759778658281,0.1524669779736591,0.6181706914886718
8687,0.6665891777783113,0.1633193161288005,0.7424440378683741
8688,0.7020447360073329,0.13365783562254854,0.45223904602913073
8689,0.6101921822456341,0.15475899918627806,0.6179575907034653
8690,0.6310711478630996,0.09252108910005503,0.4600286654867578
8691,0.6183889832779556,0.08249629801498741,0.6668766698817434
8692,0.6376295422223976,0.24821876574387775,0.7083344655209877
8693,0.6079932597359404,0.0622083353244042,0.5388400130611937
8694,0.6151538996986659,0.13850304689078205,0.5486527607440037
8695,0.6651294168083657,0.2718355624453188,0.5102025263076695
8696,0.7401363874801681,0.13491770796496752,0.6507273047914333
8697,0.5559131792448906,0.2529484121200143,0.6179426027572513
8698,0.6238372937282516,0.11085644955351133,0.6224832926595236
8699,0.5731653774869336,0.06473139140414944,0.6149082327362336
8700,0.7149991237240919,0.010251972449952712,0.5660286179259167
8701,0.609269132100018,0.30089384620575105,0.7340373303524232
8702,0.5698024939272929,0.05582127784080258,0.6648458142110734
8703,0.6772264095553383,0.24411408707958038,0.5478569140219527
8704,0.7359348311000956,0.0692878327374194,0.5861579744745212
8705,0.6853487362772167,0.3009081097971115,0.5720082259836807
8706,0.665905313125798,0.38973524823755534,0.7538202536516598
8707,0.6796657031704122,0.01,0.6978161416638669
8708,0.733540237006297,0.060356073265230875,0.6303723066235777
8709,0.6227237392767908,0.24603238609347064,0.7766423059647181
8710,0.664522436924665,0.2199110500680793,0.7558015312485427
8711,0.6512065982336849,0.2461865761622061,0.6207548888490502
8712,0.6192190071587892,0.11100654348683714,0.6059405354523971
8713,0.6650091543580408,0.36702329730719035,0.6093709294972175
8714,0.7406737149708199,0.1799626853380265,0.5617148867537808
8715,0.7175212240934417,0.046349413185668056,0.7762274222974641
8716,0.7253534230262721,0.14261882775366413,0.5565716015017278
8717,0.7044513915830354,0.04746506966020675,0.7061243654557023
8718,0.7273260471766629,0.32680405125108336,0.6914791721293023
8719,0.6652047201304153,0.10156501976598686,0.6114224276052418
8720,0.6938748481530918,0.21673479965885414,0.780191580945805
8721,0.7231079750787197,0.1203075162629928,0.5102368161503136
8722,0.7315818779187614,0.10572455375059484,0.6281660491491761
8723,0.7379542816530232,0.01,0.594995253441288
8724,0.7193069880317224,0.2268578759253517,0.7105433138976778
8725,0.711671077623252,0.29684721772397404,0.66155880790812
8726,0.8927885086938763,0.07522108535001161,0.4946678828018004
8727,0.7846357713651322,0.012183757153397312,0.731588092199192
8728,0.7643885720583522,0.2469271721856405,0.6708451952176906
8729,0.7365434484016878,0.01,0.5487477100035091
8730,0.7301530448058824,0.28832688210195656,0.6031918128598206
8731,0.7507210565593321,0.07582319744969121,0.5267547108454493
8732,0.7764861614563437,0.05582263059525355,0.6166581051257267
8733,0.6724426500013779,0.1908874159687021,0.6419145078401806
8734,0.6926502685324734,0.062116588128365915,0.602713500994848
8735,0.7439660977540747,0.09510882502102438,0.5930285967011476
8736,0.7908923367838864,0.20110761663603255,0.4996272897570849
8737,0.7733310616697278,0.01,0.6552068781901026
8738,0.8639938647473466,0.3297305492957605,0.47385251472173606
8739,0.720794299381633,0.16974234896677912,0.62987684415686
8740,0.762205968549991,0.035971518998614865,0.48303989584261375
8741,0.8806692141659753,0.06343344128154638,0.6305949107258384
8742,0.8161437706920394,0.26421254741112227,0.6256474353103262
8743,0.858784410402504,0.22504320782189313,0.6579872675651416
8744,0.9220899086864855,0.3035060580781871,0.6942855200661395
8745,0.789852925175495,0.0964438591613138,0.7086930069855457
8746,0.8246228157320438,0.1942667518569555,0.4956660734659467
8747,0.8210418707817481,0.20715545697965823,0.6193968229179269
8748,0.7420370371041536,0.23391578659645032,0.7845126810429658
8749,0.829378595607712,0.2770075927461665,0.6327498360397587
8750,0.8941110563594064,0.09244360666336288,0.5562985966050903
8751,0.8822741809016423,0.15264356028103346,0.6160152917861779
8752,0.8914123448139092,0.10293627522417012,0.5912833173667313
8753,0.8469224228863306,0.15858079803887504,0.5274454271458667
8754,0.83815837335189,0.23357607199180086,0.690676178147406
8755,0.9397165316051803,0.01,0.6674820871929991
8756,0.8567030225355913,0.27445178581531604,0.5135594720838601
8757,0.9016121994318523,0.049487443018943686,0.6124448221672145
8758,0.9004375992729676,0.1325597226762651,0.5741765634718718
8759,0.9707424957752665,0.2875821189196084,0.4909533961088428
8760,0.9516355140229423,0.19588014252631408,0.5054826576841912
8761,0.8437321448762855,0.19692348233895135,0.5169791203533343
8762,0.854568980791002,0.04479927219901654,0.6131694927374408
8763,0.9483645293302005,0.05834474474514481,0.5807958743493868
8764,0.9216948418838785,0.25677051192824174,0.5402855931650564
8765,0.9076655557422799,0.10362212393334443,0.5852587777615286
8766,0.9867371409543715,0.11293696961066953,0.6760012819259597
8767,0.9508789430574862,0.2587150326952914,0.6443235098732056
8768,0.9496971381806594,0.05722037584421705,0.6955269382977999
8769,0.9916515038432525,0.18902713855525022,0.5967022896082059
8770,0.9395073716712834,0.16628632481490657,0.742762052456794
8771,1.0423079037180678,0.1616190585413698,0.641994299451325
8772,0.93011452475912,0.10993617881956116,0.574625219395954
8773,1.0080135625261195,0.10368640664270648,0.6207657353190416
8774,1.0525236379843161,0.05372776304547203,0.5130747642081124
8775,0.9176462221634781,0.2097230084713131,0.5880175517962346
8776,0.9750367808169907,0.09453398491618242,0.64650209562267
8777,1.0550194218673832,0.25811583609588146,0.6606297844072158
8778,1.0614891876862653,0.13867841139422676,0.5784755843526187
8779,1.0007819083173124,0.05518147980040028,0.8295924064845266
8780,0.9783641048700928,0.1371378252842228,0.596697434436647
8781,1.0686460870677243,0.1197262498616313,0.4757956834457842
8782,1.0857884734950098,0.2616151386962871,0.7067220062470735
8783,0.9741490791053986,0.1236976777708888,0.6578245102238154
8784,0.9779667166842831,0.13286962912532632,0.6273833974014194
8785,1.0552137279672502,0.3015383796731075,0.571248856846066
8786,1.0812151791756184,0.211103554430355,0.6395047562428435
8787,1.0405971216737508,0.32644060827867183,0.7371531117065512
8788,1.0953252852406008,0.2859677626656869,0.623357494138558
8789,1.0316697864054534,0.07124033014321556,0.4892194892096918
8790,0.9672633771262512,0.2588450722315363,0.33014943620151915
8791,1.057629274611153,0.31227378485545043,0.6367783839286016
8792,1.087816449924908,0.31291830873389304,0.5267366613371085
8793,1.0766970140865098,0.258340204662558,0.5972291219665359
8794,1.0383960849154061,0.2561765875016394,0.5400765932179277
8795,1.011383512877031,0.1290519362042411,0.5339270168253267
8796,1.0823031232563172,0.07547365550593345,0.542775006022323
8797,1.1587332524816625,0.12388402618107122,0.5496043774591617
8798,1.1825039450775625,0.01,0.6652910231625669
8799,1.1849234702991263,0.2931732899667312,0.6486816534517272
8800,1.090585580983048,0.13045856861238525,0.5057493179995104
8801,1.0795379367054154,0.28781511416263506,0.5162481872668454
8802,1.1678955271247946,0.03542633076131595,0.6319155268353301
8803,1.1806570986992557,0.2667330982893869,0.6853850401856617
8804,1.1747460484169925,0.10887692850830699,0.6837555034102664
8805,1.059866453002241,0.029822512016839164,0.5201510980362418
8806,1.1230534250173967,0.3208657869227872,0.679128597369459
8807,1.1707366520599185,0.2687797477906048,0.45748225625013805
8808,1.2024002495217587,0.17912249226863802,0.5829534842947588
8809,1.2222171786001668,0.1612317783540909,0.6377470300282856
8810,1.196870591769297,0.2016838014632617,0.4320814566669311
8811,1.211996258254259,0.17709053721731538,0.76541562067705
8812,1.2054919533851887,0.07829503390940051,0.7037241562003318
8813,1.2413131358238587,0.1162124222590889,0.6489505997579563
8814,1.2284502249942533,0.353384522315887,0.5195900311887348
8815,1.2218593047199946,0.4244235731660294,0.5909462688936041
8816,1.2109095812138897,0.3133699790876874,0.6592307085709209
8817,1.2341377290877416,0.2048208220658878,0.5057869706476059
8818,1.2600368186615907,0.12311889404152007,0.5807650232373363
8819,1.254903485284431,0.07697064691468425,0.6676369999847023
8820,1.266281297196973,0.08345650393813542,0.47484228647978755
8821,1.3200735453179326,0.10125355742692149,0.6206077223072575
8822,1.2718797622829823,0.3715923753438738,0.4532362978660349
8823,1.2318418155779876,0.33699991829013465,0.5177145144297188
8824,1.3141277428539422,0.23089531459452298,0.5524594967165506
8825,1.207278061413465,0.06010201436102372,0.6335162679614018
8826,1.2271422245013979,0.2453648504806606,0.5359738678197048
8827,1.3036139416959958,0.13209355012541976,0.6016863075303985
8828,1.3182332971626451,0.01,0.5362698883554767
8829,1.2357354206019338,0.18445751494460438,0.5484047635439524
8830,1.2844036923652888,0.07145235008979137,0.6905132544709204
8831,1.2787784617193194,0.0747345834078716,0.49804857055033785
8832,1.2902678637826244,0.13039546823261164,0.650405895939112
8833,1.3672809742346743,0.10550038065049638,0.5891954824761145
8834,1.3609055840789221,0.15180347542641046,0.5428435753947454
8835,1.3300826903911946,0.14689265071790347,0.4910935828357987
8836,1.3091778995111927,0.01,0.49640430533542945
8837,1.2744088638779438,0.3069468081618669,0.5286196697766837
8838,1.4182935500221128,0.05647809205799727,0.57531524223861
8839,1.3822600092468988,0.05947274972610862,0.6352089497987363
8840,1.3226673791233654,0.12175415570756973,0.562517883059336
8841,1.3993032939972418,0.143672957512441,0.5674812613325795
8842,1.3651100456363017,0.30030145396485763,0.5790362777568053
8843,1.3595385421666193,0.18124291614323526,0.6235073374129062
8844,1.40090173062476,0.21084428658280394,0.6365592342710329
8845,1.3472871899099443,0.18154859269661472,0.473627917315971
8846,1.372368503891666,0.17713843644125754,0.5616295850242948
8847,1.400796360262876,0.18486260119418985,0.6819985492761158
8848,1.3748899474161056,0.01,0.4781275571446524
8849,1.4384276661934288,0.1286927529303806,0.5889733695286544
8850,1.5035088066321904,0.2698082902150518,0.5689722619631996
8851,1.377393309069434,0.5477129262409561,0.5369174379972415
8852,1.3368748278049671,0.0329466461219462,0.7091260589793149
8853,1.3250365909241146,0.19558331779173996,0.5844225319149379
8854,1.4225618187015403,0.09606851447764567,0.7019797517043543
8855,1.4018572355984265,0.357836281237508,0.581151059373071
8856,1.4503068384436106,0.01759080138301644,0.6171343491929364
8857,1.4514096534495524,0.21536108109435334,0.533749410344648
8858,1.3694519945224568,0.012044144653897249,0.5342531477916759
8859,1.3636683285147868,0.12080677823545513,0.6119022125657226
8860,1.473974990115875,0.14913037025420214,0.6129842324887885
8861,1.4706812150706254,0.2594291975959925,0.6262216841681625
8862,1.4473154712895153,0.04464174065904303,0.6081315218188886
8863,1.3904104613798975,0.2185951897273559,0.47069838161158456
8864,1.5014626671334304,0.15403318641886266,0.5127176152607854
8865,1.5460772644341656,0.17933334957074756,0.6448378504609331
8866,1.5009338415825688,0.24778594685230823,0.41978075688244754
8867,1.4491762397249701,0.023595738059434795,0.5994823881843987
8868,1.4982550761660318,0.23280970414050903,0.5667394797204652
8869,1.432161156802013,0.0947585884269325,0.6432727716880196
8870,1.557765692944404,0.2611353535433736,0.6082525075117862
8871,1.513321621728284,0.1849027731639677,0.5214212361066032
8872,1.4251438102454483,0.13039324053274748,0.5174087566272703
8873,1.5028002473394437,0.09224261801457054,0.5319514382405646
8874,1.5452409686382733,0.23347391781848337,0.6197967712696107
8875,1.5096246215870657,0.2771388575656403,0.38883249935596065
8876,1.51664207533842,0.09765787269665721,0.5852180701803048
8877,1.4733349306759165,0.037541775055456306,0.501603323066126
8878,1.566958166522004,0.22016300782012213,0.5871315436130765
8879,1.5102412096506006,0.01,0.5990434266150532
8880,1.43883301363758,0.01998980449587226,0.4381166149594984
8881,1.532039675380651,0.04417069344867672,0.5525728191562028
8882,1.6035635322171817,0.10879541230743411,0.5827874072370239
8883,1.539018914551575,0.01660707811759196,0.5769976851770111
8884,1.6490794156725905,0.01,0.5598057534840277
8885,1.5873983880379965,0.03649566073694163,0.471531233473979
8886,1.586612377579524,0.21418753144263394,0.4833326509119519
8887,1.5669333041606748,0.022685752827454442,0.4582000186581269
8888,1.573571543184002,0.11571333209510248,0.6123886139020751
8889,1.5674008195970972,0.3443103525287109,0.558440717120155
8890,1.5689978193260632,0.14462336619797495,0.5631677938561237
8891,1.614146707166474,0.18369421754474363,0.43049049816372864
8892,1.544256257687892,0.054737522536006694,0.5638639225310894
8893,1.540649649965508,0.3655894818945672,0.6168655365122296
8894,1.5416328100605396,0.09501308610387975,0.4184500808624536
8895,1.7033748618131415,0.12623267135131422,0.5225876736690316
8896,1.6308598584157197,0.2806496786133435,0.4394154226831427
8897,1.6227685706992232,0.13067112354863802,0.5310442171968226
8898,1.557819808947233,0.15353422967204922,0.4922111123010501
8899,1.644964245005092,0.12047738880518999,0.5943871025253338
8900,1.6110198318693025,0.12106391862294502,0.577077743264028
8901,1.6305574782112964,0.1854983590770026,0.666483363458151
8902,1.5739676961126448,0.2036435444564912,0.5584614661755796
8903,1.6337105754100107,0.08392551589090269,0.5894916515280259
8904,1.6073523123174365,0.07154351276199611,0.5174212120290476
8905,1.5930584254038918,0.08713921470060189,0.47341807145847326
8906,1.6707871378374346,0.01,0.6280699209559176
8907,1.5598868237728358,0.01,0.6603752625501823
8908,1.6676486927257395,0.17747372857001836,0.6169934955866834
8909,1.6762188456851517,0.24151812231673697,0.5706657200085531
8910,1.6005437362016937,0.23466466509146683,0.4818666652732648
8911,1.6059873319435312,0.01,0.6507513317775484
8912,1.638276497896746,0.12285701133120558,0.6054090000572587
8913,1.6658995546140698,0.037056114869758294,0.7206659689214585
8914,1.6464706404028064,0.16154091005583396,0.4659494378250272
8915,1.678052596672768,0.10528673564517607,0.62693659574796
8916,1.746729737142509,0.2061622647669803,0.6014879658115683
8917,1.6353461589544063,0.14495781703927432,0.529825686979362
8918,1.5770689741474313,0.01,0.6659233186321363
8919,1.706164635303571,0.0499688384605671,0.5886330527805549
8920,1.751018957957804,0.14715818486043422,0.481123158629456
8921,1.6884204967442966,0.15549302908464913,0.5462368867485089
8922,1.6162673631182716,0.01,0.4794249576058543
8923,1.6662765639090031,0.01,0.5174823058818739
8924,1.6183048635671173,0.1518138487152959,0.6108998029849871
8925,1.7080769479618911,0.01,0.6333660283957419
8926,1.6100158832964186,0.01,0.5715517318771834
8927,1.6641631095064533,0.10138317724873616,0.493479641601575
8928,1.630484544449836,0.09695538697340006,0.5836454379086926
8929,1.6885171303914772,0.0578627807687305,0.6106201136916836
8930,1.6652756837748968,0.0752320299823749,0.3946108270797541
8931,1.6937899988286873,0.14689225984297943,0.5613299382473914
8932,1.6873706511504574,0.07339542368915705,0.5364285672574721
8933,1.6381633603875438,0.1523845073874528,0.6275730116216947
8934,1.720025172676839,0.10717110735742551,0.581763849448973
8935,1.6873697305094877,0.161886196797333,0.5892897022973276
8936,1.6414498145183516,0.23284502259014556,0.511621783473629
8937,1.8039322809031078,0.2288525998286749,0.5499401372813825
8938,1.7166584699848804,0.2736522760517227,0.6249363809809005
8939,1.686066152768209,0.22854939665976698,0.5438850324410375
8940,1.7653227315193003,0.16849400247570667,0.562683047252781
8941,1.787427617957851,0.10119869219265579,0.42546721450537517
8942,1.68878461372509,0.10566943455101915,0.5424951547694127
8943,1.714078034950931,0.05657153126304616,0.3866531630678963
8944,1.6479048432499654,0.1447059902409985,0.5059566171921556
8945,1.690482843078748,0.2138956723487257,0.5519647408048334
8946,1.6883674534816187,0.07149409160066625,0.607881492250653
8947,1.7079805745614862,0.14024305746107457,0.46622200861829033
8948,1.7157363726951524,0.07613267587813595,0.575685553710095
8949,1.7273893302210603,0.16470845113367044,0.6629065552932034
8950,1.711519987659491,0.08873886298363155,0.49380407681077537
8951,1.6392810195005514,0.06963039136947523,0.4209360977044964
8952,1.653015407293444,0.07548908993991134,0.567524515470205
8953,1.672679281923469,0.19372301152335486,0.4486147877737696
8954,1.6858888009631265,0.13361963204039795,0.47809213357630154
8955,1.7524809648460662,0.10035690169454414,0.617116687553243
8956,1.6416769635753465,0.16924409071441868,0.693039628454374
8957,1.6817750626488606,0.10155664807970276,0.46247067260754116
8958,1.7470584343439046,0.25556475212104174,0.4831707393268705
8959,1.684116480994857,0.045431103826023944,0.5066134791105698
8960,1.7217737980651484,0.12402538783104394,0.4976172701977536
8961,1.6913588604843313,0.01,0.6957444746021227
8962,1.7106983853769862,0.1078449300130595,0.4982750466199951
8963,1.6858992006191855,0.01,0.5093399596510051
8964,1.730080090736877,0.2169741049381944,0.6692941906452179
8965,1.6188184145593656,0.21889796603901285,0.5857742176925177
8966,1.6771905313945568,0.22056980658822894,0.6181524112235143
8967,1.7094101980707288,0.14494530028957425,0.4664320422442034
8968,1.7204323570401263,0.053976337994378884,0.49614753645084103
8969,1.767501922563247,0.06183470454989093,0.45502552087034664
8970,1.672350495600377,0.2947914256164238,0.6019452307486298
8971,1.7648640755814125,0.285247445826004,0.6355053203114642
8972,1.65686796195774,0.15384082946152774,0.4891457096599068
8973,1.7551216390881175,0.0899275516056526,0.5076303875911378
8974,1.7283739375648486,0.2782590014156423,0.5107727610137562
8975,1.6405801164593947,0.07185210998237819,0.4122765579532911
8976,1.7002987829025156,0.16409317670659845,0.48179146063991224
8977,1.6810202320385348,0.27630987897222914,0.5972015115745772
8978,1.7134380051209084,0.05738625371869782,0.4649499594996792
8979,1.6695136240256474,0.2238484801772531,0.54206545206391
8980,1.6637751299629309,0.19288828176014428,0.42962908597456817
8981,1.7459943572185097,0.13678669110690875,0.5223944693391918
8982,1.6709478643084092,0.04130119112143889,0.4884930254557819
8983,1.7154915512091031,0.06810684323780007,0.435469411850339
8984,1.6611317884401893,0.16940225721360389,0.5960786679550053
8985,1.7539040175696403,0.01,0.6002228556894783
8986,1.6347683475547994,0.15334438442578746,0.4545746930087353
8987,1.6360350334045979,0.19428161476196454,0.5144884725520249
8988,1.7409682862785614,0.23860511376922028,0.534974240381304
8989,1.640438596749265,0.01,0.38589363500382756
8990,1.7406265837030688,0.2715211732054381,0.41895322813423497
8991,1.7029955094099716,0.309339559692836,0.6332697053026535
8992,1.6484454696492563,0.18072519596649594,0.4448033385393122
8993,1.5632318266651366,0.03581207206631769,0.6303149143474203
8994,1.6505934149455872,0.10671295443837808,0.4216741825689563
8995,1.6542481668088218,0.134671173838787,0.5816607447708801
8996,1.7050796139168614,0.16638432626921937,0.5036977551697539
8997,1.723638108966229,0.14144326963404127,0.5145884183433969
8998,1.6074086100669436,0.16726882951937988,0.6763725438412908
8999,1.679104713769999,0.1299849022017188,0.4272109255171022
9000,1.6746490748051832,0.16547761189682741,0.5747781319323392
9001,1.6873288811352385,0.09282194660251378,0.571122103593512
9002,1.655818216350288,0.10496306501534869,0.7948576900720514
9003,1.5309307702137025,0.08108672934165337,0.4399704757464179
9004,1.6174031954171886,0.3303227711551193,0.4757115141513484
9005,1.5644546031941389,0.28489452923612424,0.5907136704494677
9006,1.6091226405067585,0.19394156409156932,0.5090686023268018
9007,1.6652136555134038,0.27085080080500856,0.487695691377712
9008,1.628379357716782,0.21807385243956373,0.6009909770530896
9009,1.6673828847100371,0.1562627133912657,0.5027151062161798
9010,1.6238710169712622,0.01,0.45234261153013855
9011,1.5386207636130287,0.11173514736340355,0.5814391383334991
9012,1.4741975212613099,0.10435581313025144,0.553016587983256
9013,1.604332508366782,0.024460209249976675,0.4976172735226207
9014,1.5827976548431286,0.01,0.4934725657870447
9015,1.5411986348277105,0.18685609331960867,0.44875607714121857
9016,1.5015168703375057,0.16994289869500986,0.5796085041714747
9017,1.5462640872091356,0.02066113735395489,0.4924445124302478
9018,1.5696807343844603,0.06272141468692492,0.45931807924112455
9019,1.6090546528401453,0.25333998364213034,0.41771418338176586
9020,1.5814995125658016,0.049356656956899767,0.5515840219793022
9021,1.64873061789628,0.1541148116288061,0.47917834282823346
9022,1.5127588112695836,0.11796576510990951,0.3585044948679365
9023,1.6047565447779435,0.18748867686801796,0.42291078655845626
9024,1.5591863218717128,0.051150360014532575,0.5001385353634276
9025,1.587626199512954,0.1456783293352749,0.5020375080984096
9026,1.5270923131114178,0.15345115635915668,0.49865160277356363
9027,1.5984817273097245,0.15950595699253073,0.4871691856714667
9028,1.5555933278774572,0.14430430057219054,0.39937629870036717
9029,1.5027493452920586,0.17076694586251392,0.4471358664851494
9030,1.531965419688916,0.3553922066158105,0.611457289055714
9031,1.5163897801080675,0.39225417123554585,0.5993089916740986
9032,1.5485837756148568,0.07211206012720157,0.5623027250181386
9033,1.460850050973026,0.01,0.5548828610215633
9034,1.5140424956470648,0.19540194691089435,0.5877594248213204
9035,1.530904218627911,0.15438712473364952,0.42537190171180517
9036,1.508376804824561,0.2417755869053218,0.5173265074914878
9037,1.5696179229503957,0.16406957350033902,0.42472785229104804
9038,1.5364760922989076,0.14135102028143984,0.4257732815531198
9039,1.4928643162122424,0.24829098893470927,0.5431090773929483
9040,1.499495965105,0.26218815138441665,0.5890615890379818
9041,1.498828139952043,0.01,0.4974715228301488
9042,1.4995538429998672,0.05346918059454983,0.6445576158284287
9043,1.3834110660007435,0.12448044686894037,0.5292386829219615
9044,1.4548843148494577,0.14479350869723218,0.4498116773587394
9045,1.3909673631506538,0.11226148945418185,0.42467504653125876
9046,1.5242945400098444,0.17819065099792372,0.5927228875287329
9047,1.4524921517858422,0.23429059546352388,0.5212083633981164
9048,1.4409851482284564,0.3068613307817971,0.5646749168182
9049,1.4905735404622351,0.19239196508286463,0.29761378508349023
9050,1.4618957832396393,0.04917765763418852,0.5294845548007749
9051,1.3793585632948497,0.11958382547187832,0.4686290297336185
9052,1.4272211310528355,0.12669670607628863,0.3977306011762583
9053,1.408950017129332,0.1856064960695823,0.5038774021750827
9054,1.3333900398452667,0.1728698769029613,0.5958979240388884
9055,1.3809780418505933,0.3390033997379648,0.6895121820191781
9056,1.401157359680682,0.08772314170800946,0.5272474153233313
9057,1.3993972101403898,0.17226028871662724,0.45080502489486823
9058,1.3258119340632677,0.3691672146809096,0.4456383024964703
9059,1.4522544127161723,0.0750862842031736,0.5839110763308883
9060,1.3842830041071694,0.1480328018784821,0.4267727634525018
9061,1.3859527480806122,0.03894089985826332,0.5559793140872201
9062,1.3987645487034108,0.141548716944384,0.5293422746332089
9063,1.3339569866549956,0.055229448441089096,0.5201587713197541
9064,1.390778418272215,0.23784244909994176,0.37972427798275715
9065,1.3441787259009572,0.14780549933317325,0.476280438720893
9066,1.3122475715858208,0.03944520125486134,0.38784802568821897
9067,1.3802667018784036,0.21695306995972913,0.45710463521183475
9068,1.4206691260492428,0.1507743360602164,0.577199522632252
9069,1.3767921768482598,0.22800110091355985,0.6019772882962462
9070,1.3811395751988478,0.017864510400919797,0.5202729980787839
9071,1.3033744162438696,0.16942482337205358,0.457194538841895
9072,1.2439160203334538,0.20978821947087872,0.6295346236189029
9073,1.3926713059474942,0.0900280277105234,0.455464546850451
9074,1.4152345148938783,0.01,0.4109622219056859
9075,1.3839709243271705,0.12802865710093844,0.5572013454130588
9076,1.2843411379903726,0.25491283911387563,0.5377672209958142
9077,1.2376771631336472,0.24460630460868876,0.4574084370593655
9078,1.2363823501211755,0.08908244855179309,0.5084987632264285
9079,1.1997171875469665,0.01,0.5355200013323301
9080,1.27275251018277,0.08863153681784863,0.5161081891593122
9081,1.3526038287977047,0.08481394004487636,0.5361959000628234
9082,1.2594167260709064,0.17621863823012263,0.45869071852281673
9083,1.2757779407537513,0.12098612286812765,0.5409148566122628
9084,1.3235861695416717,0.05607222368206634,0.499887447400914
9085,1.228729246900561,0.24173738167848793,0.46040576754042817
9086,1.3448220219090756,0.14526615015402503,0.47814783855403825
9087,1.3367459330082327,0.1746776754613421,0.48965470418083873
9088,1.224666319469808,0.01,0.3815250367172571
9089,1.1964113420229638,0.01,0.4458912375418532
9090,1.254202207802922,0.01,0.5016853129108233
9091,1.196002977938015,0.08273253718128155,0.38808270389175187
9092,1.149577642427198,0.1883353193074722,0.4462374293535998
9093,1.2654813634989872,0.01,0.6862724765139071
9094,1.256244269059963,0.28981077381913806,0.4048299852264736
9095,1.197188983350558,0.14749518201326767,0.464135537644001
9096,1.1202512979948147,0.2663811485582659,0.42781348454678936
9097,1.1158895802895974,0.041667768876950256,0.48483170246848906
9098,1.176689535767714,0.18056395629815908,0.42865849092576835
9099,1.1402881171408425,0.1386107994914102,0.4740633835947504
9100,1.1421726374570433,0.2117731392315245,0.4357101650712215
9101,1.20426367424945,0.10653873037761839,0.5772754668151763
9102,1.1837559324298925,0.17715280499114644,0.49906773719675784
9103,1.2099293694517643,0.23996429062310012,0.4119707132009815
9104,1.0854107638279076,0.06454066167673439,0.5591442180028523
9105,1.1116970593900646,0.15379630426071808,0.41489135576558756
9106,1.1607160618385561,0.01,0.3660986773546924
9107,1.1390774634662406,0.19964953553390674,0.4906543192148991
9108,1.1871959691785474,0.32477925056706447,0.643151716075393
9109,1.1255046278549437,0.01,0.34403049376496375
9110,1.1907821341045473,0.12000256774354262,0.38343787018881015
9111,1.1192751044038372,0.21710275877344648,0.5497924545441629
9112,1.1392793766817617,0.13211036828200315,0.4378784046950382
9113,1.0638919071782948,0.14539262565737293,0.5378939346671445
9114,1.0746791313380473,0.08969683320957772,0.42161308666129915
9115,1.1134101790096573,0.08589571615005563,0.49964354049960835
9116,1.1424117331001646,0.11995574740207977,0.6275190644441923
9117,1.0921268212338326,0.13270658344306477,0.392068779629713
9118,1.0454114234541652,0.010309650668552495,0.5692118339076541
9119,1.112345296347846,0.1217659709194045,0.5413627471151046
9120,0.9277922446216235,0.2851360131251858,0.3675221140228135
9121,0.9601967895659063,0.08628374665010802,0.5310493630303332
9122,1.0593128722009892,0.01,0.4918376946101934
9123,1.0198651384773578,0.11288470361138246,0.49297682427035344
9124,1.043370479749397,0.05647970676795876,0.5122870238313821
9125,1.0102573697850445,0.01,0.45701288171803295
9126,1.0295341972555816,0.14168735984447156,0.49032681231703723
9127,0.9542250145083494,0.056657158000793115,0.5037120513658448
9128,1.0174366281130265,0.06512884982431658,0.543757669521496
9129,1.0326097439451198,0.14285796605315773,0.361577543932018
9130,1.0379033663362207,0.01,0.5866989055133612
9131,1.0715510928489456,0.01,0.390682628398056
9132,0.9770871631612965,0.19434767186930352,0.543714169736946
9133,0.9725985755800954,0.01,0.4888177518801262
9134,0.8767776910598861,0.029423115355292573,0.37964810227510415
9135,0.920412144267778,0.01,0.52407092732074
9136,0.9313887107406916,0.07830789660744683,0.40586565279614006
9137,0.9876331839956521,0.1696428318937725,0.5666809365308997
9138,0.8986564243769386,0.13798622221020246,0.4239898270813061
9139,0.9631282270721357,0.3658552928254163,0.3609372621101512
9140,0.9173509446399213,0.23527509849818154,0.6029235076502907
9141,0.902711074124762,0.033383390802566595,0.49440175570444217
9142,0.9181688572410163,0.01,0.5489513281115547
9143,0.8803388314842802,0.39699941674177275,0.4111386769404536
9144,0.8726356726270664,0.23250363086969694,0.32759218649700506
9145,0.8030580977704347,0.18509925478498257,0.6126340384145312
9146,0.8701290914860459,0.13356339511338464,0.47778472728609095
9147,0.8527779299139742,0.15334634650788578,0.5172882641436728
9148,0.8452475235950756,0.01,0.5301892278442464
9149,0.886181734426761,0.1415302264721235,0.4505119462349623
9150,0.8925830294547511,0.13286559294723602,0.4951234715178462
9151,0.8655969176490343,0.03524476852561123,0.6042234043525947
9152,0.898116688278976,0.07172226296162831,0.47379419975524
9153,0.8715063005763629,0.27700885895662103,0.5514401162212534
9154,0.8223817707025335,0.11289009465044603,0.3164549769349071
9155,0.8084228010690194,0.33244113973761735,0.56533852163912
9156,0.841662978110406,0.01,0.3533604745549706
9157,0.8491922425124345,0.07294400353204446,0.5555568826648102
9158,0.8849044445299206,0.01,0.5057382437489998
9159,0.8691060940494747,0.01,0.4664978722812063
9160,0.7770364210160361,0.04208638769163192,0.46588845966760917
9161,0.793600347589606,0.15635467738005035,0.45332123149524356
9162,0.8268706439072238,0.15142314373366814,0.4075705694700373
9163,0.8413677747753414,0.05672836202574315,0.4564306511186545
9164,0.8295940671846571,0.01,0.649238312174997
9165,0.7741595183024966,0.2722605821904091,0.5764631654438616
9166,0.7093907315641491,0.09583185674555224,0.40228362680772234
9167,0.7169146644149907,0.012696400073660408,0.4930643355458665
9168,0.775294466509366,0.15173563922111252,0.47901334831070264
9169,0.7736075864974107,0.14460427739566875,0.4596374211853558
9170,0.6964285822615637,0.09180936825472011,0.390484782812101
9171,0.7484905158798644,0.1388474258755743,0.5060651260477147
9172,0.7727564896629813,0.01,0.5377655266401274
9173,0.6786014352861611,0.1998203930315317,0.40305461934974973
9174,0.7864148889163736,0.024059874010519455,0.6258967542314897
9175,0.7073259974367095,0.06310714772667002,0.5909008361264396
9176,0.7841564995187849,0.18846187960480762,0.5126811647498666
9177,0.6897127677319084,0.24389523414851144,0.3699778960344079
9178,0.6602004096875107,0.28199448899855645,0.5003159227699293
9179,0.6838083628120194,0.2289146054390307,0.49044944134990626
9180,0.6971790526220996,0.09084536742610672,0.5086317998074663
9181,0.6777719075548487,0.01,0.5945049037914674
9182,0.6816939494834,0.2635939170946771,0.4528784296118292
9183,0.704529541382455,0.26007592586608685,0.6304712798626539
9184,0.6746491926934731,0.055726734750921936,0.4988545080765836
9185,0.6753194971143691,0.21496133161245629,0.442786320510706
9186,0.588621291289262,0.08954278077729175,0.6576629723881513
9187,0.689166001782806,0.2728064354221548,0.5317937761247493
9188,0.6606608735884993,0.07111052225510969,0.42871354828357744
9189,0.7412175211381129,0.3203804131623966,0.4715196281806022
9190,0.6093487878186642,0.20104568953066876,0.5152911912078804
9191,0.5615792343657968,0.3021065240176916,0.452094122143573
9192,0.678607596548569,0.07589077174104,0.47456629493155517
9193,0.6607843419408423,0.16269197264982813,0.3981682443936926
9194,0.5888342346497114,0.025179660176582824,0.32842004352062876
9195,0.5586108310838992,0.20642512729858709,0.4714404309858886
9196,0.7078554256814021,0.21184903167989758,0.47382059587072284
9197,0.6976237503714037,0.3615660007235472,0.5044796279517925
9198,0.49852377574083756,0.1699863732942429,0.4159067800643262
9199,0.5960099914431798,0.194110652617247,0.3544497144094373
9200,0.6982018219752564,0.07453708760005777,0.3841604069301378
9201,0.5873071108938676,0.17567700945114906,0.5455295766549608
9202,0.5827449813318453,0.08346895227342352,0.407442687652971
9203,0.5893507024235989,0.13296320396230643,0.4250980350744596
9204,0.5437049995190152,0.13874780311400275,0.435164554792358
9205,0.5108207213900555,0.08598491241526364,0.41030887683050443
9206,0.6450453880987845,0.12742912606865045,0.4040876390236384
9207,0.49667891252731433,0.08352436994498873,0.3895483591503873
9208,0.5976466499283805,0.08300009871655611,0.5709847134872693
9209,0.6261193136390993,0.22855905443965008,0.5130343893598376
9210,0.5057865809832062,0.1383533852715886,0.558146347548946
9211,0.5287426760562336,0.15543813380273333,0.573962420916408
9212,0.6322742422683665,0.01,0.2697196148698532
9213,0.5949703799598004,0.16291647169284854,0.48488133171836184
9214,0.5342236770955077,0.17353263126918225,0.41020583462697546
9215,0.6220145663329166,0.08057612251587182,0.5461402650254529
9216,0.6190953639953674,0.3288327058394556,0.3971733683763508
9217,0.569140299583384,0.01,0.37185485817015496
9218,0.5076516784099644,0.19860611905173542,0.3411591466202132
9219,0.5290125243282281,0.19136979973156287,0.4313650020019588
9220,0.5610831130163705,0.17416757957044648,0.5284709977698904
9221,0.5344666937825507,0.13755057740625884,0.47546533834851235
9222,0.588031087827348,0.17491731287870765,0.3584568862304657
9223,0.4618357386238605,0.20658705561199403,0.6265784631870646
9224,0.4609071803158877,0.047100929544300243,0.5060260175745295
9225,0.5420148018729042,0.14952948361202237,0.5159531279386622
9226,0.5058001600383709,0.10119852381816387,0.5562602187999635
9227,0.49648659335395784,0.010073707748963115,0.32193846099304946
9228,0.4369535989421758,0.19108793807299698,0.3799389738695866
9229,0.5239071583916348,0.06285534403717205,0.5183928116523852
9230,0.5179218098670553,0.01,0.387391236132738
9231,0.5509197231835689,0.06522137124307927,0.4299478248702069
9232,0.5194340354915535,0.03916315234704848,0.4454284515664477
9233,0.5071584561943163,0.2218216008309551,0.3491542745772196
9234,0.5704958246682491,0.13421372460053624,0.4221805335701262
9235,0.4439369810766386,0.2570534485884691,0.5239055684670241
9236,0.5343519948493797,0.05208036717766311,0.5088012255336216
9237,0.4220052053733891,0.2060738465436634,0.5391858907726556
9238,0.46173254342736375,0.4025400726242344,0.5306347912499122
9239,0.44116409500651876,0.15410200234682483,0.48201483886524027
9240,0.5390988235120394,0.20458466902320932,0.4753796079339462
9241,0.4949945457358446,0.18769262900123446,0.46921239180243407
9242,0.4959120502875331,0.01,0.39848296006985456
9243,0.439631685657876,0.17676490965380878,0.36595215740734455
9244,0.4784239173316128,0.14875004944250952,0.3928811487358915
9245,0.45373487984785066,0.09205096899906476,0.4216679913542438
9246,0.5096398997827738,0.029543412335622535,0.3949858603529339
9247,0.4395311968621697,0.18726676862694216,0.4802602731321186
9248,0.554253820523577,0.0205495178572815,0.463007348194595
9249,0.40272330999494865,0.33107595186170347,0.47130380626567625
9250,0.44497458421045416,0.1290498516336726,0.474372965570122
9251,0.5680189834185987,0.01,0.5416160275863506
9252,0.46132066093066315,0.06607657604380554,0.44497987164509445
9253,0.4163126774230969,0.08958447867842938,0.5260382462889591
9254,0.4920496805561641,0.3585573387074193,0.48639870670829927
9255,0.4564265631102112,0.02878259158378764,0.5351459452982793
9256,0.4375634117294685,0.10554162499663024,0.5736492310938066
9257,0.423784899197048,0.06330243146490094,0.49031459026277513
9258,0.6162794845587358,0.1669330861771029,0.45218806077428486
9259,0.4646265004272388,0.0647409174191839,0.4513754004150061
9260,0.3803300164213354,0.01,0.4056818600250738
9261,0.5507592243674463,0.0972439990226223,0.40269794305448803
9262,0.5061537556683161,0.08675624964157448,0.5148738531248165
9263,0.4368645378093595,0.05739342504968223,0.36531581870096436
9264,0.4281807756515094,0.0626591075898198,0.571296411605048
9265,0.5082205031078321,0.23493205573070106,0.4296820956864348
9266,0.46197237721861434,0.08441083874002187,0.6704917388917002
9267,0.3778521585087218,0.01,0.38578202105219034
9268,0.5634071513808739,0.07001818738047609,0.46095231265645864
9269,0.4523010978464836,0.12158588900759607,0.41249539726972617
9270,0.5487960497457579,0.01,0.376902947239197
9271,0.5380174308762512,0.2785953524982526,0.525160234016989
9272,0.4241848016985178,0.2026781983154157,0.351318597359443
9273,0.5260957356316133,0.25886027051395544,0.38538389476810425
9274,0.44212643147609587,0.15497860577391265,0.4860825497739545
9275,0.3816871786304895,0.01,0.49848115086120565
9276,0.4541772543598172,0.2691449133552368,0.32724096027123295
9277,0.495735265236426,0.029177657045014058,0.4848336477005395
9278,0.4532240190052167,0.03723882128907677,0.44831938767027524
9279,0.4615770842307831,0.13101306407255878,0.3642976183516646
9280,0.5347375907269919,0.25312663961200327,0.3743132510775852
9281,0.4835748546242664,0.22055552485427302,0.2744561410029734
9282,0.43683712357651405,0.20577813120259797,0.574236485078077
9283,0.5149163856203746,0.08389057280129157,0.5177834338193888
9284,0.4905723491029631,0.08223583552696778,0.33312726359606903
9285,0.3555428211790148,0.14951431609121432,0.49988073591560417
9286,0.5040358986798841,0.10183627739741793,0.38975578602183825
9287,0.5032654873372335,0.20369861553276603,0.5085720615258229
9288,0.48579641451339844,0.19770210553089246,0.39541117167059325
9289,0.5305520941277947,0.17374803645366535,0.4057387615566333
9290,0.45358438163116377,0.01,0.41144953295420916
9291,0.5053262165233045,0.12726002399876762,0.3816393053702831
9292,0.4115104709117047,0.10349951752951836,0.545880054040329
9293,0.5116300868468193,0.13111123458822665,0.5055313076481529
9294,0.5904054601321906,0.038800030170975025,0.4421560281812286
9295,0.4445462025334115,0.01,0.5150367877508789
9296,0.4578949471465242,0.16039413352596643,0.3026169794059811
9297,0.4620396496686182,0.07837412557711251,0.33421758868302004
9298,0.5057548753801889,0.17139757921149557,0.47017043851691653
9299,0.44787670072133395,0.04676091519746839,0.4907609406456757
9300,0.5239232694284232,0.2553675407414707,0.4539827704978396
9301,0.5470939416998974,0.21380713524286177,0.2807269352430858
9302,0.5334188228858552,0.14330758666758034,0.34606828146209223
9303,0.42028849274573943,0.09222030980155117,0.46409511846923257
9304,0.5605335374415505,0.19871436471341036,0.6245984694803366
9305,0.5597673018663246,0.1526526346834344,0.5276268080626021
9306,0.5565884562055843,0.13718069857790516,0.5560914384497314
9307,0.5359614227686622,0.21753329773141591,0.45679861913126235
9308,0.5306249461732648,0.2558248995386232,0.45593354554564686
9309,0.5735881431817341,0.01,0.34636930224370555
9310,0.6205543327196946,0.01,0.5049079670980853
9311,0.4791931763363527,0.03491909517363202,0.422621920441426
9312,0.5832743247151816,0.01,0.4836094909065418
9313,0.5276361221852923,0.1065198219587339,0.43036044363173126
9314,0.5280980602200971,0.17273114865033662,0.44994983409337286
9315,0.4604454688272468,0.11050255233844808,0.4203171255749816
9316,0.5257781137997241,0.059157146444359425,0.4450205553971006
9317,0.4929549377535083,0.2251400651213387,0.5067720986675502
9318,0.522480810497008,0.12647495852933552,0.32518319590482975
9319,0.49367402302472774,0.14664269370967337,0.3067635378389608
9320,0.5291019104948794,0.22769300615824345,0.4599824612901271
9321,0.5342596850817776,0.0998705103759488,0.5408753913412748
9322,0.5624744099364776,0.3181413399806398,0.5607653584510526
9323,0.48002391716696,0.06726371061918773,0.32710950233104097
9324,0.4916632261448459,0.31176535954372037,0.392549132473131
9325,0.5852652337529902,0.014422398751940249,0.30615872729789334
9326,0.530580345613691,0.16356983481349885,0.3801641145555544
9327,0.6275134926419208,0.047493604925480576,0.5137581778226488
9328,0.5884369318981086,0.22362896045011904,0.42261646149969073
9329,0.6109493523466913,0.06377466454422936,0.39345554006804256
9330,0.6546346764467124,0.14061067057162296,0.4666901773668618
9331,0.572154006996113,0.0463950276462243,0.35919718812226326
9332,0.5625050209457214,0.20509746989320132,0.549957850862346
9333,0.6384542604045934,0.045725601238765304,0.42282079360237945
9334,0.6240341902615759,0.2795680360200772,0.3898130581988722
9335,0.5929306182818693,0.011552714526827074,0.46862332576818827
9336,0.675657524347599,0.01,0.4965372565615882
9337,0.5993083980581076,0.20615952855550246,0.5487915470032012
9338,0.6154433981955341,0.05176597850288933,0.4040353664987382
9339,0.6187976818651144,0.1101326822683119,0.5074369390598616
9340,0.5749860280072909,0.07855841858323626,0.4283690713535292
9341,0.6296211114663471,0.01,0.3710816526684249
9342,0.6996525165420343,0.10293555593729764,0.357567230633915
9343,0.65618173147112,0.23705277981353667,0.3316737626102881
9344,0.639651028632694,0.21080120775034666,0.3598173897508979
9345,0.6342193550356761,0.13359314989142687,0.5081300972541214
9346,0.6631058344578118,0.22156711821422392,0.47513117967352203
9347,0.6883500580014567,0.01,0.3190185091145751
9348,0.6856669641742682,0.07764783367167842,0.27832538395000916
9349,0.6429986965476765,0.14970032293944358,0.328774606874841
9350,0.6802611213205481,0.0970049574311033,0.35534075012038735
9351,0.6924918752380449,0.08529076722108118,0.3929401629221205
9352,0.622650285235605,0.01,0.5107524600199602
9353,0.6859785589427836,0.01,0.3728281731775578
9354,0.5741002323974048,0.19154001636280604,0.5508078475897755
9355,0.7109314470937969,0.13400238666137276,0.2816743733283315
9356,0.7245017276185569,0.19980697137223763,0.3879224619205617
9357,0.7335817070787279,0.06581049226475238,0.47837984078577644
9358,0.6812114268286379,0.038183299609009916,0.4830354358001471
9359,0.7212145486921707,0.11004293501598657,0.3881251520152985
9360,0.7817969277021373,0.19473520209111078,0.4948459805812138
9361,0.7861628554920189,0.08609716319312138,0.47940504294479064
9362,0.7189284992362719,0.18934809913896583,0.3595839606558202
9363,0.7323030107808957,0.01,0.439071400801022
9364,0.7858691221213641,0.09287940494470195,0.46989035992165795
9365,0.6603061432784245,0.10194004533057661,0.36448287348253205
9366,0.7242507788101745,0.23151784403013553,0.5485962323030367
9367,0.8122765489531016,0.12956902772969983,0.34594596552310947
9368,0.7993861438116758,0.28334152640604593,0.42402726034262667
9369,0.7742515149245487,0.01,0.31224273612531417
9370,0.6856925188040385,0.12158078326095405,0.4202190123027717
9371,0.7637175256682626,0.126456328268161,0.32630979718397624
9372,0.7419787290943667,0.17045352386866164,0.38787096419014044
9373,0.7933199437465301,0.027035938422370134,0.28419931446266
9374,0.7416256736643408,0.27674434213093213,0.4748381979894429
9375,0.7361628253050124,0.10952392659281913,0.4390817191391472
9376,0.6895921612390101,0.01,0.49729853112689026
9377,0.8593419942997642,0.1064808261871959,0.38220782769899303
9378,0.7837089331266017,0.0766951414035742,0.5004667664914436
9379,0.8170292660905,0.38626282438436743,0.41262826715844214
9380,0.8145628617166685,0.2128617345532134,0.41826639266078386
9381,0.7668335839105113,0.11276162255366844,0.5780645441867189
9382,0.7628097174819025,0.09653197875416798,0.369893664966796
9383,0.7810815030168853,0.20275754169065502,0.5065921102877071
9384,0.8007991889431659,0.2074663274890209,0.44649801018163093
9385,0.860923768952602,0.01,0.3620988320887882
9386,0.8084683494973548,0.1717360823652037,0.3023241420291712
9387,0.9412639043004847,0.11016182064800421,0.3246609801740446
9388,0.9110058596334536,0.01,0.49749032000876797
9389,0.9057984441352428,0.19524352205086062,0.545517031202332
9390,0.8651523302474025,0.33176945186071827,0.41380917497164377
9391,0.9526261946363767,0.1627588352266317,0.4177336180479646
9392,0.8718102540887458,0.2170507223992773,0.46806862655783943
9393,0.886966757359838,0.28734847255882723,0.41154596954389516
9394,0.9028681792351441,0.023839081006540905,0.493387445826618
9395,0.9353199752153772,0.01,0.42847103861826913
9396,0.937952757774379,0.17240951029722812,0.4157145594964201
9397,0.8882481911591082,0.08189062543042017,0.34866440238649193
9398,0.8912698499629855,0.01,0.3287104194328201
9399,0.955847151323327,0.09869267784834795,0.1513352800147471
9400,0.9655630921198782,0.17919342605690503,0.5025223799846605
9401,0.9160991615477359,0.09147058672340833,0.3917953659260473
9402,0.8623883663338843,0.027614101922900647,0.371223216463469
9403,0.9373780143182703,0.08387531800636631,0.24684967325444784
9404,0.9849305541442788,0.10420758375706372,0.35150866773145517
9405,1.0500493443680303,0.01,0.34071438334421866
9406,0.9059180300351036,0.09173628898136016,0.33859924290835747
9407,0.9505373739631882,0.01,0.4285399499661565
9408,0.9584577420605389,0.17177512198074807,0.41142509002478606
9409,1.0517915371581616,0.01,0.2924738568436757
9410,0.988338301936081,0.20700067793179436,0.29728274769483254
9411,0.9508133015180541,0.0647444864076478,0.29686843392629053
9412,1.0302181798368177,0.05129300546462516,0.5454176656957203
9413,0.9881641964399144,0.13496566561395465,0.5197264275969
9414,0.9532977719540905,0.018846438001220378,0.3318579138997729
9415,0.9760071748206858,0.13325418144298432,0.24164768255063052
9416,1.1134837179377828,0.03209849890294135,0.40975233959172463
9417,1.0521343200831137,0.049565742285271025,0.40299775900964413
9418,1.044459941847791,0.14570447436960765,0.42432983567074933
9419,1.0327305555065365,0.01,0.45802049243379633
9420,1.0659905920094053,0.01,0.43458117883592656
9421,1.0715568398729083,0.12978148026081443,0.3088641586594845
9422,1.078318741897744,0.10219899497018622,0.42143724373647357
9423,1.0756205579090292,0.12168835201673456,0.46595465522470586
9424,1.1194883475867838,0.13751314511086654,0.3394636205248779
9425,1.0833752786815865,0.1104169672775629,0.42111544164792086
9426,1.039495632564382,0.1654189112758968,0.35263180902963825
9427,1.0639442036384015,0.11428356105255989,0.5562833627616524
9428,1.0017868267378771,0.01,0.2901793088984167
9429,1.208250048275493,0.01,0.4885372659961551
9430,1.1562167494090096,0.29712597945474073,0.26213237725320776
9431,1.077743097177317,0.10426871727499408,0.5389778359878816
9432,1.1113191350027922,0.19921621121785255,0.30394609457265087
9433,1.099728841536594,0.0695522172680481,0.410180317957372
9434,1.214857224893307,0.09825170645269178,0.2644078895325952
9435,1.0728884958713722,0.05864740477220505,0.28648178057821017
9436,1.1557533172213958,0.3505073038676856,0.466037134546095
9437,1.1507443329710785,0.12916955966447838,0.47620763165758817
9438,1.203647298762618,0.050290319737435585,0.412840812424308
9439,1.1632323605230568,0.01,0.4527162571432534
9440,1.0866420271798491,0.30101117861903687,0.4767578242431514
9441,1.1681078053555163,0.0872409269585705,0.3381713513948165
9442,1.1381577725331562,0.17792265460407386,0.28072673604601794
9443,1.1968373914717456,0.1890304948449693,0.39128570469603663
9444,1.270649526026729,0.05707878260690924,0.3459443799133763
9445,1.1180407872921332,0.1705382275627885,0.42294886666989834
9446,1.1710607901783552,0.04281028233121722,0.4354402848491465
9447,1.1894850467945002,0.01,0.3368049543084237
9448,1.2040731864034704,0.2195330398235908,0.4474048965907053
9449,1.2661827404658952,0.08719893111280491,0.44314665264057485
9450,1.2265070133437992,0.15480049676366706,0.44842053198249304
9451,1.2619676011213465,0.14397270285516295,0.3576714521974876
9452,1.2158668910516879,0.1666052352608134,0.4524285056959654
9453,1.264614082259553,0.01,0.4313749784638156
9454,1.2979537086695911,0.04414599475251625,0.4407298043236949
9455,1.228377850743714,0.07015910491419572,0.5234785276414208
9456,1.3099721744770698,0.019390371756318386,0.41521796064196553
9457,1.2794161881766846,0.14537058780328782,0.340179803268858
9458,1.3349450875841582,0.2210909202586012,0.2996413472213302
9459,1.2784562562936004,0.23685183304283308,0.47845370367019124
9460,1.313424716904538,0.06834469147790517,0.4165446986646197
9461,1.2981468716190538,0.13139360018656188,0.5213032897852107
9462,1.3011601464225624,0.14669325575255554,0.22507897387316192
9463,1.3246891476007565,0.16418645147729924,0.4600383068386832
9464,1.3443325718168926,0.014179316863458538,0.3660359157108877
9465,1.2607406477235545,0.28398287844114195,0.3583873576503331
9466,1.4006038110166106,0.1945089427931479,0.3252267165781401
9467,1.241618179845709,0.19705397674135144,0.45811950318842076
9468,1.3060153157888397,0.22206721131532703,0.43497936617177657
9469,1.341171871680747,0.15506700831449222,0.294248731407022
9470,1.372106771022368,0.01,0.3985760012604895
9471,1.4358749210625563,0.0876206933653769,0.4416145967782505
9472,1.2697021510269924,0.01,0.3991096276620876
9473,1.3427549949354827,0.14288995040020142,0.47323951590717217
9474,1.2672929871926568,0.0843937676719345,0.3611528856496873
9475,1.3806821466886483,0.09719537422294208,0.2037512033931503
9476,1.398122484454634,0.22158024967028705,0.3987812408946897
9477,1.4694856678710104,0.055413301861113935,0.3980380869746265
9478,1.4013549629895712,0.07583300383357217,0.4082273050311309
9479,1.4528710475408129,0.10317530821015397,0.4716352433747165
9480,1.4351768894960824,0.01,0.2266245557727669
9481,1.3895060074797354,0.07423706545113758,0.3634878223314964
9482,1.3460713618985043,0.01,0.30849890270941877
9483,1.435487561652215,0.04215690652850678,0.28541430688773856
9484,1.3523169277767753,0.18616085105703734,0.37601819836286127
9485,1.496832970631296,0.14530152927229062,0.43769343083085865
9486,1.4290855821158692,0.04102581483115071,0.4053691164543971
9487,1.502028588629446,0.10452068479846953,0.3260374833869976
9488,1.4233044699838415,0.01,0.3691476076949512
9489,1.465767133108097,0.10007269075160148,0.45492327893854134
9490,1.4677648564023427,0.3932722105472589,0.4349282998078429
9491,1.4599809378016653,0.284753509517849,0.3358029249922127
9492,1.445498305018532,0.10536883048653274,0.33037155074432245
9493,1.4916141255004542,0.1160543184723265,0.24219943148385176
9494,1.4305046160096166,0.01,0.3449123298542592
9495,1.4211233856600796,0.019727693534558194,0.2401493628771774
9496,1.5484792994482512,0.136058454333781,0.5441254615245545
9497,1.52739910196484,0.04728422772665622,0.3100980115434686
9498,1.4989974949996918,0.19012195028622852,0.4669736783025489
9499,1.5835812332841352,0.25660910972383144,0.5234516204069696
9500,1.491515552601919,0.13283621521383177,0.39504731835736273
9501,1.575576750045225,0.10968149668456627,0.3694983149531155
9502,1.5227156353829199,0.01,0.2714586525461478
9503,1.4671518569351876,0.17413621200503576,0.33662844853086615
9504,1.615200532387878,0.01,0.5050624148784919
9505,1.5766994066597182,0.05744186265877205,0.4045943416472751
9506,1.5254339198973506,0.1951342249593295,0.37851107543345547
9507,1.572119963911087,0.2020863564289276,0.48096233034927105
9508,1.5198075422662958,0.05239373558935158,0.4314451393779172
9509,1.5856359279197174,0.058086927178477785,0.3636616325617248
9510,1.4287643293849952,0.028980629681359796,0.39254170700574986
9511,1.5014215663753734,0.01,0.31354595969900456
9512,1.6054211688370692,0.03530117332376724,0.32985800018881434
9513,1.5479747102688424,0.01,0.35798761731327444
9514,1.5747862529803958,0.16695535982238002,0.4188396148406044
9515,1.5009734448939036,0.13803571803711193,0.2742034805620003
9516,1.6645612042097482,0.15457058567217358,0.3798424995564203
9517,1.6355006024367102,0.01,0.3423052211710825
9518,1.569696872126166,0.01,0.3011709433497825
9519,1.5632037123972948,0.10367224620613125,0.3422372096054954
9520,1.6385760722482616,0.10466554990149754,0.18703569103480217
9521,1.6898263246490952,0.08346282895590118,0.3118924423363043
9522,1.6419469891904135,0.06917604672904935,0.28429233542760857
9523,1.706354142616074,0.26913655696874594,0.34960991776575645
9524,1.5550999715777858,0.14059612951184824,0.1893720958515976
9525,1.5636498636766545,0.29499616016516794,0.38677894690894027
9526,1.548521602436899,0.22475955977135043,0.444013801994665
9527,1.6333535826779018,0.26812492953428363,0.3616288043620803
9528,1.6232897162150557,0.01,0.41066860476563555
9529,1.6101027309499067,0.1569846258092293,0.329499715918563
9530,1.661300395267915,0.054425887824688615,0.24590154074071358
9531,1.685537172979246,0.01,0.3701597711227542
9532,1.5506666823504864,0.2470727038164552,0.4242081348111622
9533,1.6000757272517343,0.06803817435481688,0.26358037818189833
9534,1.6738511898241428,0.01,0.3320669739391269
9535,1.6123216083784508,0.05582125057718695,0.3492697359136252
9536,1.5986073230027311,0.01759039447918928,0.5969057155672397
9537,1.6921978405635059,0.02777822305511289,0.3864170193885533
9538,1.5794932780132218,0.07492293703562238,0.21585582116719423
9539,1.631530290794906,0.2701000947435936,0.1958281826839079
9540,1.6656258925255236,0.03032219628925714,0.4262508721879368
9541,1.6230302445748293,0.26281636996087104,0.5663683982536576
9542,1.6933494453560578,0.18170841179405064,0.34484291917557786
9543,1.6281608492711872,0.13638736024506953,0.3398105116023844
9544,1.7293910670119164,0.17150772180654747,0.4012933772312326
9545,1.654970281976723,0.09799684263588133,0.3027232576723789
9546,1.6970604755262861,0.22517188725648923,0.16281029083780493
9547,1.7029791684106712,0.1532005467334813,0.44907966456523113
9548,1.6364233716329837,0.01,0.3167999588125636
9549,1.5671896188191312,0.12599912931046509,0.4496201366139725
9550,1.6899062623261814,0.17470702254165432,0.3044881048806149
9551,1.6774281604100576,0.06734540130751163,0.37486588144487953
9552,1.703490845170112,0.10880696814005678,0.4332667724668392
9553,1.6661993012616936,0.03483148184953501,0.4502651203421918
9554,1.6577705553968305,0.01,0.38303312730456873
9555,1.781421800683104,0.01,0.3788103131724977
9556,1.6090264171512485,0.01,0.41348499337040684
9557,1.720927196487154,0.16276578426060825,0.40079953689222686
9558,1.6570245422231373,0.01,0.26012916822093424
9559,1.6704299110379137,0.029085587409383648,0.26141482094588747
9560,1.6727669913799632,0.019104450463858946,0.19421464079804554
9561,1.6497926408075179,0.0673900667922186,0.42401813016280104
9562,1.719806569178721,0.01,0.33079739045355316
9563,1.7619971835812231,0.13586744011654386,0.42782999532680155
9564,1.7171238373694677,0.01,0.3942696659034226
9565,1.699888780620895,0.20859196470473873,0.2815374507085666
9566,1.6464324350578607,0.033111295452333836,0.35187271652824215
9567,1.7225686380853815,0.08566305779759371,0.3248638337171326
9568,1.8054557957926722,0.09553828404381447,0.3122709666237935
9569,1.6794524422956933,0.11952158421759329,0.4339912387273409
9570,1.6804746750968058,0.0987355394899403,0.5613872983161436
9571,1.6719438070334058,0.052259711913233024,0.44958384023085807
9572,1.6761896041714037,0.12921232711130193,0.3578909278496318
9573,1.5639949534050097,0.14145893652789554,0.46056810640265294
9574,1.722048804771677,0.018267548356930383,0.4965999059134102
9575,1.6599939528121679,0.13735463067963755,0.24793839939397502
9576,1.622170292416852,0.2138267548336641,0.45707697067942077
9577,1.7406921382188565,0.1651810620839305,0.42042383865642907
9578,1.6492182008442786,0.18776612655890618,0.4536596485646205
9579,1.6866093013650802,0.11165768921835804,0.4234341267708636
9580,1.7770257160672305,0.01,0.3399139752202552
9581,1.6333407977087628,0.013375288150264272,0.5205232720609979
9582,1.6272067920890536,0.12626565870971687,0.38482299298017564
9583,1.7172742373543435,0.1884904041439828,0.32267058536312077
9584,1.7611926170151053,0.3727424346055379,0.3976567897988418
9585,1.6248475760734433,0.19227069107237177,0.4347321810568188
9586,1.723732655775207,0.01,0.36428351395076
9587,1.7321187546489274,0.01723587166073598,0.38791581606129577
9588,1.5997684781400274,0.32175223928245883,0.36329670787437995
9589,1.7422464303575904,0.07239903501286643,0.3031838769078752
9590,1.7456836818574957,0.09852685391610583,0.29000673133329885
9591,1.6857333299657262,0.01,0.2432902956776989
9592,1.76334638325127,0.25016078046234935,0.4767202699140095
9593,1.7568955817772445,0.1436213478169691,0.33716851382837676
9594,1.704509770644169,0.016065521071037245,0.0805992698232092
9595,1.6760000677475158,0.01,0.38629146628211636
9596,1.6490868616584522,0.12412143267185644,0.3843986878626111
9597,1.6949435267410513,0.09775940896256771,0.2047709619189921
9598,1.7243406980570009,0.1764876080729973,0.28726869429833285
9599,1.6786126461221111,0.14791126999622878,0.2835214398909803
9600,1.583852952801716,0.06670426556790457,0.2940074762498114
9601,1.7560080842622277,0.03871006006091221,0.4501754463685534
9602,1.7008659116943114,0.07703396531287995,0.34100781646305756
9603,1.6710939696825209,0.037898097358660954,0.31850402925170834
9604,1.7315917551565219,0.07988467194373955,0.4422389718911697
9605,1.7635627247453158,0.09448640257680072,0.3918407092482025
9606,1.545770620453518,0.01,0.21269989865443384
9607,1.7060533632860122,0.15578658866819536,0.30241369425292053
9608,1.6114204191689183,0.05561403920935731,0.37726613478135157
9609,1.7060599663836746,0.01,0.2765636957402589
9610,1.6857913764101553,0.05737260773894563,0.5134051843076842
9611,1.7094110894004164,0.11669749788718099,0.3598371531171123
9612,1.6508314644181479,0.10071387496302955,0.29030295156377756
9613,1.580240426729217,0.13456028029982936,0.2605039297784238
9614,1.6494322909636703,0.18212153618838545,0.4243081465099074
9615,1.6902812134994314,0.22271943996949728,0.2980436583319234
9616,1.7186366304294076,0.1207125727144376,0.38003337687811045
9617,1.6071438763193653,0.01,0.25728487878346673
9618,1.7148973351957768,0.06513007280445986,0.35478939066578025
9619,1.6289002231000695,0.01,0.29806999071179974
9620,1.677106718644891,0.2616039206693166,0.32347675974796253
9621,1.6311209951402825,0.29059734296373724,0.2847734540600984
9622,1.6632969975372203,0.15682715669903569,0.43029378045875644
9623,1.6962966562212634,0.17758074424992515,0.3087312751422824
9624,1.5878081496533458,0.11676804311735904,0.3363030871486108
9625,1.6125616499648556,0.12821821989132207,0.33993650443699075
9626,1.6531454251300957,0.01,0.476297875256017
9627,1.7612593426862881,0.08409732304569177,0.4183094855038656
9628,1.595246309837008,0.01,0.41010794642193343
9629,1.7375811622906143,0.11950430720126745,0.22039139732184612
9630,1.7329076129934573,0.08534677677257933,0.293879931614374
9631,1.6248764536221896,0.28592910599127525,0.4412499692992219
9632,1.6118338136683559,0.1828488676283626,0.25225531005861257
9633,1.589081761947004,0.11957652653481415,0.3524203161480913
9634,1.6171629235881164,0.06437062959540565,0.2602479226076072
9635,1.5470698518718278,0.2586060546852361,0.26804602670754873
9636,1.6103716956243679,0.08794779514264825,0.47947137700065523
9637,1.6857508427415415,0.12405004728411512,0.40232024706597547
9638,1.5770214335416186,0.09504704332084786,0.4232000381667139
9639,1.5921543251167996,0.05034616443038078,0.40701851569234626
9640,1.5156946927199415,0.09435168970108414,0.33294665866774087
9641,1.6159626512786855,0.01,0.2885326743094199
9642,1.6069384531270803,0.01,0.31146402631081777
9643,1.593301643048884,0.1254829007758304,0.3280561195607674
9644,1.5756250108343721,0.24727948920826248,0.4852762629286521
9645,1.568126341016583,0.12522134432080959,0.23603615689227453
9646,1.6041055160523254,0.018302102345044938,0.29842320189721117
9647,1.5737646992012428,0.01,0.2694506472126422
9648,1.5870982741578927,0.16867134216413954,0.42678932326583774
9649,1.5781924731729287,0.03343897531511468,0.4903344312737782
9650,1.6196582279433915,0.1544219466423716,0.36650633438916136
9651,1.5933303635377931,0.1290248750079151,0.3728568993795748
9652,1.565068198961131,0.1378083928580901,0.34865366523587915
9653,1.6272417037872668,0.0932785587896354,0.3761188210456746
9654,1.5681809706988719,0.12822290093663208,0.4027455770115726
9655,1.6082144713635957,0.07785313663651847,0.37471721868176455
9656,1.5690645197371043,0.026208077558295698,0.38034568894804566
9657,1.4423251613521841,0.01,0.40224520810645753
9658,1.5953196717065716,0.01,0.19772307847307286
9659,1.5324470795447882,0.07144847665054505,0.3399194596362622
9660,1.5186548067184293,0.24143756479527156,0.36394903824638375
9661,1.5308386171031745,0.16244810914058283,0.37259788987944054
9662,1.4949955102406394,0.11215140487232271,0.32540900585614385
9663,1.5190248361689684,0.015920426458380627,0.3517140488457815
9664,1.4734640174492386,0.18899532102396308,0.281035589152449
9665,1.5621120152344643,0.07727097950024658,0.19641484583737703
9666,1.4880161876307445,0.24663589393724378,0.4168278663650162
9667,1.4698206616553224,0.01,0.2472017938632209
9668,1.437915357303011,0.014026732346867243,0.32488998714857975
9669,1.492770234337708,0.01,0.2775708497350014
9670,1.4838150721248535,0.01,0.46423703692727736
9671,1.4889681726718274,0.01,0.3306799414471039
9672,1.4132310064807454,0.09910823087449394,0.31199037544852626
9673,1.3795411192859675,0.01750733106888029,0.39643168554930736
9674,1.4858467318169581,0.01,0.5088960226331002
9675,1.5237271499770078,0.19603653888500533,0.3686090740636873
9676,1.393066666304743,0.01,0.30573632704483267
9677,1.5187076040579115,0.14741397074821325,0.3914335238622701
9678,1.448244692644169,0.09155362679199541,0.20966795044855954
9679,1.4284725109791312,0.3001105143357497,0.33897303642466575
9680,1.4036881676424555,0.1880100849916477,0.49455187670432643
9681,1.3490435943585881,0.03779502068737642,0.3474317736355421
9682,1.462324281106698,0.017990306621490107,0.3432110607914899
9683,1.3687908885019897,0.2384106527566156,0.3360167866318365
9684,1.3631797430822217,0.01,0.302504924680554
9685,1.4463313129741975,0.107108439398967,0.35907959312327103
9686,1.2971173308382187,0.07484973874067738,0.3957196408953823
9687,1.3095852416062699,0.05358055654785351,0.3069298047019115
9688,1.3793247137785403,0.12319597928391424,0.13399302698702162
9689,1.3893301509573668,0.10674202335272724,0.3702804717358252
9690,1.3933059233582883,0.1334676070598401,0.5034592107113857
9691,1.348351837016653,0.10156663248581603,0.3024864131367113
9692,1.4843026796525078,0.12937878118406576,0.21467260416869263
9693,1.3407024242609684,0.09688877234641777,0.3863372102939216
9694,1.3348415827041724,0.021551215614658073,0.471429396995783
9695,1.3007869407893478,0.08783572052916142,0.37405149330527815
9696,1.3410591114042478,0.015938667564577916,0.469456551351319
9697,1.359812010453842,0.01,0.39475311728268686
9698,1.38341628409883,0.05364589779938216,0.38758694632798635
9699,1.2429204300080101,0.0752604274525279,0.289378193823934
9700,1.2992065453077233,0.09066715837262435,0.3534303277034304
9701,1.3279381493526234,0.17872443341685454,0.3280197748379716
9702,1.3290280727688013,0.03718210407425042,0.3250584154967106
9703,1.294051012383073,0.1066557053029703,0.3096280314091775
9704,1.3148699057161,0.0987153230305863,0.3477664341839469
9705,1.2413029751196685,0.025991800498116203,0.22579001973937712
9706,1.353626831537288,0.09417082407595438,0.39421549853928517
9707,1.3193218780071345,0.18701104175994118,0.2588389576465825
9708,1.1963821166195991,0.1053317152680835,0.30881758378912433
9709,1.2037911064407756,0.10928171834493984,0.3550649201036141
9710,1.1990982456802861,0.016032762709665055,0.25421924811385593
9711,1.2792218313060846,0.2833937897597417,0.1708652154818321
9712,1.1749474750289977,0.021614614890285364,0.2973198109899949
9713,1.2164753159622377,0.01,0.21325717630022373
9714,1.2495871701558052,0.17235347375230634,0.3845114264861207
9715,1.2173524310385035,0.07479582023914225,0.23502798780203804
9716,1.2273978539425008,0.05591584292833126,0.4459025859054154
9717,1.15494068083386,0.03160718612095253,0.32640872224654005
9718,1.2317360777025546,0.27327660402722986,0.3313882468060899
9719,1.1650811295397179,0.12150678515860845,0.16798610798787136
9720,1.1732455477036225,0.14096553340859186,0.33780807269532426
9721,1.1950849882933108,0.10219466576621523,0.31958726213951527
9722,1.182061869142475,0.1128807951089051,0.22185727068706126
9723,1.1718048246885355,0.22568106334376253,0.33254874336963597
9724,1.1267612828944966,0.060675942830089646,0.29351646288266225
9725,1.14299151455957,0.01,0.3077904503971327
9726,1.1517447140895603,0.17245260202886012,0.32698733338956293
9727,1.0765386391328537,0.13526021876771913,0.2869839163541294
9728,1.115815065066875,0.09633099780940871,0.3442003888666705
9729,1.1519665967622879,0.132551337667783,0.31734316964171305
9730,1.0623443702656261,0.048344626465027615,0.3618729793386875
9731,1.177672221116769,0.08743137972533463,0.2815415720108687
9732,1.176944713158214,0.07213520693810334,0.23842614088168956
9733,1.0448220398175445,0.026099555414626274,0.26669456426012594
9734,1.16857131027646,0.20410884611801267,0.4386010571972272
9735,1.0871178855201815,0.01,0.3994504505788781
9736,1.1088258409852358,0.3211662719239258,0.4198282154271386
9737,1.056667856099107,0.17275757586214857,0.425159901257653
9738,1.1212507296052767,0.01,0.2850223831673589
9739,1.0889996891621054,0.06249143572677965,0.3457779689678893
9740,1.0215828826395776,0.06799689057066699,0.32796546391839143
9741,0.9976256970277707,0.12398359625215541,0.37444689835914624
9742,0.9764662582939465,0.01,0.29833597228522335
9743,1.052475020609804,0.08788448312340802,0.3286931229381578
9744,1.0652996600546971,0.07251357315582693,0.32682280982771894
9745,1.0628247742054358,0.010807278503593531,0.3634081275436013
9746,1.017980716516794,0.01,0.37307069975811824
9747,0.9596367464948511,0.17633689575063943,0.32789333367646617
9748,0.9769937810779996,0.01,0.33010538523122485
9749,1.0623306946046842,0.13213179115426382,0.33804457788751524
9750,0.9741030020086474,0.16403871770636524,0.45148360580923125
9751,0.9991325407464392,0.062375680119800936,0.18114656690113728
9752,0.9318130603809808,0.08941266229746171,0.24175905737679437
9753,0.9960659929670043,0.20046878007730046,0.37301497998359584
9754,0.9500018333125336,0.013578068204104926,0.3404906880001376
9755,1.0188795154412396,0.023841952917978707,0.33971536566703614
9756,0.9988888133985047,0.03440284156387362,0.3718826487563962
9757,0.9291025405785643,0.20042782077469604,0.33539018906159945
9758,0.9412420384603111,0.21306872400618607,0.27331604954180666
9759,0.9137179515159526,0.01,0.3681514105918557
9760,0.8640123778073537,0.1843517127405441,0.3193058252537676
9761,0.885834568281293,0.16556266882077703,0.2816169919043742
9762,0.9323532127189572,0.23897555659518455,0.3724404712604365
9763,0.9324546075105411,0.12207115328969459,0.3690829260183766
9764,0.9173825677144619,0.0790786497139885,0.33397027363448384
9765,0.8886469360935267,0.19797067917698602,0.4539473643716849
9766,0.9441808329171987,0.15328377553642109,0.4225129892807068
9767,0.8945146290927093,0.30782766073127477,0.3963045850778462
9768,0.9203269921939212,0.1791530637817746,0.5212545549464871
9769,0.790319663515773,0.09858157391152077,0.3040176769503579
9770,0.6767504943776924,0.01,0.2783403030798359
9771,0.8809405760632929,0.02502416346117977,0.3841430979173809
9772,0.7894127522011388,0.01,0.29489316682114136
9773,0.8439481122707527,0.06149893024755616,0.31584812864626904
9774,0.8334059180941542,0.17555657486251158,0.2358104548210329
9775,0.9218418891962962,0.08252742524334607,0.3630070892443054
9776,0.8564543958093463,0.18501181636159197,0.19658417329681965
9777,0.8387524506439177,0.1165414550411365,0.3063402552328808
9778,0.8663368100040025,0.04241968172641121,0.3126175534903159
9779,0.8369633039928699,0.09143629199179172,0.27875374415105786
9780,0.7897297621263485,0.1298283480971901,0.1728506492989538
9781,0.860287203187889,0.09648595807434149,0.17204846023840997
9782,0.7453508936156119,0.09757701704441346,0.2533164121635407
9783,0.8111515393911312,0.01,0.3559256270708202
9784,0.7117878427296099,0.03910102948450897,0.33570712478071973
9785,0.79356763335467,0.3081898214935999,0.3110699811846699
9786,0.7872515668295287,0.2051355133871146,0.24140954387325836
9787,0.8556845912549345,0.01,0.3392591520642113
9788,0.6879015962779363,0.01,0.16783832238158028
9789,0.7304236417582739,0.08974369322900808,0.11982893485660712
9790,0.7959496628920963,0.17141700913850194,0.29189953663879425
9791,0.7659593435148316,0.03002084104088161,0.26745365599353815
9792,0.7526176342693592,0.184126239141219,0.3919841141618599
9793,0.6902360201871001,0.08787120078728734,0.3233618947119513
9794,0.702974391872806,0.0655450306815895,0.4425749375293757
9795,0.789272498504874,0.1574081270178073,0.26645196548018035
9796,0.7189833134839743,0.028554517210114358,0.3490441504592116
9797,0.7348988174738952,0.05301698774985007,0.28971353076908946
9798,0.7049777550077085,0.14864990587874605,0.4202267507691597
9799,0.646224055273997,0.07843918197599618,0.2931587464247086
9800,0.7467453708681984,0.272402035294506,0.3776290715101708
9801,0.7199288809332554,0.15085261774953962,0.2228608962966917
9802,0.8047979405019046,0.14429716401334358,0.2756474237328091
9803,0.6335228189737278,0.07641105747448318,0.3019351212270108
9804,0.7202537997331033,0.16878276681355103,0.40952629355767034
9805,0.6084092178147255,0.048992335060604915,0.1324723683496197
9806,0.6767535202845366,0.10943673677139587,0.2814303381830327
9807,0.7126503233226527,0.01,0.27851819096045666
9808,0.5551965752385097,0.1850349077370885,0.14147356327530808
9809,0.6435750848571251,0.11009719574403279,0.270303564924423
9810,0.6207201409665566,0.27923402590778956,0.18396817264014642
9811,0.6088827206725939,0.3201585874174471,0.12056371878665331
9812,0.658382708157325,0.15720675967458972,0.28582716109612855
9813,0.6903398720036715,0.08766344707723232,0.28291610441853265
9814,0.6228676682573098,0.01,0.2868070904232818
9815,0.6350749297728076,0.17118820686994474,0.32642783588836727
9816,0.6258285140815162,0.10168789204817649,0.2356433656044019
9817,0.6155596557834832,0.1344091645373306,0.4490596637800025
9818,0.5564031566460463,0.25353070015548773,0.3029238692038368
9819,0.6617381943705303,0.01,0.40829816986592693
9820,0.6165667353749239,0.01,0.17078827219467083
9821,0.6170878258613381,0.056748424646549556,0.23821445383483195
9822,0.5526012862899888,0.16245755730717903,0.3596787601193954
9823,0.5655954419285554,0.13577062590735584,0.286445318990225
9824,0.575426564858165,0.01,0.21851313074787934
9825,0.503251408294646,0.15583221808540254,0.15707424581388857
9826,0.49132828202914836,0.01,0.362618222636631
9827,0.5415133712366751,0.01,0.3558875354994926
9828,0.5935464120116823,0.06847100268721193,0.3230225716674677
9829,0.5306823640209095,0.024620283096550524,0.2636821172555915
9830,0.5083674999772936,0.16889606538640128,0.21410524129689285
9831,0.5145920777477797,0.1084947091642612,0.29871188603877796
9832,0.5286283167760921,0.25635975846166126,0.1975230213067502
9833,0.529822442058885,0.05503191946656324,0.24242001807598124
9834,0.651962682565502,0.06747709164564826,0.4032451604211034
9835,0.5926405163033792,0.20068245382464336,0.1540767566222282
9836,0.5874231031595896,0.0704990341722523,0.3561444818744305
9837,0.5909407435976121,0.22893859619538126,0.42127670408455675
9838,0.47895079717360334,0.13356788475332593,0.36684071187258704
9839,0.46420687958978146,0.01,0.3331960049671981
9840,0.4664683816693842,0.19713619566686894,0.2640523212989322
9841,0.5850778614977054,0.17059893376362822,0.24926641277662615
9842,0.4875878477864164,0.1744066465185401,0.12088642973499239
9843,0.4490290801021285,0.01,0.3034970089910032
9844,0.48675144113546054,0.012868762366428685,0.26815694779262184
9845,0.49313058136811433,0.02024451422112046,0.24429327360048134
9846,0.5152967027741504,0.01,0.29832951998259183
9847,0.511294669535017,0.25320183439595295,0.30472567001205914
9848,0.45426538639618386,0.07778014192384165,0.24869177032515072
9849,0.5269410598195877,0.07524821103490223,0.4283831924387597
9850,0.45773922585210736,0.13405255098959284,0.35758546077426406
9851,0.47898288638312214,0.13572933645235896,0.3706401647496743
9852,0.5182906416789993,0.01,0.29047443188448624
9853,0.44907382737417706,0.014058420401519445,0.3394384204250976
9854,0.44996829478926836,0.01,0.22668423374914287
9855,0.5053485245690318,0.11861992778574741,0.35144245756570225
9856,0.4302662800427348,0.04964770161829321,0.2815908708166885
9857,0.4513599822928971,0.08002335898856665,0.21598583407590277
9858,0.4958924260836651,0.01,0.295724752985673
9859,0.5683750174976389,0.04739480366576728,0.27398346631209286
9860,0.49356529297613644,0.18984081538125566,0.48299516911320756
9861,0.4846115658778873,0.21922053738370045,0.3317831290838814
9862,0.4852642422441737,0.1501097646922152,0.42313108484978945
9863,0.4028695417230947,0.01,0.38705888610160566
9864,0.4601743174564351,0.20405937464141197,0.29938072751831823
9865,0.45083233360885183,0.15046735773527026,0.2606632369565213
9866,0.46638702858984643,0.06629620141838836,0.1567452719783208
9867,0.45418152135349416,0.01,0.22609067124388232
9868,0.46545079485654445,0.1732706490672768,0.34858932019174294
9869,0.4290637139715301,0.018642597543096134,0.271201632400118
9870,0.4458005420402827,0.11242392379142482,0.3252408401836955
9871,0.37977363315043344,0.08459487347516771,0.1325564841206681
9872,0.4235267825962151,0.23154316613887965,0.33106309736163847
9873,0.5074831994593044,0.06511518391381607,0.38230397822937184
9874,0.45236376964299096,0.07608877283543632,0.1523284656153822
9875,0.4339217447854633,0.23540995471130705,0.3239180472944976
9876,0.528381169929412,0.01167450957380188,0.40147964381312196
9877,0.36420337796585434,0.15887737181796932,0.42820787087537493
9878,0.37550552073845966,0.057531901537755864,0.2533252112415533
9879,0.5154102248490977,0.01,0.35580389295226206
9880,0.4309323679870697,0.07740644996288931,0.4075971098611335
9881,0.41542826806195743,0.14640935292255775,0.325129024717796
9882,0.3665838484480734,0.2125583501587423,0.3956294400002312
9883,0.4479791769877107,0.22460532360048902,0.2897591501822069
9884,0.4519314119024639,0.047608110830831676,0.32397819357664953
9885,0.3691616062289014,0.01,0.24250943355397908
9886,0.41611439084604623,0.0451079174270946,0.27887539853666077
9887,0.4056582469237968,0.01,0.32654607401735314
9888,0.43460286294723804,0.05514061343121637,0.23592473341083914
9889,0.36527562906588207,0.04266146926912068,0.2735729981746257
9890,0.4833338812465772,0.14952581645078067,0.35213556065075746
9891,0.46609035366731144,0.01,0.4552761564296404
9892,0.40176738194772366,0.01,0.12692249140934547
9893,0.4087966029104674,0.01,0.4488098503717247
9894,0.41255223054562323,0.19528505589481918,0.26970025126938596
9895,0.38027816214597965,0.01,0.36748838648943827
9896,0.3969068475600779,0.09913603821209721,0.3829903465312524
9897,0.40551402402636877,0.06360649759334636,0.4150693349464632
9898,0.4996846920226351,0.1806726624712413,0.23147943520085526
9899,0.46645043254601265,0.13590070093245318,0.2715015998406759
9900,0.4659950076781022,0.08839102627612834,0.2850426653617578
9901,0.4379658122048912,0.02074913814426701,0.2605428232573658
9902,0.3638749304824458,0.01,0.3944457145290216
9903,0.41800294482238204,0.10082283778831086,0.28260605476564243
9904,0.4690025850677381,0.12911252613493585,0.1590760203009068
9905,0.3580300022841441,0.01,0.2377264185883114
9906,0.45330033565999295,0.01,0.16190334128884726
9907,0.5381969018661156,0.10114456855227748,0.2697161876182508
9908,0.47581530929568955,0.10977514898724344,0.3415953396408515
9909,0.49414818222143586,0.01,0.23524143492009847
9910,0.43515005798229817,0.018353428437853418,0.2551652623846397
9911,0.47348018757486493,0.01,0.2652351347562115
9912,0.39010539542500716,0.21338534428846767,0.29828434388966735
9913,0.46676962435270464,0.01,0.3281202804799171
9914,0.4607380384702039,0.12978408164931335,0.3512229337117625
9915,0.44362011139359747,0.07201171760107161,0.4668928267963839
9916,0.4960944635611161,0.20441682742985473,0.29614023863776545
9917,0.4045878992120079,0.01,0.34493323169935636
9918,0.4234707057732901,0.08148219359096326,0.15887459793206918
9919,0.4389563930802042,0.01,0.2553539763238397
9920,0.38412559140811153,0.01,0.2638648680875904
9921,0.4484385899150116,0.1348397177117775,0.20392275972916402
9922,0.3526941866065001,0.01,0.24223839042584397
9923,0.49259986191696087,0.052284397556406,0.27632901632894197
9924,0.4442579902273553,0.17618564171636525,0.24436483524893265
9925,0.4176178612386053,0.14967456180602198,0.49269487820008
9926,0.4037424409883226,0.01,0.3253405349560014
9927,0.4355928424792496,0.01,0.44425081757684953
9928,0.4836573293634862,0.12580570012190806,0.40339170991047996
9929,0.4786155342369885,0.20903200473075395,0.2326506682765527
9930,0.4179974289261077,0.01,0.2866060658240457
9931,0.413079384886628,0.01,0.24862625426736684
9932,0.49039444286157335,0.02216666701790751,0.2702775246942917
9933,0.4236611625612374,0.13176797973004362,0.20491989926301227
9934,0.46506371625819315,0.19740914779406427,0.24752313961856232
9935,0.4706061011540225,0.01,0.31141897533823143
9936,0.4824318349145025,0.01,0.3091188538598855
9937,0.512212592021633,0.3084080535869268,0.30255313255256955
9938,0.4086810077592059,0.05662655352194654,0.2773187288334979
9939,0.3788607673444785,0.0995985558456209,0.3507641097065968
9940,0.4486951904865089,0.01,0.261153399755807
9941,0.5698517788717987,0.12320649421016916,0.3928532803849576
9942,0.5836505855257571,0.17016689371371208,0.13353366512860762
9943,0.5769257066532247,0.10409099933987459,0.33369885313471526
9944,0.47860092146869315,0.24814779876144022,0.32003628668041073
9945,0.4020852638227386,0.041338173859744316,0.2268140244785135
9946,0.37703769060992454,0.0476750602386774,0.25217374305905715
9947,0.4665436709072889,0.09705465023090044,0.3175885011927043
9948,0.4904548363308061,0.12036092006538704,0.353493171316933
9949,0.568559426597661,0.09661025496143817,0.14007454810109027
9950,0.550144456655401,0.01,0.33010466146095924
9951,0.5214065360740933,0.10496869025437781,0.24304638006060375
9952,0.46888189056555596,0.03625068675000913,0.36949527999834214
9953,0.468728418333901,0.01552124815977414,0.13214382830823934
9954,0.5329221338887172,0.07681809209898326,0.47472363410935264
9955,0.5585713983706734,0.01,0.20802251778897407
9956,0.5468704139602922,0.01,0.3931247268653765
9957,0.47915800523984414,0.01,0.27300730571471693
9958,0.5670865319518915,0.24809769445977511,0.21286310348495702
9959,0.5595672796213728,0.12889819384638235,0.2993800537730832
9960,0.48850995832481664,0.061599782721665386,0.36031558345221315
9961,0.5066513718994837,0.01,0.15358390185839302
9962,0.5841685778154972,0.01,0.33374225539000346
9963,0.5419465950957797,0.01,0.2764558524680586
9964,0.637108975750176,0.14466768568857777,0.32340876718180134
9965,0.5867387660882603,0.16724977786686768,0.27793850059959335
9966,0.5414320888788662,0.13721287486194395,0.231126319486075
9967,0.5693849651164508,0.0887742315081839,0.18764144410659694
9968,0.5772458538297486,0.203273843372971,0.33031851378392674
9969,0.5418880361338636,0.03998413181184456,0.3297043876918511
9970,0.5369580193362252,0.18130820324738106,0.3291202544370503
9971,0.6219853875845686,0.03428255722597632,0.3101621492110882
9972,0.6335561790193213,0.01,0.3513464450834807
9973,0.6259059330841188,0.01,0.38807229196306203
9974,0.6759543956303093,0.01,0.1252896585171412
9975,0.5776183031952373,0.1384538874115357,0.08787574992968372
9976,0.6929853723077849,0.01,0.4124719156789331
9977,0.5688365894553438,0.01,0.16756910940938025
9978,0.5679046637432053,0.14377565732584857,0.1877701934774777
9979,0.5352423176424698,0.10515092240248465,0.2514774593905127
9980,0.6056963727927279,0.16856486179267305,0.14198594795736869
9981,0.6075899843308012,0.12351742692405578,0.24359393029646464
9982,0.6639065384040187,0.01,0.19808975220942188
9983,0.6546809253642696,0.07977143834290304,0.2550883455719405
9984,0.5877570600520928,0.08462640434080657,0.295960476617902
9985,0.632730924844781,0.01,0.24590779285668252
9986,0.6387973088420281,0.01,0.24168486823203916
9987,0.5736156385274715,0.01,0.29366623640597744
9988,0.6184524220407913,0.27557929549140087,0.3563879594426243
9989,0.6340842454573156,0.030598719007728467,0.4008999275686226
9990,0.7494709981061056,0.19511190811785917,0.25499800488643504
9991,0.6925662409765118,0.024911310502837472,0.41829060385489436
9992,0.721344721289267,0.16061340777749672,0.3422545459983502
9993,0.6185851859686281,0.1619308876317529,0.1733759713573488
9994,0.7585459356129878,0.16689300098218768,0.17085875654459826
9995,0.7692456093945114,0.11036894433620645,0.22539127904415776
9996,0.6096650637688092,0.20927515977784772,0.386961636559525
9997,0.679744256138446,0.10932622239431822,0.23110306406313647
9998,0.7452615850624316,0.24279615372608765,0.11964315530438083
9999,0.7581908329524286,0.01,0.25254033696890743
